[GIN-debug] [WARNING] Running in "debug" mode. Switch to "release" mode in production.
 - using env:	export GIN_MODE=release
 - using code:	gin.SetMode(gin.ReleaseMode)

[GIN-debug] POST   /api/auth/login           --> go-biz-admin/handlers.(*UserHandler).Login-fm (4 handlers)
[GIN-debug] POST   /api/auth/register        --> go-biz-admin/handlers.(*UserHandler).Register-fm (4 handlers)
[GIN-debug] GET    /health                   --> go-biz-admin/api.SetupRouter.func2 (4 handlers)
[GIN-debug] GET    /api/users                --> go-biz-admin/handlers.(*UserHandler).GetUsers-fm (4 handlers)
[GIN-debug] POST   /api/users                --> go-biz-admin/handlers.(*UserHandler).Register-fm (4 handlers)
[GIN-debug] POST   /api/users/admin          --> go-biz-admin/handlers.(*UserHandler).CreateAdminAccount-fm (4 handlers)
[GIN-debug] GET    /api/users/:id            --> go-biz-admin/handlers.(*UserHandler).GetUser-fm (5 handlers)
[GIN-debug] PUT    /api/users/:id            --> go-biz-admin/handlers.(*UserHandler).UpdateUser-fm (5 handlers)
[GIN-debug] DELETE /api/users/:id            --> go-biz-admin/handlers.(*UserHandler).DeleteUser-fm (5 handlers)
[GIN-debug] GET    /api/users/:id/profile    --> go-biz-admin/handlers.(*UserHandler).GetUserProfile-fm (5 handlers)
[GIN-debug] PUT    /api/users/:id/profile    --> go-biz-admin/handlers.(*UserHandler).UpdateUserProfile-fm (5 handlers)
[GIN-debug] POST   /api/users/:id/verify-identity --> go-biz-admin/handlers.(*UserHandler).VerifyIdentity-fm (5 handlers)
[GIN-debug] PUT    /api/users/:id/avatar     --> go-biz-admin/handlers.(*UserHandler).UpdateUserAvatar-fm (5 handlers)
[GIN-debug] GET    /api/user                 --> go-biz-admin/handlers.(*UserHandler).GetCurrentUser-fm (5 handlers)
[GIN-debug] GET    /api/orders/products      --> go-biz-admin/handlers.(*OrderHandler).GetProductOrders-fm (4 handlers)
[GIN-debug] GET    /api/orders/products/:id  --> go-biz-admin/handlers.(*OrderHandler).GetProductOrder-fm (4 handlers)
[GIN-debug] POST   /api/orders/products      --> go-biz-admin/handlers.(*OrderHandler).CreateProductOrder-fm (4 handlers)
[GIN-debug] PUT    /api/orders/products/:id  --> go-biz-admin/handlers.(*OrderHandler).UpdateProductOrder-fm (4 handlers)
[GIN-debug] GET    /api/orders/renewals      --> go-biz-admin/handlers.(*OrderHandler).GetRenewalOrders-fm (4 handlers)
[GIN-debug] GET    /api/orders/renewals/:id  --> go-biz-admin/handlers.(*OrderHandler).GetRenewalOrder-fm (4 handlers)
[GIN-debug] POST   /api/orders/renewals      --> go-biz-admin/handlers.(*OrderHandler).CreateRenewalOrder-fm (4 handlers)
[GIN-debug] PUT    /api/orders/renewals/:id  --> go-biz-admin/handlers.(*OrderHandler).UpdateRenewalOrder-fm (4 handlers)
[GIN-debug] GET    /api/finance/transactions --> go-biz-admin/handlers.(*FinanceHandler).GetTransactions-fm (4 handlers)
[GIN-debug] GET    /api/finance/transactions/:id --> go-biz-admin/handlers.(*FinanceHandler).GetTransaction-fm (4 handlers)
[GIN-debug] GET    /api/finance/bills        --> go-biz-admin/handlers.(*FinanceHandler).GetBills-fm (4 handlers)
[GIN-debug] GET    /api/finance/bills/:id    --> go-biz-admin/handlers.(*FinanceHandler).GetBill-fm (4 handlers)
[GIN-debug] PUT    /api/finance/bills/:id/pay --> go-biz-admin/handlers.(*FinanceHandler).PayBill-fm (4 handlers)
[GIN-debug] POST   /api/finance/bills        --> go-biz-admin/handlers.(*FinanceHandler).CreateBill-fm (4 handlers)
[GIN-debug] PUT    /api/finance/bills/:id    --> go-biz-admin/handlers.(*FinanceHandler).UpdateBill-fm (4 handlers)
[GIN-debug] GET    /api/tickets              --> go-biz-admin/handlers.(*TicketHandler).GetTickets-fm (4 handlers)
[GIN-debug] GET    /api/tickets/:id          --> go-biz-admin/handlers.(*TicketHandler).GetTicket-fm (4 handlers)
[GIN-debug] POST   /api/tickets              --> go-biz-admin/handlers.(*TicketHandler).CreateTicket-fm (4 handlers)
[GIN-debug] PUT    /api/tickets/:id          --> go-biz-admin/handlers.(*TicketHandler).UpdateTicket-fm (4 handlers)
[GIN-debug] GET    /api/tickets/stats        --> go-biz-admin/handlers.(*TicketHandler).GetTicketStats-fm (4 handlers)
[GIN-debug] GET    /api/system/settings      --> go-biz-admin/handlers.(*SystemHandler).GetSystemSettings-fm (4 handlers)
[GIN-debug] PUT    /api/system/settings      --> go-biz-admin/handlers.(*SystemHandler).UpdateSystemSettings-fm (4 handlers)
[GIN-debug] GET    /api/suppliers            --> go-biz-admin/handlers.(*SystemHandler).GetSuppliers-fm (4 handlers)
[GIN-debug] GET    /api/suppliers/:id        --> go-biz-admin/handlers.(*SystemHandler).GetSupplier-fm (4 handlers)
[GIN-debug] POST   /api/suppliers            --> go-biz-admin/handlers.(*SystemHandler).CreateSupplier-fm (4 handlers)
[GIN-debug] PUT    /api/suppliers/:id        --> go-biz-admin/handlers.(*SystemHandler).UpdateSupplier-fm (4 handlers)
[GIN-debug] DELETE /api/suppliers/:id        --> go-biz-admin/handlers.(*SystemHandler).DeleteSupplier-fm (4 handlers)
[GIN-debug] POST   /api/suppliers/:id/sync   --> go-biz-admin/handlers.(*SystemHandler).SyncSupplierInfo-fm (4 handlers)
[GIN-debug] POST   /api/suppliers/:id/sync-products --> go-biz-admin/handlers.(*SystemHandler).SyncProductsFromSupplier-fm (4 handlers)
[GIN-debug] GET    /api/products             --> go-biz-admin/handlers.(*SystemHandler).GetProducts-fm (4 handlers)
[GIN-debug] GET    /api/products/:id         --> go-biz-admin/handlers.(*SystemHandler).GetProduct-fm (4 handlers)
[GIN-debug] POST   /api/products             --> go-biz-admin/handlers.(*SystemHandler).CreateProduct-fm (4 handlers)
[GIN-debug] PUT    /api/products/:id         --> go-biz-admin/handlers.(*SystemHandler).UpdateProduct-fm (4 handlers)
[GIN-debug] DELETE /api/products/:id         --> go-biz-admin/handlers.(*SystemHandler).DeleteProduct-fm (4 handlers)
[GIN-debug] GET    /api/tasks                --> go-biz-admin/handlers.(*SystemHandler).GetTasks-fm (4 handlers)
[GIN-debug] GET    /api/tasks/:id            --> go-biz-admin/handlers.(*SystemHandler).GetTask-fm (4 handlers)
[GIN-debug] POST   /api/tasks                --> go-biz-admin/handlers.(*SystemHandler).CreateTask-fm (4 handlers)
[GIN-debug] PUT    /api/tasks/:id            --> go-biz-admin/handlers.(*SystemHandler).UpdateTask-fm (4 handlers)
[GIN-debug] POST   /api/tasks/:id/run        --> go-biz-admin/handlers.(*SystemHandler).RunTask-fm (4 handlers)
[GIN-debug] GET    /api/servers              --> go-biz-admin/handlers.(*SystemHandler).GetServers-fm (4 handlers)
[GIN-debug] GET    /api/servers/:id          --> go-biz-admin/handlers.(*SystemHandler).GetServer-fm (4 handlers)
[GIN-debug] POST   /api/servers              --> go-biz-admin/handlers.(*SystemHandler).CreateServer-fm (4 handlers)
[GIN-debug] PUT    /api/servers/:id          --> go-biz-admin/handlers.(*SystemHandler).UpdateServer-fm (4 handlers)
[GIN-debug] DELETE /api/servers/:id          --> go-biz-admin/handlers.(*SystemHandler).DeleteServer-fm (4 handlers)
[GIN-debug] GET    /api/zjmf/user/:id        --> go-biz-admin/handlers.(*ZJMFHandler).GetUserDetail-fm (4 handlers)
[GIN-debug] POST   /api/zjmf/server          --> go-biz-admin/handlers.(*ZJMFHandler).CreateServer-fm (4 handlers)
[GIN-debug] POST   /api/zjmf/sync-servers    --> go-biz-admin/handlers.(*ZJMFHandler).SyncServers-fm (4 handlers)
[GIN-debug] POST   /api/zjmf/info            --> go-biz-admin/handlers.(*ZJMFHandler).GetInfo-fm (4 handlers)
[GIN-debug] POST   /api/zjmf/products        --> go-biz-admin/handlers.(*ZJMFHandler).GetProducts-fm (4 handlers)
[GIN-debug] [WARNING] You trusted all proxies, this is NOT safe. We recommend you to set a value.
Please check https://pkg.go.dev/github.com/gin-gonic/gin#readme-don-t-trust-all-proxies for details.
[GIN-debug] Listening and serving HTTP on :8081
[GIN] 2026/01/28 - 21:18:05 | 204 |      4.3695ms |             ::1 | OPTIONS  "/api/auth/login"
[GIN] 2026/01/28 - 21:18:05 | 200 |     64.1306ms |             ::1 | POST     "/api/auth/login"
[GIN] 2026/01/28 - 21:18:05 | 204 |            0s |             ::1 | OPTIONS  "/api/user"
[GIN] 2026/01/28 - 21:18:05 | 200 |      5.0336ms |             ::1 | GET      "/api/user"
[GIN] 2026/01/28 - 21:18:05 | 204 |            0s |             ::1 | OPTIONS  "/api/user"
[GIN] 2026/01/28 - 21:18:05 | 200 |       3.653ms |             ::1 | GET      "/api/user"
[GIN] 2026/01/28 - 21:18:11 | 204 |            0s |             ::1 | OPTIONS  "/api/user"
[GIN] 2026/01/28 - 21:18:11 | 200 |      3.5407ms |             ::1 | GET      "/api/user"
[GIN] 2026/01/28 - 21:18:11 | 200 |      4.0134ms |             ::1 | GET      "/api/user"
[GIN] 2026/01/28 - 21:18:11 | 200 |      3.2735ms |             ::1 | GET      "/api/user"
[GIN] 2026/01/28 - 21:18:12 | 200 |      3.2796ms |             ::1 | GET      "/api/user"
[GIN] 2026/01/28 - 21:18:13 | 200 |      3.9008ms |             ::1 | GET      "/api/user"
[GIN] 2026/01/28 - 21:18:13 | 204 |            0s |             ::1 | OPTIONS  "/api/users?page=1&limit=10&status=&role="
[GIN] 2026/01/28 - 21:18:13 | 200 |      4.2372ms |             ::1 | GET      "/api/users?page=1&limit=10&status=&role="
[GIN] 2026/01/28 - 21:18:13 | 200 |      3.2468ms |             ::1 | GET      "/api/user"
[GIN] 2026/01/28 - 21:18:13 | 204 |            0s |             ::1 | OPTIONS  "/api/products?page=1&limit=10&status="
[GIN] 2026/01/28 - 21:18:13 | 200 |      2.8852ms |             ::1 | GET      "/api/products?page=1&limit=10&status="
[GIN] 2026/01/28 - 21:18:14 | 200 |      3.9648ms |             ::1 | GET      "/api/user"
[GIN] 2026/01/28 - 21:18:14 | 204 |            0s |             ::1 | OPTIONS  "/api/orders/products?page=1&limit=10&status=&user_id="
[GIN] 2026/01/28 - 21:18:14 | 204 |            0s |             ::1 | OPTIONS  "/api/orders/renewals?page=1&limit=10&status=&user_id="
[GIN] 2026/01/28 - 21:18:14 | 200 |      2.3021ms |             ::1 | GET      "/api/orders/products?page=1&limit=10&status=&user_id="
[GIN] 2026/01/28 - 21:18:14 | 200 |      8.2677ms |             ::1 | GET      "/api/orders/renewals?page=1&limit=10&status=&user_id="
[GIN] 2026/01/28 - 21:18:15 | 200 |       3.821ms |             ::1 | GET      "/api/user"
[GIN] 2026/01/28 - 21:18:16 | 200 |      3.5611ms |             ::1 | GET      "/api/user"
[GIN] 2026/01/28 - 21:18:17 | 200 |      3.8269ms |             ::1 | GET      "/api/user"
[GIN] 2026/01/28 - 21:18:17 | 204 |            0s |             ::1 | OPTIONS  "/api/suppliers?page=1&limit=10&status="
[GIN] 2026/01/28 - 21:18:17 | 200 |      2.7994ms |             ::1 | GET      "/api/suppliers?page=1&limit=10&status="
[GIN] 2026/01/28 - 21:18:18 | 200 |        3.83ms |             ::1 | GET      "/api/user"
[GIN] 2026/01/28 - 21:18:18 | 204 |            0s |             ::1 | OPTIONS  "/api/tasks?page=1&limit=10&status=&task_type="
[GIN] 2026/01/28 - 21:18:18 | 200 |       2.993ms |             ::1 | GET      "/api/tasks?page=1&limit=10&status=&task_type="
[GIN] 2026/01/28 - 21:18:19 | 200 |      3.4035ms |             ::1 | GET      "/api/user"
[GIN] 2026/01/28 - 21:18:19 | 204 |            0s |             ::1 | OPTIONS  "/api/system/settings"
[GIN] 2026/01/28 - 21:18:19 | 200 |            0s |             ::1 | GET      "/api/system/settings"
[GIN] 2026/01/28 - 21:18:20 | 200 |      3.3679ms |             ::1 | GET      "/api/user"
[GIN] 2026/01/28 - 21:18:20 | 204 |            0s |             ::1 | OPTIONS  "/api/products?page=1&limit=10&status="
[GIN] 2026/01/28 - 21:18:20 | 200 |      2.2639ms |             ::1 | GET      "/api/products?page=1&limit=10&status="
[GIN] 2026/01/28 - 21:18:21 | 200 |      3.7187ms |             ::1 | GET      "/api/user"
[GIN] 2026/01/28 - 21:18:21 | 204 |            0s |             ::1 | OPTIONS  "/api/users?page=1&limit=10&status=&role="
[GIN] 2026/01/28 - 21:18:21 | 200 |      2.0438ms |             ::1 | GET      "/api/users?page=1&limit=10&status=&role="
[GIN] 2026/01/28 - 21:18:22 | 200 |      3.0126ms |             ::1 | GET      "/api/user"
[GIN] 2026/01/28 - 21:18:22 | 200 |      4.4712ms |             ::1 | GET      "/api/user"
[GIN] 2026/01/28 - 21:18:22 | 204 |            0s |             ::1 | OPTIONS  "/api/products?page=1&limit=10&status="
[GIN] 2026/01/28 - 21:18:22 | 200 |      2.6799ms |             ::1 | GET      "/api/products?page=1&limit=10&status="
[GIN] 2026/01/28 - 21:18:23 | 200 |      3.7371ms |             ::1 | GET      "/api/user"
[GIN] 2026/01/28 - 21:18:23 | 204 |            0s |             ::1 | OPTIONS  "/api/orders/products?page=1&limit=10&status=&user_id="
[GIN] 2026/01/28 - 21:18:23 | 204 |            0s |             ::1 | OPTIONS  "/api/orders/renewals?page=1&limit=10&status=&user_id="
[GIN] 2026/01/28 - 21:18:23 | 200 |      2.6401ms |             ::1 | GET      "/api/orders/renewals?page=1&limit=10&status=&user_id="
[GIN] 2026/01/28 - 21:18:23 | 200 |      2.6401ms |             ::1 | GET      "/api/orders/products?page=1&limit=10&status=&user_id="
[GIN] 2026/01/28 - 21:18:34 | 200 |      3.0785ms |             ::1 | GET      "/api/user"
[GIN] 2026/01/28 - 21:18:36 | 200 |      3.1385ms |             ::1 | GET      "/api/user"
[GIN] 2026/01/28 - 21:18:36 | 204 |            0s |             ::1 | OPTIONS  "/api/users?page=1&limit=10&status=&role="
[GIN] 2026/01/28 - 21:18:36 | 200 |      2.5188ms |             ::1 | GET      "/api/users?page=1&limit=10&status=&role="
[GIN] 2026/01/28 - 21:18:40 | 200 |      3.4455ms |             ::1 | GET      "/api/user"
[GIN] 2026/01/28 - 21:18:40 | 204 |            0s |             ::1 | OPTIONS  "/api/products?page=1&limit=10&status="
[GIN] 2026/01/28 - 21:18:40 | 200 |      1.6244ms |             ::1 | GET      "/api/products?page=1&limit=10&status="
[GIN] 2026/01/28 - 21:18:41 | 200 |       3.228ms |             ::1 | GET      "/api/user"
[GIN] 2026/01/28 - 21:18:41 | 204 |            0s |             ::1 | OPTIONS  "/api/orders/products?page=1&limit=10&status=&user_id="
[GIN] 2026/01/28 - 21:18:41 | 204 |            0s |             ::1 | OPTIONS  "/api/orders/renewals?page=1&limit=10&status=&user_id="
[GIN] 2026/01/28 - 21:18:41 | 200 |      1.6864ms |             ::1 | GET      "/api/orders/products?page=1&limit=10&status=&user_id="
[GIN] 2026/01/28 - 21:18:41 | 200 |      1.6864ms |             ::1 | GET      "/api/orders/renewals?page=1&limit=10&status=&user_id="
[GIN] 2026/01/28 - 21:18:42 | 200 |      3.7135ms |             ::1 | GET      "/api/user"
[GIN] 2026/01/28 - 21:18:44 | 200 |      3.7417ms |             ::1 | GET      "/api/user"
[GIN] 2026/01/28 - 21:18:47 | 200 |      3.8401ms |             ::1 | GET      "/api/user"
[GIN] 2026/01/28 - 21:18:47 | 204 |            0s |             ::1 | OPTIONS  "/api/suppliers?page=1&limit=10&status="
[GIN] 2026/01/28 - 21:18:47 | 200 |      2.1803ms |             ::1 | GET      "/api/suppliers?page=1&limit=10&status="
[GIN-debug] [WARNING] Running in "debug" mode. Switch to "release" mode in production.
 - using env:	export GIN_MODE=release
 - using code:	gin.SetMode(gin.ReleaseMode)

[GIN-debug] POST   /api/auth/login           --> go-biz-admin/handlers.(*UserHandler).Login-fm (4 handlers)
[GIN-debug] POST   /api/auth/register        --> go-biz-admin/handlers.(*UserHandler).Register-fm (4 handlers)
[GIN-debug] GET    /health                   --> go-biz-admin/api.SetupRouter.func2 (4 handlers)
[GIN-debug] GET    /api/users                --> go-biz-admin/handlers.(*UserHandler).GetUsers-fm (4 handlers)
[GIN-debug] POST   /api/users                --> go-biz-admin/handlers.(*UserHandler).Register-fm (4 handlers)
[GIN-debug] POST   /api/users/admin          --> go-biz-admin/handlers.(*UserHandler).CreateAdminAccount-fm (4 handlers)
[GIN-debug] GET    /api/users/:id            --> go-biz-admin/handlers.(*UserHandler).GetUser-fm (5 handlers)
[GIN-debug] PUT    /api/users/:id            --> go-biz-admin/handlers.(*UserHandler).UpdateUser-fm (5 handlers)
[GIN-debug] DELETE /api/users/:id            --> go-biz-admin/handlers.(*UserHandler).DeleteUser-fm (5 handlers)
[GIN-debug] GET    /api/users/:id/profile    --> go-biz-admin/handlers.(*UserHandler).GetUserProfile-fm (5 handlers)
[GIN-debug] PUT    /api/users/:id/profile    --> go-biz-admin/handlers.(*UserHandler).UpdateUserProfile-fm (5 handlers)
[GIN-debug] POST   /api/users/:id/verify-identity --> go-biz-admin/handlers.(*UserHandler).VerifyIdentity-fm (5 handlers)
[GIN-debug] PUT    /api/users/:id/avatar     --> go-biz-admin/handlers.(*UserHandler).UpdateUserAvatar-fm (5 handlers)
[GIN-debug] GET    /api/user                 --> go-biz-admin/handlers.(*UserHandler).GetCurrentUser-fm (5 handlers)
[GIN-debug] GET    /api/orders/products      --> go-biz-admin/handlers.(*OrderHandler).GetProductOrders-fm (4 handlers)
[GIN-debug] GET    /api/orders/products/:id  --> go-biz-admin/handlers.(*OrderHandler).GetProductOrder-fm (4 handlers)
[GIN-debug] POST   /api/orders/products      --> go-biz-admin/handlers.(*OrderHandler).CreateProductOrder-fm (4 handlers)
[GIN-debug] PUT    /api/orders/products/:id  --> go-biz-admin/handlers.(*OrderHandler).UpdateProductOrder-fm (4 handlers)
[GIN-debug] GET    /api/orders/renewals      --> go-biz-admin/handlers.(*OrderHandler).GetRenewalOrders-fm (4 handlers)
[GIN-debug] GET    /api/orders/renewals/:id  --> go-biz-admin/handlers.(*OrderHandler).GetRenewalOrder-fm (4 handlers)
[GIN-debug] POST   /api/orders/renewals      --> go-biz-admin/handlers.(*OrderHandler).CreateRenewalOrder-fm (4 handlers)
[GIN-debug] PUT    /api/orders/renewals/:id  --> go-biz-admin/handlers.(*OrderHandler).UpdateRenewalOrder-fm (4 handlers)
[GIN-debug] GET    /api/finance/transactions --> go-biz-admin/handlers.(*FinanceHandler).GetTransactions-fm (4 handlers)
[GIN-debug] GET    /api/finance/transactions/:id --> go-biz-admin/handlers.(*FinanceHandler).GetTransaction-fm (4 handlers)
[GIN-debug] GET    /api/finance/bills        --> go-biz-admin/handlers.(*FinanceHandler).GetBills-fm (4 handlers)
[GIN-debug] GET    /api/finance/bills/:id    --> go-biz-admin/handlers.(*FinanceHandler).GetBill-fm (4 handlers)
[GIN-debug] PUT    /api/finance/bills/:id/pay --> go-biz-admin/handlers.(*FinanceHandler).PayBill-fm (4 handlers)
[GIN-debug] POST   /api/finance/bills        --> go-biz-admin/handlers.(*FinanceHandler).CreateBill-fm (4 handlers)
[GIN-debug] PUT    /api/finance/bills/:id    --> go-biz-admin/handlers.(*FinanceHandler).UpdateBill-fm (4 handlers)
[GIN-debug] GET    /api/tickets              --> go-biz-admin/handlers.(*TicketHandler).GetTickets-fm (4 handlers)
[GIN-debug] GET    /api/tickets/:id          --> go-biz-admin/handlers.(*TicketHandler).GetTicket-fm (4 handlers)
[GIN-debug] POST   /api/tickets              --> go-biz-admin/handlers.(*TicketHandler).CreateTicket-fm (4 handlers)
[GIN-debug] PUT    /api/tickets/:id          --> go-biz-admin/handlers.(*TicketHandler).UpdateTicket-fm (4 handlers)
[GIN-debug] GET    /api/tickets/stats        --> go-biz-admin/handlers.(*TicketHandler).GetTicketStats-fm (4 handlers)
[GIN-debug] GET    /api/system/settings      --> go-biz-admin/handlers.(*SystemHandler).GetSystemSettings-fm (4 handlers)
[GIN-debug] PUT    /api/system/settings      --> go-biz-admin/handlers.(*SystemHandler).UpdateSystemSettings-fm (4 handlers)
[GIN-debug] GET    /api/suppliers            --> go-biz-admin/handlers.(*SystemHandler).GetSuppliers-fm (4 handlers)
[GIN-debug] GET    /api/suppliers/:id        --> go-biz-admin/handlers.(*SystemHandler).GetSupplier-fm (4 handlers)
[GIN-debug] POST   /api/suppliers            --> go-biz-admin/handlers.(*SystemHandler).CreateSupplier-fm (4 handlers)
[GIN-debug] PUT    /api/suppliers/:id        --> go-biz-admin/handlers.(*SystemHandler).UpdateSupplier-fm (4 handlers)
[GIN-debug] DELETE /api/suppliers/:id        --> go-biz-admin/handlers.(*SystemHandler).DeleteSupplier-fm (4 handlers)
[GIN-debug] POST   /api/suppliers/:id/sync   --> go-biz-admin/handlers.(*SystemHandler).SyncSupplierInfo-fm (4 handlers)
[GIN-debug] POST   /api/suppliers/:id/sync-products --> go-biz-admin/handlers.(*SystemHandler).SyncProductsFromSupplier-fm (4 handlers)
[GIN-debug] GET    /api/products             --> go-biz-admin/handlers.(*SystemHandler).GetProducts-fm (4 handlers)
[GIN-debug] GET    /api/products/:id         --> go-biz-admin/handlers.(*SystemHandler).GetProduct-fm (4 handlers)
[GIN-debug] POST   /api/products             --> go-biz-admin/handlers.(*SystemHandler).CreateProduct-fm (4 handlers)
[GIN-debug] PUT    /api/products/:id         --> go-biz-admin/handlers.(*SystemHandler).UpdateProduct-fm (4 handlers)
[GIN-debug] DELETE /api/products/:id         --> go-biz-admin/handlers.(*SystemHandler).DeleteProduct-fm (4 handlers)
[GIN-debug] GET    /api/tasks                --> go-biz-admin/handlers.(*SystemHandler).GetTasks-fm (4 handlers)
[GIN-debug] GET    /api/tasks/:id            --> go-biz-admin/handlers.(*SystemHandler).GetTask-fm (4 handlers)
[GIN-debug] POST   /api/tasks                --> go-biz-admin/handlers.(*SystemHandler).CreateTask-fm (4 handlers)
[GIN-debug] PUT    /api/tasks/:id            --> go-biz-admin/handlers.(*SystemHandler).UpdateTask-fm (4 handlers)
[GIN-debug] POST   /api/tasks/:id/run        --> go-biz-admin/handlers.(*SystemHandler).RunTask-fm (4 handlers)
[GIN-debug] GET    /api/servers              --> go-biz-admin/handlers.(*SystemHandler).GetServers-fm (4 handlers)
[GIN-debug] GET    /api/servers/:id          --> go-biz-admin/handlers.(*SystemHandler).GetServer-fm (4 handlers)
[GIN-debug] POST   /api/servers              --> go-biz-admin/handlers.(*SystemHandler).CreateServer-fm (4 handlers)
[GIN-debug] PUT    /api/servers/:id          --> go-biz-admin/handlers.(*SystemHandler).UpdateServer-fm (4 handlers)
[GIN-debug] DELETE /api/servers/:id          --> go-biz-admin/handlers.(*SystemHandler).DeleteServer-fm (4 handlers)
[GIN-debug] GET    /api/zjmf/user/:id        --> go-biz-admin/handlers.(*ZJMFHandler).GetUserDetail-fm (4 handlers)
[GIN-debug] POST   /api/zjmf/server          --> go-biz-admin/handlers.(*ZJMFHandler).CreateServer-fm (4 handlers)
[GIN-debug] POST   /api/zjmf/sync-servers    --> go-biz-admin/handlers.(*ZJMFHandler).SyncServers-fm (4 handlers)
[GIN-debug] POST   /api/zjmf/info            --> go-biz-admin/handlers.(*ZJMFHandler).GetInfo-fm (4 handlers)
[GIN-debug] POST   /api/zjmf/products        --> go-biz-admin/handlers.(*ZJMFHandler).GetProducts-fm (4 handlers)
[GIN-debug] [WARNING] You trusted all proxies, this is NOT safe. We recommend you to set a value.
Please check https://pkg.go.dev/github.com/gin-gonic/gin#readme-don-t-trust-all-proxies for details.
[GIN-debug] Listening and serving HTTP on :8081
[GIN] 2026/02/01 - 07:26:06 | 204 |            0s |             ::1 | OPTIONS  "/api/auth/login"
[GIN] 2026/02/01 - 07:26:06 | 401 |       523.3µs |             ::1 | POST     "/api/auth/login"
[GIN] 2026/02/01 - 07:26:07 | 401 |            0s |             ::1 | POST     "/api/auth/login"
[GIN] 2026/02/01 - 07:26:07 | 401 |       809.4µs |             ::1 | POST     "/api/auth/login"
[GIN] 2026/02/01 - 07:26:08 | 401 |            0s |             ::1 | POST     "/api/auth/login"
[GIN] 2026/02/01 - 07:26:08 | 401 |            0s |             ::1 | POST     "/api/auth/login"
[GIN] 2026/02/01 - 07:26:08 | 401 |            0s |             ::1 | POST     "/api/auth/login"
[GIN] 2026/02/01 - 07:26:08 | 401 |            0s |             ::1 | POST     "/api/auth/login"
[GIN] 2026/02/01 - 07:26:09 | 401 |            0s |             ::1 | POST     "/api/auth/login"
[GIN] 2026/02/01 - 07:26:09 | 401 |            0s |             ::1 | POST     "/api/auth/login"
[GIN] 2026/02/01 - 07:26:10 | 401 |            0s |             ::1 | POST     "/api/auth/login"
[GIN] 2026/02/01 - 07:26:10 | 401 |      1.0369ms |             ::1 | POST     "/api/auth/login"
[GIN] 2026/02/01 - 07:26:10 | 401 |            0s |             ::1 | POST     "/api/auth/login"
[GIN] 2026/02/01 - 07:26:10 | 401 |            0s |             ::1 | POST     "/api/auth/login"
[GIN] 2026/02/01 - 07:26:10 | 401 |            0s |             ::1 | POST     "/api/auth/login"
[GIN] 2026/02/01 - 07:26:10 | 401 |            0s |             ::1 | POST     "/api/auth/login"
[GIN] 2026/02/01 - 07:26:10 | 401 |            0s |             ::1 | POST     "/api/auth/login"
[GIN] 2026/02/01 - 07:26:11 | 401 |       510.6µs |             ::1 | POST     "/api/auth/login"
[GIN] 2026/02/01 - 07:26:11 | 401 |      1.5034ms |             ::1 | POST     "/api/auth/login"
[GIN] 2026/02/01 - 07:29:17 | 500 |       503.1µs |             ::1 | GET      "/api/products"
[GIN-debug] [WARNING] Running in "debug" mode. Switch to "release" mode in production.
 - using env:	export GIN_MODE=release
 - using code:	gin.SetMode(gin.ReleaseMode)

[GIN-debug] POST   /api/auth/login           --> go-biz-admin/handlers.(*UserHandler).Login-fm (4 handlers)
[GIN-debug] POST   /api/auth/register        --> go-biz-admin/handlers.(*UserHandler).Register-fm (4 handlers)
[GIN-debug] GET    /api/users                --> go-biz-admin/handlers.(*UserHandler).GetUsers-fm (4 handlers)
[GIN-debug] POST   /api/users                --> go-biz-admin/handlers.(*UserHandler).Register-fm (4 handlers)
[GIN-debug] POST   /api/users/admin          --> go-biz-admin/handlers.(*UserHandler).CreateAdminAccount-fm (4 handlers)
[GIN-debug] GET    /api/user                 --> go-biz-admin/handlers.(*UserHandler).GetCurrentUser-fm (5 handlers)
[GIN-debug] GET    /api/suppliers            --> go-biz-admin/handlers.(*SystemHandler).GetSuppliers-fm (4 handlers)
[GIN-debug] GET    /api/suppliers/:id        --> go-biz-admin/handlers.(*SystemHandler).GetSupplier-fm (4 handlers)
[GIN-debug] POST   /api/suppliers            --> go-biz-admin/handlers.(*SystemHandler).CreateSupplier-fm (4 handlers)
[GIN-debug] PUT    /api/suppliers/:id        --> go-biz-admin/handlers.(*SystemHandler).UpdateSupplier-fm (4 handlers)
[GIN-debug] DELETE /api/suppliers/:id        --> go-biz-admin/handlers.(*SystemHandler).DeleteSupplier-fm (4 handlers)
[GIN-debug] POST   /api/suppliers/:id/sync   --> go-biz-admin/handlers.(*SystemHandler).SyncSupplierInfo-fm (4 handlers)
[GIN-debug] POST   /api/suppliers/:id/sync-products --> go-biz-admin/handlers.(*SystemHandler).SyncProductsFromSupplier-fm (4 handlers)
[GIN-debug] GET    /api/zjmf/suppliers       --> go-biz-admin/handlers.(*ZJMFHandler).GetSuppliers-fm (4 handlers)
[GIN-debug] GET    /admin/v1/supplier/:id    --> go-biz-admin/handlers.(*SystemHandler).AdminGetSupplierDetail-fm (6 handlers)
[GIN-debug] [WARNING] You trusted all proxies, this is NOT safe. We recommend you to set a value.
Please check https://pkg.go.dev/github.com/gin-gonic/gin#readme-don-t-trust-all-proxies for details.
[GIN-debug] Listening and serving HTTP on :8081
[GIN-debug] [WARNING] Running in "debug" mode. Switch to "release" mode in production.
 - using env:	export GIN_MODE=release
 - using code:	gin.SetMode(gin.ReleaseMode)

[GIN-debug] POST   /api/auth/login           --> go-biz-admin/handlers.(*UserHandler).Login-fm (4 handlers)
[GIN-debug] POST   /api/auth/register        --> go-biz-admin/handlers.(*UserHandler).Register-fm (4 handlers)
[GIN-debug] GET    /api/users                --> go-biz-admin/handlers.(*UserHandler).GetUsers-fm (4 handlers)
[GIN-debug] POST   /api/users                --> go-biz-admin/handlers.(*UserHandler).Register-fm (4 handlers)
[GIN-debug] POST   /api/users/admin          --> go-biz-admin/handlers.(*UserHandler).CreateAdminAccount-fm (4 handlers)
[GIN-debug] GET    /api/user                 --> go-biz-admin/handlers.(*UserHandler).GetCurrentUser-fm (5 handlers)
[GIN-debug] GET    /api/suppliers            --> go-biz-admin/handlers.(*SystemHandler).GetSuppliers-fm (4 handlers)
[GIN-debug] GET    /api/suppliers/:id        --> go-biz-admin/handlers.(*SystemHandler).GetSupplier-fm (4 handlers)
[GIN-debug] POST   /api/suppliers            --> go-biz-admin/handlers.(*SystemHandler).CreateSupplier-fm (4 handlers)
[GIN-debug] PUT    /api/suppliers/:id        --> go-biz-admin/handlers.(*SystemHandler).UpdateSupplier-fm (4 handlers)
[GIN-debug] DELETE /api/suppliers/:id        --> go-biz-admin/handlers.(*SystemHandler).DeleteSupplier-fm (4 handlers)
[GIN-debug] POST   /api/suppliers/:id/sync   --> go-biz-admin/handlers.(*SystemHandler).SyncSupplierInfo-fm (4 handlers)
[GIN-debug] POST   /api/suppliers/:id/sync-products --> go-biz-admin/handlers.(*SystemHandler).SyncProductsFromSupplier-fm (4 handlers)
[GIN-debug] GET    /api/zjmf/suppliers       --> go-biz-admin/handlers.(*ZJMFHandler).GetSuppliers-fm (4 handlers)
[GIN-debug] GET    /admin/v1/supplier/:id    --> go-biz-admin/handlers.(*SystemHandler).AdminGetSupplierDetail-fm (6 handlers)
[GIN-debug] [WARNING] You trusted all proxies, this is NOT safe. We recommend you to set a value.
Please check https://pkg.go.dev/github.com/gin-gonic/gin#readme-don-t-trust-all-proxies for details.
[GIN-debug] Listening and serving HTTP on :8081
[GIN-debug] [WARNING] Running in "debug" mode. Switch to "release" mode in production.
 - using env:	export GIN_MODE=release
 - using code:	gin.SetMode(gin.ReleaseMode)

[GIN-debug] POST   /api/auth/login           --> go-biz-admin/handlers.(*UserHandler).Login-fm (4 handlers)
[GIN-debug] POST   /api/auth/register        --> go-biz-admin/handlers.(*UserHandler).Register-fm (4 handlers)
[GIN-debug] GET    /api/users                --> go-biz-admin/handlers.(*UserHandler).GetUsers-fm (4 handlers)
[GIN-debug] POST   /api/users                --> go-biz-admin/handlers.(*UserHandler).Register-fm (4 handlers)
[GIN-debug] POST   /api/users/admin          --> go-biz-admin/handlers.(*UserHandler).CreateAdminAccount-fm (4 handlers)
[GIN-debug] GET    /api/user                 --> go-biz-admin/handlers.(*UserHandler).GetCurrentUser-fm (5 handlers)
[GIN-debug] GET    /api/suppliers            --> go-biz-admin/handlers.(*SystemHandler).GetSuppliers-fm (4 handlers)
[GIN-debug] GET    /api/suppliers/:id        --> go-biz-admin/handlers.(*SystemHandler).GetSupplier-fm (4 handlers)
[GIN-debug] POST   /api/suppliers            --> go-biz-admin/handlers.(*SystemHandler).CreateSupplier-fm (4 handlers)
[GIN-debug] DELETE /api/suppliers/:id        --> go-biz-admin/handlers.(*SystemHandler).DeleteSupplier-fm (4 handlers)
[GIN-debug] POST   /api/suppliers/:id/sync   --> go-biz-admin/handlers.(*SystemHandler).SyncSupplierInfo-fm (4 handlers)
[GIN-debug] POST   /api/suppliers/:id/sync-products --> go-biz-admin/handlers.(*SystemHandler).SyncProductsFromSupplier-fm (4 handlers)
[GIN-debug] GET    /api/zjmf/suppliers       --> go-biz-admin/handlers.(*ZJMFHandler).GetSuppliers-fm (4 handlers)
[GIN-debug] GET    /api/zjmf/user/:id        --> go-biz-admin/handlers.(*ZJMFHandler).GetUserDetail-fm (4 handlers)
[GIN-debug] POST   /api/zjmf/server          --> go-biz-admin/handlers.(*ZJMFHandler).CreateServer-fm (4 handlers)
[GIN-debug] POST   /api/zjmf/sync-servers    --> go-biz-admin/handlers.(*ZJMFHandler).SyncServers-fm (4 handlers)
[GIN-debug] POST   /api/zjmf/info            --> go-biz-admin/handlers.(*ZJMFHandler).GetInfo-fm (4 handlers)
[GIN-debug] POST   /api/zjmf/products        --> go-biz-admin/handlers.(*ZJMFHandler).GetProducts-fm (4 handlers)
[GIN-debug] GET    /admin/v1/supplier/:id    --> go-biz-admin/handlers.(*SystemHandler).AdminGetSupplierDetail-fm (6 handlers)
[GIN-debug] GET    /admin/v1/upstream/host   --> go-biz-admin/handlers.(*UpstreamProductHandler).GetProductList-fm (6 handlers)
[GIN-debug] GET    /admin/v1/upstream/host/:id --> go-biz-admin/handlers.(*UpstreamProductHandler).GetProductByID-fm (6 handlers)
[GIN-debug] POST   /admin/v1/upstream/host   --> go-biz-admin/handlers.(*UpstreamProductHandler).CreateProduct-fm (6 handlers)
[GIN-debug] PUT    /admin/v1/upstream/host/:id --> go-biz-admin/handlers.(*UpstreamProductHandler).UpdateProduct-fm (6 handlers)
[GIN-debug] DELETE /admin/v1/upstream/host/:id --> go-biz-admin/handlers.(*UpstreamProductHandler).DeleteProduct-fm (6 handlers)
[GIN-debug] GET    /admin/v1/upstream/host/status-options --> go-biz-admin/handlers.(*UpstreamProductHandler).GetStatusOptions-fm (6 handlers)
[GIN-debug] GET    /admin/v1/upstream/host/billing-cycle-options --> go-biz-admin/handlers.(*UpstreamProductHandler).GetBillingCycleOptions-fm (6 handlers)
[GIN-debug] [WARNING] You trusted all proxies, this is NOT safe. We recommend you to set a value.
Please check https://pkg.go.dev/github.com/gin-gonic/gin#readme-don-t-trust-all-proxies for details.
[GIN-debug] Listening and serving HTTP on :8081
[GIN] 2026/02/01 - 17:41:28 | 404 |            0s |             ::1 | GET      "/api/products"
[GIN] 2026/02/01 - 17:41:30 | 204 |            0s |             ::1 | OPTIONS  "/api/auth/login"
[GIN] 2026/02/01 - 17:41:30 | 401 |     20.5044ms |             ::1 | POST     "/api/auth/login"
[GIN] 2026/02/01 - 17:41:43 | 204 |            0s |             ::1 | OPTIONS  "/api/auth/register"
[GIN] 2026/02/01 - 17:41:43 | 201 |    155.5752ms |             ::1 | POST     "/api/auth/register"
[GIN] 2026/02/01 - 17:41:46 | 200 |      51.997ms |             ::1 | POST     "/api/auth/login"
[GIN] 2026/02/01 - 17:41:46 | 204 |            0s |             ::1 | OPTIONS  "/api/user"


[31m2026/02/01 17:41:46 [Recovery] 2026/02/01 - 17:41:46 panic recovered:
GET /api/user HTTP/1.1
Host: localhost:8081
Accept: application/json, text/plain, */*
Accept-Encoding: gzip, deflate, br, zstd
Accept-Language: zh-CN,zh;q=0.9,en;q=0.8,en-GB;q=0.7,en-US;q=0.6
Authorization: *
Connection: keep-alive
Origin: http://localhost:5173
Referer: http://localhost:5173/
Sec-Ch-Ua: "Not(A:Brand";v="8", "Chromium";v="144", "Microsoft Edge";v="144"
Sec-Ch-Ua-Mobile: ?0
Sec-Ch-Ua-Platform: "Windows"
Sec-Fetch-Dest: empty
Sec-Fetch-Mode: cors
Sec-Fetch-Site: same-site
User-Agent: Mozilla/5.0 (Windows NT 10.0; Win64; x64) AppleWebKit/537.36 (KHTML, like Gecko) Chrome/144.0.0.0 Safari/537.36 Edg/144.0.0.0


interface conversion: interface {} is nil, not string
C:/Program Files/Go/src/runtime/iface.go:275 (0x7ff6c5737464)
	panicdottypeE: panic(&TypeAssertionError{iface, have, want, ""})
C:/Users/23711/Desktop/项目/项目1/1.05.1/go-biz-admin/middleware/auth.go:46 (0x7ff6c5d4b11c)
	SetupRouter.JWTAuthMiddleware.func3: role := claims["role"].(string)
C:/Users/23711/go/pkg/mod/github.com/gin-gonic/gin@v1.9.1/context.go:174 (0x7ff6c5d3458e)
	(*Context).Next: c.handlers[c.index](c)
C:/Users/23711/go/pkg/mod/github.com/gin-gonic/gin@v1.9.1/recovery.go:102 (0x7ff6c5d3457b)
	CustomRecoveryWithWriter.func1: c.Next()
C:/Users/23711/go/pkg/mod/github.com/gin-gonic/gin@v1.9.1/context.go:174 (0x7ff6c5d3367c)
	(*Context).Next: c.handlers[c.index](c)
C:/Users/23711/go/pkg/mod/github.com/gin-gonic/gin@v1.9.1/logger.go:240 (0x7ff6c5d33663)
	LoggerWithConfig.func1: c.Next()
C:/Users/23711/go/pkg/mod/github.com/gin-gonic/gin@v1.9.1/context.go:174 (0x7ff6c5d32bad)
	(*Context).Next: c.handlers[c.index](c)
C:/Users/23711/go/pkg/mod/github.com/gin-gonic/gin@v1.9.1/gin.go:620 (0x7ff6c5d32847)
	(*Engine).handleHTTPRequest: c.Next()
C:/Users/23711/go/pkg/mod/github.com/gin-gonic/gin@v1.9.1/gin.go:576 (0x7ff6c5d3238c)
	(*Engine).ServeHTTP: engine.handleHTTPRequest(c)
C:/Program Files/Go/src/net/http/server.go:3340 (0x7ff6c5a2832d)
	serverHandler.ServeHTTP: handler.ServeHTTP(rw, req)
C:/Program Files/Go/src/net/http/server.go:2109 (0x7ff6c5a06d24)
	(*conn).serve: serverHandler{c.server}.ServeHTTP(w, w.req)
C:/Program Files/Go/src/runtime/asm_amd64.s:1693 (0x7ff6c57a03a0)
	goexit: BYTE	$0x90	// NOP
[0m
[GIN] 2026/02/01 - 17:41:46 | 500 |      1.9146ms |             ::1 | GET      "/api/user"
[GIN-debug] [WARNING] Running in "debug" mode. Switch to "release" mode in production.
 - using env:	export GIN_MODE=release
 - using code:	gin.SetMode(gin.ReleaseMode)

[GIN-debug] POST   /api/auth/login           --> go-biz-admin/handlers.(*UserHandler).Login-fm (4 handlers)
[GIN-debug] POST   /api/auth/register        --> go-biz-admin/handlers.(*UserHandler).Register-fm (4 handlers)
[GIN-debug] GET    /api/users                --> go-biz-admin/handlers.(*UserHandler).GetUsers-fm (4 handlers)
[GIN-debug] POST   /api/users                --> go-biz-admin/handlers.(*UserHandler).Register-fm (4 handlers)
[GIN-debug] POST   /api/users/admin          --> go-biz-admin/handlers.(*UserHandler).CreateAdminAccount-fm (4 handlers)
[GIN-debug] GET    /api/user                 --> go-biz-admin/handlers.(*UserHandler).GetCurrentUser-fm (5 handlers)
[GIN-debug] GET    /api/suppliers            --> go-biz-admin/handlers.(*SystemHandler).GetSuppliers-fm (4 handlers)
[GIN-debug] GET    /api/suppliers/:id        --> go-biz-admin/handlers.(*SystemHandler).GetSupplier-fm (4 handlers)
[GIN-debug] POST   /api/suppliers            --> go-biz-admin/handlers.(*SystemHandler).CreateSupplier-fm (4 handlers)
[GIN-debug] DELETE /api/suppliers/:id        --> go-biz-admin/handlers.(*SystemHandler).DeleteSupplier-fm (4 handlers)
[GIN-debug] POST   /api/suppliers/:id/sync   --> go-biz-admin/handlers.(*SystemHandler).SyncSupplierInfo-fm (4 handlers)
[GIN-debug] POST   /api/suppliers/:id/sync-products --> go-biz-admin/handlers.(*SystemHandler).SyncProductsFromSupplier-fm (4 handlers)
[GIN-debug] GET    /api/zjmf/suppliers       --> go-biz-admin/handlers.(*ZJMFHandler).GetSuppliers-fm (4 handlers)
[GIN-debug] GET    /api/zjmf/user/:id        --> go-biz-admin/handlers.(*ZJMFHandler).GetUserDetail-fm (4 handlers)
[GIN-debug] POST   /api/zjmf/server          --> go-biz-admin/handlers.(*ZJMFHandler).CreateServer-fm (4 handlers)
[GIN-debug] POST   /api/zjmf/sync-servers    --> go-biz-admin/handlers.(*ZJMFHandler).SyncServers-fm (4 handlers)
[GIN-debug] POST   /api/zjmf/info            --> go-biz-admin/handlers.(*ZJMFHandler).GetInfo-fm (4 handlers)
[GIN-debug] POST   /api/zjmf/products        --> go-biz-admin/handlers.(*ZJMFHandler).GetProducts-fm (4 handlers)
[GIN-debug] GET    /admin/v1/supplier/:id    --> go-biz-admin/handlers.(*SystemHandler).AdminGetSupplierDetail-fm (6 handlers)
[GIN-debug] GET    /admin/v1/upstream/host   --> go-biz-admin/handlers.(*UpstreamProductHandler).GetProductList-fm (6 handlers)
[GIN-debug] GET    /admin/v1/upstream/host/:id --> go-biz-admin/handlers.(*UpstreamProductHandler).GetProductByID-fm (6 handlers)
[GIN-debug] POST   /admin/v1/upstream/host   --> go-biz-admin/handlers.(*UpstreamProductHandler).CreateProduct-fm (6 handlers)
[GIN-debug] PUT    /admin/v1/upstream/host/:id --> go-biz-admin/handlers.(*UpstreamProductHandler).UpdateProduct-fm (6 handlers)
[GIN-debug] DELETE /admin/v1/upstream/host/:id --> go-biz-admin/handlers.(*UpstreamProductHandler).DeleteProduct-fm (6 handlers)
[GIN-debug] GET    /admin/v1/upstream/host/status-options --> go-biz-admin/handlers.(*UpstreamProductHandler).GetStatusOptions-fm (6 handlers)
[GIN-debug] GET    /admin/v1/upstream/host/billing-cycle-options --> go-biz-admin/handlers.(*UpstreamProductHandler).GetBillingCycleOptions-fm (6 handlers)
[GIN-debug] [WARNING] You trusted all proxies, this is NOT safe. We recommend you to set a value.
Please check https://pkg.go.dev/github.com/gin-gonic/gin#readme-don-t-trust-all-proxies for details.
[GIN-debug] Listening and serving HTTP on :8081
[GIN] 2026/02/01 - 17:44:36 | 204 |       503.8µs |             ::1 | OPTIONS  "/api/auth/login"
[GIN] 2026/02/01 - 17:44:36 | 200 |      54.585ms |             ::1 | POST     "/api/auth/login"
[GIN] 2026/02/01 - 17:44:36 | 204 |            0s |             ::1 | OPTIONS  "/api/user"
[GIN] 2026/02/01 - 17:44:36 | 200 |      4.9999ms |             ::1 | GET      "/api/user"
[GIN] 2026/02/01 - 17:44:36 | 204 |            0s |             ::1 | OPTIONS  "/api/products"
[GIN] 2026/02/01 - 17:44:36 | 204 |            0s |             ::1 | OPTIONS  "/api/user"
[GIN] 2026/02/01 - 17:44:36 | 404 |            0s |             ::1 | GET      "/api/products"
[GIN] 2026/02/01 - 17:44:36 | 200 |      3.4704ms |             ::1 | GET      "/api/user"
[GIN] 2026/02/01 - 17:44:54 | 204 |            0s |             ::1 | OPTIONS  "/api/user"
[GIN] 2026/02/01 - 17:44:54 | 204 |            0s |             ::1 | OPTIONS  "/api/products"
[GIN] 2026/02/01 - 17:44:54 | 200 |      3.5711ms |             ::1 | GET      "/api/user"
[GIN] 2026/02/01 - 17:44:54 | 404 |            0s |             ::1 | GET      "/api/products"
[GIN] 2026/02/01 - 17:44:56 | 204 |            0s |             ::1 | OPTIONS  "/api/user"
[GIN] 2026/02/01 - 17:44:56 | 200 |      3.8163ms |             ::1 | GET      "/api/user"
[GIN] 2026/02/01 - 17:44:56 | 200 |      3.4456ms |             ::1 | GET      "/api/user"
[GIN] 2026/02/01 - 17:44:56 | 200 |      4.4779ms |             ::1 | GET      "/api/user"
[GIN] 2026/02/01 - 17:44:58 | 200 |      4.5535ms |             ::1 | GET      "/api/user"
[GIN] 2026/02/01 - 17:44:58 | 204 |            0s |             ::1 | OPTIONS  "/api/tasks?page=1&limit=10&status=&task_type="
[GIN] 2026/02/01 - 17:44:58 | 404 |            0s |             ::1 | GET      "/api/tasks?page=1&limit=10&status=&task_type="
[GIN] 2026/02/01 - 17:44:59 | 200 |      3.3624ms |             ::1 | GET      "/api/user"
[GIN] 2026/02/01 - 17:44:59 | 204 |            0s |             ::1 | OPTIONS  "/api/system/settings"
[GIN] 2026/02/01 - 17:44:59 | 404 |            0s |             ::1 | GET      "/api/system/settings"
[GIN] 2026/02/01 - 17:45:02 | 200 |       3.978ms |             ::1 | GET      "/api/user"
[GIN] 2026/02/01 - 17:45:02 | 204 |            0s |             ::1 | OPTIONS  "/api/tasks?page=1&limit=10&status=&task_type="
[GIN] 2026/02/01 - 17:45:02 | 404 |            0s |             ::1 | GET      "/api/tasks?page=1&limit=10&status=&task_type="
[GIN] 2026/02/01 - 17:45:03 | 200 |      4.2839ms |             ::1 | GET      "/api/user"
[GIN] 2026/02/01 - 17:45:03 | 204 |            0s |             ::1 | OPTIONS  "/api/suppliers?page=1&limit=10&status="
[GIN] 2026/02/01 - 17:45:03 | 200 |      2.3604ms |             ::1 | GET      "/api/suppliers?page=1&limit=10&status="
[GIN] 2026/02/01 - 17:45:06 | 204 |            0s |             ::1 | OPTIONS  "/api/servers?page=1&limit=10&status=&server_type="
[GIN] 2026/02/01 - 17:45:06 | 404 |            0s |             ::1 | GET      "/api/servers?page=1&limit=10&status=&server_type="
[GIN] 2026/02/01 - 17:45:07 | 204 |            0s |             ::1 | OPTIONS  "/api/products?page=1&limit=10&status="
[GIN] 2026/02/01 - 17:45:07 | 404 |            0s |             ::1 | GET      "/api/products?page=1&limit=10&status="
[GIN] 2026/02/01 - 17:45:07 | 204 |            0s |             ::1 | OPTIONS  "/api/suppliers?page=1&limit=10&status="
[GIN] 2026/02/01 - 17:45:07 | 200 |      2.2318ms |             ::1 | GET      "/api/suppliers?page=1&limit=10&status="
[GIN] 2026/02/01 - 17:45:08 | 200 |      3.3918ms |             ::1 | GET      "/api/user"
[GIN] 2026/02/01 - 17:45:08 | 204 |            0s |             ::1 | OPTIONS  "/api/products?page=1&limit=10&status="
[GIN] 2026/02/01 - 17:45:08 | 404 |            0s |             ::1 | GET      "/api/products?page=1&limit=10&status="
[GIN] 2026/02/01 - 17:45:09 | 200 |       3.528ms |             ::1 | GET      "/api/user"
[GIN] 2026/02/01 - 17:45:09 | 204 |            0s |             ::1 | OPTIONS  "/api/users?page=1&limit=10&status=&role="
[GIN] 2026/02/01 - 17:45:09 | 200 |      2.6382ms |             ::1 | GET      "/api/users?page=1&limit=10&status=&role="
[GIN] 2026/02/01 - 17:45:10 | 200 |      4.0204ms |             ::1 | GET      "/api/user"
[GIN] 2026/02/01 - 17:45:11 | 200 |      4.1701ms |             ::1 | GET      "/api/user"
[GIN] 2026/02/01 - 17:45:11 | 204 |            0s |             ::1 | OPTIONS  "/api/users?page=1&limit=10&status=&role="
[GIN] 2026/02/01 - 17:45:11 | 200 |      2.3714ms |             ::1 | GET      "/api/users?page=1&limit=10&status=&role="
[GIN] 2026/02/01 - 17:45:12 | 200 |      3.6819ms |             ::1 | GET      "/api/user"
[GIN] 2026/02/01 - 17:45:12 | 204 |            0s |             ::1 | OPTIONS  "/api/products?page=1&limit=10&status="
[GIN] 2026/02/01 - 17:45:12 | 404 |            0s |             ::1 | GET      "/api/products?page=1&limit=10&status="
[GIN] 2026/02/01 - 17:45:16 | 200 |      4.0381ms |             ::1 | GET      "/api/user"
[GIN] 2026/02/01 - 17:45:27 | 200 |      3.0293ms |             ::1 | GET      "/api/user"
[GIN] 2026/02/01 - 17:45:27 | 204 |            0s |             ::1 | OPTIONS  "/api/products?page=1&limit=10&status="
[GIN] 2026/02/01 - 17:45:27 | 404 |            0s |             ::1 | GET      "/api/products?page=1&limit=10&status="
[GIN] 2026/02/01 - 17:45:28 | 200 |      3.4934ms |             ::1 | GET      "/api/user"
[GIN] 2026/02/01 - 17:45:28 | 204 |            0s |             ::1 | OPTIONS  "/api/users?page=1&limit=10&status=&role="
[GIN] 2026/02/01 - 17:45:28 | 200 |      1.8374ms |             ::1 | GET      "/api/users?page=1&limit=10&status=&role="
[GIN] 2026/02/01 - 17:45:28 | 200 |      3.2977ms |             ::1 | GET      "/api/user"
[GIN] 2026/02/01 - 17:45:29 | 200 |      3.4934ms |             ::1 | GET      "/api/user"
[GIN] 2026/02/01 - 17:45:29 | 204 |            0s |             ::1 | OPTIONS  "/api/users?page=1&limit=10&status=&role="
[GIN] 2026/02/01 - 17:45:29 | 200 |      1.7797ms |             ::1 | GET      "/api/users?page=1&limit=10&status=&role="
[GIN] 2026/02/01 - 17:45:29 | 200 |      4.1245ms |             ::1 | GET      "/api/user"
[GIN] 2026/02/01 - 17:45:29 | 204 |            0s |             ::1 | OPTIONS  "/api/products?page=1&limit=10&status="
[GIN] 2026/02/01 - 17:45:29 | 404 |            0s |             ::1 | GET      "/api/products?page=1&limit=10&status="
[GIN] 2026/02/01 - 17:45:29 | 200 |      3.2552ms |             ::1 | GET      "/api/user"
[GIN] 2026/02/01 - 17:45:29 | 204 |       909.6µs |             ::1 | OPTIONS  "/api/suppliers?page=1&limit=10&status="
[GIN] 2026/02/01 - 17:45:29 | 200 |      2.5169ms |             ::1 | GET      "/api/suppliers?page=1&limit=10&status="
[GIN] 2026/02/01 - 17:45:30 | 200 |      3.3815ms |             ::1 | GET      "/api/user"
[GIN] 2026/02/01 - 17:45:30 | 204 |            0s |             ::1 | OPTIONS  "/api/tasks?page=1&limit=10&status=&task_type="
[GIN] 2026/02/01 - 17:45:30 | 404 |            0s |             ::1 | GET      "/api/tasks?page=1&limit=10&status=&task_type="
[GIN] 2026/02/01 - 17:45:30 | 200 |      3.1581ms |             ::1 | GET      "/api/user"
[GIN] 2026/02/01 - 17:45:30 | 204 |            0s |             ::1 | OPTIONS  "/api/system/settings"
[GIN] 2026/02/01 - 17:45:30 | 404 |            0s |             ::1 | GET      "/api/system/settings"
[GIN] 2026/02/01 - 17:45:31 | 200 |      3.0897ms |             ::1 | GET      "/api/user"
[GIN] 2026/02/01 - 17:45:31 | 204 |            0s |             ::1 | OPTIONS  "/api/tasks?page=1&limit=10&status=&task_type="
[GIN] 2026/02/01 - 17:45:31 | 404 |            0s |             ::1 | GET      "/api/tasks?page=1&limit=10&status=&task_type="
[GIN] 2026/02/01 - 17:45:31 | 200 |      3.7168ms |             ::1 | GET      "/api/user"
[GIN] 2026/02/01 - 17:48:11 | 204 |            0s |             ::1 | OPTIONS  "/api/user"
[GIN] 2026/02/01 - 17:48:11 | 200 |      3.6725ms |             ::1 | GET      "/api/user"
[GIN] 2026/02/01 - 17:48:11 | 200 |      7.1629ms |             ::1 | GET      "/api/user"
[GIN] 2026/02/01 - 17:48:12 | 200 |      4.1461ms |             ::1 | GET      "/api/user"
[GIN] 2026/02/01 - 17:49:10 | 404 |            0s |             ::1 | GET      "/api/products"
[GIN] 2026/02/01 - 17:49:18 | 204 |            0s |             ::1 | OPTIONS  "/api/auth/login"
[GIN] 2026/02/01 - 17:49:18 | 200 |     55.3535ms |             ::1 | POST     "/api/auth/login"
[GIN] 2026/02/01 - 17:49:18 | 204 |            0s |             ::1 | OPTIONS  "/api/user"
[GIN] 2026/02/01 - 17:49:18 | 200 |      4.9437ms |             ::1 | GET      "/api/user"
[GIN] 2026/02/01 - 17:49:18 | 204 |       552.9µs |             ::1 | OPTIONS  "/api/products"
[GIN] 2026/02/01 - 17:49:18 | 204 |            0s |             ::1 | OPTIONS  "/api/user"
[GIN] 2026/02/01 - 17:49:18 | 404 |            0s |             ::1 | GET      "/api/products"
[GIN] 2026/02/01 - 17:49:18 | 200 |      3.4084ms |             ::1 | GET      "/api/user"
[GIN] 2026/02/01 - 17:49:21 | 204 |            0s |             ::1 | OPTIONS  "/api/user"
[GIN] 2026/02/01 - 17:49:21 | 200 |      3.2496ms |             ::1 | GET      "/api/user"
[GIN] 2026/02/01 - 17:49:21 | 200 |        3.37ms |             ::1 | GET      "/api/user"
[GIN] 2026/02/01 - 17:49:21 | 200 |      3.5294ms |             ::1 | GET      "/api/user"
[GIN] 2026/02/01 - 17:49:25 | 200 |      4.4307ms |             ::1 | GET      "/api/user"
[GIN] 2026/02/01 - 17:49:38 | 200 |      4.6883ms |             ::1 | GET      "/api/user"
[GIN] 2026/02/01 - 17:49:40 | 200 |      4.6934ms |             ::1 | GET      "/api/user"
[GIN] 2026/02/01 - 17:49:53 | 200 |      4.5312ms |             ::1 | GET      "/api/user"
[GIN] 2026/02/01 - 17:49:53 | 204 |            0s |             ::1 | OPTIONS  "/api/suppliers?page=1&limit=10&status="
[GIN] 2026/02/01 - 17:49:53 | 200 |       2.579ms |             ::1 | GET      "/api/suppliers?page=1&limit=10&status="
[GIN] 2026/02/01 - 17:50:05 | 204 |            0s |             ::1 | OPTIONS  "/api/suppliers"
[GIN] 2026/02/01 - 17:50:05 | 400 |            0s |             ::1 | POST     "/api/suppliers"
[GIN] 2026/02/01 - 17:50:15 | 204 |            0s |             ::1 | OPTIONS  "/api/user"
[GIN] 2026/02/01 - 17:50:15 | 204 |            0s |             ::1 | OPTIONS  "/api/user"
[GIN] 2026/02/01 - 17:50:15 | 200 |      4.1649ms |             ::1 | GET      "/api/user"
[GIN] 2026/02/01 - 17:50:15 | 200 |      3.5624ms |             ::1 | GET      "/api/user"
[GIN] 2026/02/01 - 17:50:15 | 200 |      2.8179ms |             ::1 | GET      "/api/user"
[GIN] 2026/02/01 - 17:50:15 | 200 |      6.9039ms |             ::1 | GET      "/api/user"
[GIN] 2026/02/01 - 17:50:16 | 200 |      3.0746ms |             ::1 | GET      "/api/user"
[GIN] 2026/02/01 - 17:50:16 | 200 |      3.6199ms |             ::1 | GET      "/api/user"
[GIN] 2026/02/01 - 17:50:16 | 204 |            0s |             ::1 | OPTIONS  "/api/suppliers?page=1&limit=10&status="
[GIN] 2026/02/01 - 17:50:16 | 200 |      2.1002ms |             ::1 | GET      "/api/suppliers?page=1&limit=10&status="
[GIN-debug] [WARNING] Running in "debug" mode. Switch to "release" mode in production.
 - using env:	export GIN_MODE=release
 - using code:	gin.SetMode(gin.ReleaseMode)

[GIN-debug] POST   /api/auth/login           --> go-biz-admin/handlers.(*UserHandler).Login-fm (4 handlers)
[GIN-debug] POST   /api/auth/register        --> go-biz-admin/handlers.(*UserHandler).Register-fm (4 handlers)
[GIN-debug] GET    /api/users                --> go-biz-admin/handlers.(*UserHandler).GetUsers-fm (4 handlers)
[GIN-debug] POST   /api/users                --> go-biz-admin/handlers.(*UserHandler).Register-fm (4 handlers)
[GIN-debug] POST   /api/users/admin          --> go-biz-admin/handlers.(*UserHandler).CreateAdminAccount-fm (4 handlers)
[GIN-debug] GET    /api/user                 --> go-biz-admin/handlers.(*UserHandler).GetCurrentUser-fm (5 handlers)
[GIN-debug] GET    /api/suppliers            --> go-biz-admin/handlers.(*SystemHandler).GetSuppliers-fm (4 handlers)
[GIN-debug] GET    /api/suppliers/:id        --> go-biz-admin/handlers.(*SystemHandler).GetSupplier-fm (4 handlers)
[GIN-debug] POST   /api/suppliers            --> go-biz-admin/handlers.(*SystemHandler).CreateSupplier-fm (4 handlers)
[GIN-debug] DELETE /api/suppliers/:id        --> go-biz-admin/handlers.(*SystemHandler).DeleteSupplier-fm (4 handlers)
[GIN-debug] POST   /api/suppliers/:id/sync   --> go-biz-admin/handlers.(*SystemHandler).SyncSupplierInfo-fm (4 handlers)
[GIN-debug] POST   /api/suppliers/:id/sync-products --> go-biz-admin/handlers.(*SystemHandler).SyncProductsFromSupplier-fm (4 handlers)
[GIN-debug] GET    /api/zjmf/suppliers       --> go-biz-admin/handlers.(*ZJMFHandler).GetSuppliers-fm (4 handlers)
[GIN-debug] GET    /api/zjmf/user/:id        --> go-biz-admin/handlers.(*ZJMFHandler).GetUserDetail-fm (4 handlers)
[GIN-debug] POST   /api/zjmf/server          --> go-biz-admin/handlers.(*ZJMFHandler).CreateServer-fm (4 handlers)
[GIN-debug] POST   /api/zjmf/sync-servers    --> go-biz-admin/handlers.(*ZJMFHandler).SyncServers-fm (4 handlers)
[GIN-debug] POST   /api/zjmf/info            --> go-biz-admin/handlers.(*ZJMFHandler).GetInfo-fm (4 handlers)
[GIN-debug] POST   /api/zjmf/products        --> go-biz-admin/handlers.(*ZJMFHandler).GetProducts-fm (4 handlers)
[GIN-debug] GET    /admin/v1/supplier/:id    --> go-biz-admin/handlers.(*SystemHandler).AdminGetSupplierDetail-fm (6 handlers)
[GIN-debug] GET    /admin/v1/upstream/host   --> go-biz-admin/handlers.(*UpstreamProductHandler).GetProductList-fm (6 handlers)
[GIN-debug] GET    /admin/v1/upstream/host/:id --> go-biz-admin/handlers.(*UpstreamProductHandler).GetProductByID-fm (6 handlers)
[GIN-debug] POST   /admin/v1/upstream/host   --> go-biz-admin/handlers.(*UpstreamProductHandler).CreateProduct-fm (6 handlers)
[GIN-debug] PUT    /admin/v1/upstream/host/:id --> go-biz-admin/handlers.(*UpstreamProductHandler).UpdateProduct-fm (6 handlers)
[GIN-debug] DELETE /admin/v1/upstream/host/:id --> go-biz-admin/handlers.(*UpstreamProductHandler).DeleteProduct-fm (6 handlers)
[GIN-debug] GET    /admin/v1/upstream/host/status-options --> go-biz-admin/handlers.(*UpstreamProductHandler).GetStatusOptions-fm (6 handlers)
[GIN-debug] GET    /admin/v1/upstream/host/billing-cycle-options --> go-biz-admin/handlers.(*UpstreamProductHandler).GetBillingCycleOptions-fm (6 handlers)
[GIN-debug] [WARNING] You trusted all proxies, this is NOT safe. We recommend you to set a value.
Please check https://pkg.go.dev/github.com/gin-gonic/gin#readme-don-t-trust-all-proxies for details.
[GIN-debug] Listening and serving HTTP on :8081
[GIN-debug] [ERROR] listen tcp :8081: bind: Only one usage of each socket address (protocol/network address/port) is normally permitted.
[GIN-debug] [WARNING] Running in "debug" mode. Switch to "release" mode in production.
 - using env:	export GIN_MODE=release
 - using code:	gin.SetMode(gin.ReleaseMode)

[GIN-debug] POST   /api/auth/login           --> go-biz-admin/handlers.(*UserHandler).Login-fm (4 handlers)
[GIN-debug] POST   /api/auth/register        --> go-biz-admin/handlers.(*UserHandler).Register-fm (4 handlers)
[GIN-debug] GET    /api/users                --> go-biz-admin/handlers.(*UserHandler).GetUsers-fm (4 handlers)
[GIN-debug] POST   /api/users                --> go-biz-admin/handlers.(*UserHandler).Register-fm (4 handlers)
[GIN-debug] POST   /api/users/admin          --> go-biz-admin/handlers.(*UserHandler).CreateAdminAccount-fm (4 handlers)
[GIN-debug] GET    /api/user                 --> go-biz-admin/handlers.(*UserHandler).GetCurrentUser-fm (5 handlers)
[GIN-debug] GET    /api/suppliers            --> go-biz-admin/handlers.(*SystemHandler).GetSuppliers-fm (4 handlers)
[GIN-debug] GET    /api/suppliers/:id        --> go-biz-admin/handlers.(*SystemHandler).GetSupplier-fm (4 handlers)
[GIN-debug] POST   /api/suppliers            --> go-biz-admin/handlers.(*SystemHandler).CreateSupplier-fm (4 handlers)
[GIN-debug] DELETE /api/suppliers/:id        --> go-biz-admin/handlers.(*SystemHandler).DeleteSupplier-fm (4 handlers)
[GIN-debug] POST   /api/suppliers/:id/sync   --> go-biz-admin/handlers.(*SystemHandler).SyncSupplierInfo-fm (4 handlers)
[GIN-debug] POST   /api/suppliers/:id/sync-products --> go-biz-admin/handlers.(*SystemHandler).SyncProductsFromSupplier-fm (4 handlers)
[GIN-debug] GET    /api/zjmf/suppliers       --> go-biz-admin/handlers.(*ZJMFHandler).GetSuppliers-fm (4 handlers)
[GIN-debug] GET    /api/zjmf/user/:id        --> go-biz-admin/handlers.(*ZJMFHandler).GetUserDetail-fm (4 handlers)
[GIN-debug] POST   /api/zjmf/server          --> go-biz-admin/handlers.(*ZJMFHandler).CreateServer-fm (4 handlers)
[GIN-debug] POST   /api/zjmf/sync-servers    --> go-biz-admin/handlers.(*ZJMFHandler).SyncServers-fm (4 handlers)
[GIN-debug] POST   /api/zjmf/info            --> go-biz-admin/handlers.(*ZJMFHandler).GetInfo-fm (4 handlers)
[GIN-debug] POST   /api/zjmf/products        --> go-biz-admin/handlers.(*ZJMFHandler).GetProducts-fm (4 handlers)
[GIN-debug] GET    /admin/v1/supplier/:id    --> go-biz-admin/handlers.(*SystemHandler).AdminGetSupplierDetail-fm (6 handlers)
[GIN-debug] GET    /admin/v1/upstream/host   --> go-biz-admin/handlers.(*UpstreamProductHandler).GetProductList-fm (6 handlers)
[GIN-debug] GET    /admin/v1/upstream/host/:id --> go-biz-admin/handlers.(*UpstreamProductHandler).GetProductByID-fm (6 handlers)
[GIN-debug] POST   /admin/v1/upstream/host   --> go-biz-admin/handlers.(*UpstreamProductHandler).CreateProduct-fm (6 handlers)
[GIN-debug] PUT    /admin/v1/upstream/host/:id --> go-biz-admin/handlers.(*UpstreamProductHandler).UpdateProduct-fm (6 handlers)
[GIN-debug] DELETE /admin/v1/upstream/host/:id --> go-biz-admin/handlers.(*UpstreamProductHandler).DeleteProduct-fm (6 handlers)
[GIN-debug] GET    /admin/v1/upstream/host/status-options --> go-biz-admin/handlers.(*UpstreamProductHandler).GetStatusOptions-fm (6 handlers)
[GIN-debug] GET    /admin/v1/upstream/host/billing-cycle-options --> go-biz-admin/handlers.(*UpstreamProductHandler).GetBillingCycleOptions-fm (6 handlers)
[GIN-debug] [WARNING] You trusted all proxies, this is NOT safe. We recommend you to set a value.
Please check https://pkg.go.dev/github.com/gin-gonic/gin#readme-don-t-trust-all-proxies for details.
[GIN-debug] Listening and serving HTTP on :8082
[GIN-debug] [WARNING] Running in "debug" mode. Switch to "release" mode in production.
 - using env:	export GIN_MODE=release
 - using code:	gin.SetMode(gin.ReleaseMode)

[GIN-debug] POST   /api/auth/login           --> go-biz-admin/handlers.(*UserHandler).Login-fm (4 handlers)
[GIN-debug] POST   /api/auth/register        --> go-biz-admin/handlers.(*UserHandler).Register-fm (4 handlers)
[GIN-debug] GET    /api/users                --> go-biz-admin/handlers.(*UserHandler).GetUsers-fm (4 handlers)
[GIN-debug] POST   /api/users                --> go-biz-admin/handlers.(*UserHandler).Register-fm (4 handlers)
[GIN-debug] POST   /api/users/admin          --> go-biz-admin/handlers.(*UserHandler).CreateAdminAccount-fm (4 handlers)
[GIN-debug] GET    /api/user                 --> go-biz-admin/handlers.(*UserHandler).GetCurrentUser-fm (5 handlers)
[GIN-debug] GET    /api/suppliers            --> go-biz-admin/handlers.(*SystemHandler).GetSuppliers-fm (4 handlers)
[GIN-debug] GET    /api/suppliers/:id        --> go-biz-admin/handlers.(*SystemHandler).GetSupplier-fm (4 handlers)
[GIN-debug] POST   /api/suppliers            --> go-biz-admin/handlers.(*SystemHandler).CreateSupplier-fm (4 handlers)
[GIN-debug] DELETE /api/suppliers/:id        --> go-biz-admin/handlers.(*SystemHandler).DeleteSupplier-fm (4 handlers)
[GIN-debug] POST   /api/suppliers/:id/sync   --> go-biz-admin/handlers.(*SystemHandler).SyncSupplierInfo-fm (4 handlers)
[GIN-debug] POST   /api/suppliers/:id/sync-products --> go-biz-admin/handlers.(*SystemHandler).SyncProductsFromSupplier-fm (4 handlers)
[GIN-debug] GET    /api/zjmf/suppliers       --> go-biz-admin/handlers.(*ZJMFHandler).GetSuppliers-fm (4 handlers)
[GIN-debug] GET    /api/zjmf/user/:id        --> go-biz-admin/handlers.(*ZJMFHandler).GetUserDetail-fm (4 handlers)
[GIN-debug] POST   /api/zjmf/server          --> go-biz-admin/handlers.(*ZJMFHandler).CreateServer-fm (4 handlers)
[GIN-debug] POST   /api/zjmf/sync-servers    --> go-biz-admin/handlers.(*ZJMFHandler).SyncServers-fm (4 handlers)
[GIN-debug] POST   /api/zjmf/info            --> go-biz-admin/handlers.(*ZJMFHandler).GetInfo-fm (4 handlers)
[GIN-debug] POST   /api/zjmf/products        --> go-biz-admin/handlers.(*ZJMFHandler).GetProducts-fm (4 handlers)
[GIN-debug] GET    /admin/v1/supplier/:id    --> go-biz-admin/handlers.(*SystemHandler).AdminGetSupplierDetail-fm (6 handlers)
[GIN-debug] GET    /admin/v1/upstream/host   --> go-biz-admin/handlers.(*UpstreamProductHandler).GetProductList-fm (6 handlers)
[GIN-debug] GET    /admin/v1/upstream/host/:id --> go-biz-admin/handlers.(*UpstreamProductHandler).GetProductByID-fm (6 handlers)
[GIN-debug] POST   /admin/v1/upstream/host   --> go-biz-admin/handlers.(*UpstreamProductHandler).CreateProduct-fm (6 handlers)
[GIN-debug] PUT    /admin/v1/upstream/host/:id --> go-biz-admin/handlers.(*UpstreamProductHandler).UpdateProduct-fm (6 handlers)
[GIN-debug] DELETE /admin/v1/upstream/host/:id --> go-biz-admin/handlers.(*UpstreamProductHandler).DeleteProduct-fm (6 handlers)
[GIN-debug] GET    /admin/v1/upstream/host/status-options --> go-biz-admin/handlers.(*UpstreamProductHandler).GetStatusOptions-fm (6 handlers)
[GIN-debug] GET    /admin/v1/upstream/host/billing-cycle-options --> go-biz-admin/handlers.(*UpstreamProductHandler).GetBillingCycleOptions-fm (6 handlers)
[GIN-debug] [WARNING] You trusted all proxies, this is NOT safe. We recommend you to set a value.
Please check https://pkg.go.dev/github.com/gin-gonic/gin#readme-don-t-trust-all-proxies for details.
[GIN-debug] Listening and serving HTTP on :8081
[GIN] 2026/02/01 - 17:56:44 | 200 |     53.1536ms |             ::1 | POST     "/api/auth/login"
[GIN] 2026/02/01 - 17:56:44 | 204 |            0s |             ::1 | OPTIONS  "/api/user"
[GIN] 2026/02/01 - 17:56:44 | 200 |      4.5939ms |             ::1 | GET      "/api/user"
[GIN] 2026/02/01 - 17:56:44 | 204 |            0s |             ::1 | OPTIONS  "/api/products"
[GIN] 2026/02/01 - 17:56:44 | 204 |            0s |             ::1 | OPTIONS  "/api/user"
[GIN] 2026/02/01 - 17:56:44 | 404 |            0s |             ::1 | GET      "/api/products"
[GIN] 2026/02/01 - 17:56:44 | 200 |       3.374ms |             ::1 | GET      "/api/user"
[GIN] 2026/02/01 - 17:56:46 | 204 |            0s |             ::1 | OPTIONS  "/api/user"
[GIN] 2026/02/01 - 17:56:46 | 200 |      3.3294ms |             ::1 | GET      "/api/user"
[GIN] 2026/02/01 - 17:56:46 | 200 |      7.8562ms |             ::1 | GET      "/api/user"
[GIN] 2026/02/01 - 17:56:46 | 200 |      2.8522ms |             ::1 | GET      "/api/user"
[GIN] 2026/02/01 - 17:56:47 | 200 |       3.549ms |             ::1 | GET      "/api/user"
[GIN] 2026/02/01 - 17:56:48 | 200 |           3ms |             ::1 | GET      "/api/user"
[GIN] 2026/02/01 - 17:56:48 | 204 |            0s |             ::1 | OPTIONS  "/api/users?page=1&limit=10&status=&role="
[GIN] 2026/02/01 - 17:56:48 | 200 |      1.5488ms |             ::1 | GET      "/api/users?page=1&limit=10&status=&role="
[GIN] 2026/02/01 - 17:56:49 | 200 |      3.3191ms |             ::1 | GET      "/api/user"
[GIN] 2026/02/01 - 17:56:49 | 204 |            0s |             ::1 | OPTIONS  "/api/products?page=1&limit=10&status="
[GIN] 2026/02/01 - 17:56:49 | 404 |            0s |             ::1 | GET      "/api/products?page=1&limit=10&status="
[GIN] 2026/02/01 - 17:56:50 | 200 |      3.3679ms |             ::1 | GET      "/api/user"
[GIN] 2026/02/01 - 17:56:50 | 204 |            0s |             ::1 | OPTIONS  "/api/orders/products?page=1&limit=10&status=&user_id="
[GIN] 2026/02/01 - 17:56:50 | 204 |            0s |             ::1 | OPTIONS  "/api/orders/renewals?page=1&limit=10&status=&user_id="
[GIN] 2026/02/01 - 17:56:50 | 404 |            0s |             ::1 | GET      "/api/orders/products?page=1&limit=10&status=&user_id="
[GIN] 2026/02/01 - 17:56:50 | 404 |            0s |             ::1 | GET      "/api/orders/renewals?page=1&limit=10&status=&user_id="
[GIN] 2026/02/01 - 17:56:51 | 200 |      3.2901ms |             ::1 | GET      "/api/user"
[GIN] 2026/02/01 - 17:56:52 | 200 |      3.2584ms |             ::1 | GET      "/api/user"
[GIN] 2026/02/01 - 17:56:55 | 200 |      3.0659ms |             ::1 | GET      "/api/user"
[GIN] 2026/02/01 - 17:56:55 | 204 |            0s |             ::1 | OPTIONS  "/api/suppliers?page=1&limit=10&status="
[GIN] 2026/02/01 - 17:56:55 | 200 |      2.0296ms |             ::1 | GET      "/api/suppliers?page=1&limit=10&status="
[GIN] 2026/02/01 - 17:56:57 | 200 |      3.9443ms |             ::1 | GET      "/api/user"
[GIN] 2026/02/01 - 17:56:57 | 204 |            0s |             ::1 | OPTIONS  "/api/tasks?page=1&limit=10&status=&task_type="
[GIN] 2026/02/01 - 17:56:57 | 404 |            0s |             ::1 | GET      "/api/tasks?page=1&limit=10&status=&task_type="
[GIN] 2026/02/01 - 17:56:58 | 200 |      3.2821ms |             ::1 | GET      "/api/user"
[GIN] 2026/02/01 - 17:56:58 | 204 |            0s |             ::1 | OPTIONS  "/api/system/settings"
[GIN] 2026/02/01 - 17:56:58 | 404 |            0s |             ::1 | GET      "/api/system/settings"
[GIN] 2026/02/01 - 17:56:59 | 200 |      3.0349ms |             ::1 | GET      "/api/user"
[GIN] 2026/02/01 - 17:56:59 | 204 |            0s |             ::1 | OPTIONS  "/api/tasks?page=1&limit=10&status=&task_type="
[GIN] 2026/02/01 - 17:56:59 | 404 |            0s |             ::1 | GET      "/api/tasks?page=1&limit=10&status=&task_type="
[GIN] 2026/02/01 - 17:57:00 | 200 |      3.1896ms |             ::1 | GET      "/api/user"
[GIN] 2026/02/01 - 17:57:00 | 204 |            0s |             ::1 | OPTIONS  "/api/system/settings"
[GIN] 2026/02/01 - 17:57:00 | 404 |            0s |             ::1 | GET      "/api/system/settings"
[GIN] 2026/02/01 - 17:57:01 | 200 |      2.5018ms |             ::1 | GET      "/api/user"
[GIN] 2026/02/01 - 17:57:01 | 204 |            0s |             ::1 | OPTIONS  "/api/tasks?page=1&limit=10&status=&task_type="
[GIN] 2026/02/01 - 17:57:01 | 404 |            0s |             ::1 | GET      "/api/tasks?page=1&limit=10&status=&task_type="
[GIN] 2026/02/01 - 17:57:01 | 200 |       3.471ms |             ::1 | GET      "/api/user"
[GIN] 2026/02/01 - 17:57:01 | 204 |            0s |             ::1 | OPTIONS  "/api/system/settings"
[GIN] 2026/02/01 - 17:57:01 | 404 |            0s |             ::1 | GET      "/api/system/settings"
[GIN-debug] [WARNING] Running in "debug" mode. Switch to "release" mode in production.
 - using env:	export GIN_MODE=release
 - using code:	gin.SetMode(gin.ReleaseMode)

[GIN-debug] POST   /api/auth/login           --> go-biz-admin/handlers.(*UserHandler).Login-fm (4 handlers)
[GIN-debug] POST   /api/auth/register        --> go-biz-admin/handlers.(*UserHandler).Register-fm (4 handlers)
[GIN-debug] GET    /api/users                --> go-biz-admin/handlers.(*UserHandler).GetUsers-fm (4 handlers)
[GIN-debug] POST   /api/users                --> go-biz-admin/handlers.(*UserHandler).Register-fm (4 handlers)
[GIN-debug] POST   /api/users/admin          --> go-biz-admin/handlers.(*UserHandler).CreateAdminAccount-fm (4 handlers)
[GIN-debug] GET    /api/user                 --> go-biz-admin/handlers.(*UserHandler).GetCurrentUser-fm (5 handlers)
[GIN-debug] GET    /api/suppliers            --> go-biz-admin/handlers.(*SystemHandler).GetSuppliers-fm (4 handlers)
[GIN-debug] GET    /api/suppliers/:id        --> go-biz-admin/handlers.(*SystemHandler).GetSupplier-fm (4 handlers)
[GIN-debug] POST   /api/suppliers            --> go-biz-admin/handlers.(*SystemHandler).CreateSupplier-fm (4 handlers)
[GIN-debug] DELETE /api/suppliers/:id        --> go-biz-admin/handlers.(*SystemHandler).DeleteSupplier-fm (4 handlers)
[GIN-debug] POST   /api/suppliers/:id/sync   --> go-biz-admin/handlers.(*SystemHandler).SyncSupplierInfo-fm (4 handlers)
[GIN-debug] POST   /api/suppliers/:id/sync-products --> go-biz-admin/handlers.(*SystemHandler).SyncProductsFromSupplier-fm (4 handlers)
[GIN-debug] GET    /api/zjmf/suppliers       --> go-biz-admin/handlers.(*ZJMFHandler).GetSuppliers-fm (4 handlers)
[GIN-debug] GET    /api/zjmf/user/:id        --> go-biz-admin/handlers.(*ZJMFHandler).GetUserDetail-fm (4 handlers)
[GIN-debug] POST   /api/zjmf/server          --> go-biz-admin/handlers.(*ZJMFHandler).CreateServer-fm (4 handlers)
[GIN-debug] POST   /api/zjmf/sync-servers    --> go-biz-admin/handlers.(*ZJMFHandler).SyncServers-fm (4 handlers)
[GIN-debug] POST   /api/zjmf/info            --> go-biz-admin/handlers.(*ZJMFHandler).GetInfo-fm (4 handlers)
[GIN-debug] POST   /api/zjmf/products        --> go-biz-admin/handlers.(*ZJMFHandler).GetProducts-fm (4 handlers)
[GIN-debug] GET    /admin/v1/supplier/:id    --> go-biz-admin/handlers.(*SystemHandler).AdminGetSupplierDetail-fm (6 handlers)
[GIN-debug] GET    /admin/v1/upstream/host   --> go-biz-admin/handlers.(*UpstreamProductHandler).GetProductList-fm (6 handlers)
[GIN-debug] GET    /admin/v1/upstream/host/:id --> go-biz-admin/handlers.(*UpstreamProductHandler).GetProductByID-fm (6 handlers)
[GIN-debug] POST   /admin/v1/upstream/host   --> go-biz-admin/handlers.(*UpstreamProductHandler).CreateProduct-fm (6 handlers)
[GIN-debug] PUT    /admin/v1/upstream/host/:id --> go-biz-admin/handlers.(*UpstreamProductHandler).UpdateProduct-fm (6 handlers)
[GIN-debug] DELETE /admin/v1/upstream/host/:id --> go-biz-admin/handlers.(*UpstreamProductHandler).DeleteProduct-fm (6 handlers)
[GIN-debug] GET    /admin/v1/upstream/host/status-options --> go-biz-admin/handlers.(*UpstreamProductHandler).GetStatusOptions-fm (6 handlers)
[GIN-debug] GET    /admin/v1/upstream/host/billing-cycle-options --> go-biz-admin/handlers.(*UpstreamProductHandler).GetBillingCycleOptions-fm (6 handlers)
[GIN-debug] [WARNING] You trusted all proxies, this is NOT safe. We recommend you to set a value.
Please check https://pkg.go.dev/github.com/gin-gonic/gin#readme-don-t-trust-all-proxies for details.
[GIN-debug] Listening and serving HTTP on :8082
[GIN-debug] [WARNING] Running in "debug" mode. Switch to "release" mode in production.
 - using env:	export GIN_MODE=release
 - using code:	gin.SetMode(gin.ReleaseMode)

[GIN-debug] POST   /api/auth/login           --> go-biz-admin/handlers.(*UserHandler).Login-fm (4 handlers)
[GIN-debug] POST   /api/auth/register        --> go-biz-admin/handlers.(*UserHandler).Register-fm (4 handlers)
[GIN-debug] GET    /api/users                --> go-biz-admin/handlers.(*UserHandler).GetUsers-fm (4 handlers)
[GIN-debug] POST   /api/users                --> go-biz-admin/handlers.(*UserHandler).Register-fm (4 handlers)
[GIN-debug] POST   /api/users/admin          --> go-biz-admin/handlers.(*UserHandler).CreateAdminAccount-fm (4 handlers)
[GIN-debug] GET    /api/user                 --> go-biz-admin/handlers.(*UserHandler).GetCurrentUser-fm (5 handlers)
[GIN-debug] GET    /api/suppliers            --> go-biz-admin/handlers.(*SystemHandler).GetSuppliers-fm (4 handlers)
[GIN-debug] GET    /api/suppliers/:id        --> go-biz-admin/handlers.(*SystemHandler).GetSupplier-fm (4 handlers)
[GIN-debug] POST   /api/suppliers            --> go-biz-admin/handlers.(*SystemHandler).CreateSupplier-fm (4 handlers)
[GIN-debug] DELETE /api/suppliers/:id        --> go-biz-admin/handlers.(*SystemHandler).DeleteSupplier-fm (4 handlers)
[GIN-debug] POST   /api/suppliers/:id/sync   --> go-biz-admin/handlers.(*SystemHandler).SyncSupplierInfo-fm (4 handlers)
[GIN-debug] POST   /api/suppliers/:id/sync-products --> go-biz-admin/handlers.(*SystemHandler).SyncProductsFromSupplier-fm (4 handlers)
[GIN-debug] GET    /api/zjmf/suppliers       --> go-biz-admin/handlers.(*ZJMFHandler).GetSuppliers-fm (4 handlers)
[GIN-debug] GET    /api/zjmf/user/:id        --> go-biz-admin/handlers.(*ZJMFHandler).GetUserDetail-fm (4 handlers)
[GIN-debug] POST   /api/zjmf/server          --> go-biz-admin/handlers.(*ZJMFHandler).CreateServer-fm (4 handlers)
[GIN-debug] POST   /api/zjmf/sync-servers    --> go-biz-admin/handlers.(*ZJMFHandler).SyncServers-fm (4 handlers)
[GIN-debug] POST   /api/zjmf/info            --> go-biz-admin/handlers.(*ZJMFHandler).GetInfo-fm (4 handlers)
[GIN-debug] POST   /api/zjmf/products        --> go-biz-admin/handlers.(*ZJMFHandler).GetProducts-fm (4 handlers)
[GIN-debug] GET    /admin/v1/supplier/:id    --> go-biz-admin/handlers.(*SystemHandler).AdminGetSupplierDetail-fm (6 handlers)
[GIN-debug] GET    /admin/v1/upstream/host   --> go-biz-admin/handlers.(*UpstreamProductHandler).GetProductList-fm (6 handlers)
[GIN-debug] GET    /admin/v1/upstream/host/:id --> go-biz-admin/handlers.(*UpstreamProductHandler).GetProductByID-fm (6 handlers)
[GIN-debug] POST   /admin/v1/upstream/host   --> go-biz-admin/handlers.(*UpstreamProductHandler).CreateProduct-fm (6 handlers)
[GIN-debug] PUT    /admin/v1/upstream/host/:id --> go-biz-admin/handlers.(*UpstreamProductHandler).UpdateProduct-fm (6 handlers)
[GIN-debug] DELETE /admin/v1/upstream/host/:id --> go-biz-admin/handlers.(*UpstreamProductHandler).DeleteProduct-fm (6 handlers)
[GIN-debug] GET    /admin/v1/upstream/host/status-options --> go-biz-admin/handlers.(*UpstreamProductHandler).GetStatusOptions-fm (6 handlers)
[GIN-debug] GET    /admin/v1/upstream/host/billing-cycle-options --> go-biz-admin/handlers.(*UpstreamProductHandler).GetBillingCycleOptions-fm (6 handlers)
[GIN-debug] [WARNING] You trusted all proxies, this is NOT safe. We recommend you to set a value.
Please check https://pkg.go.dev/github.com/gin-gonic/gin#readme-don-t-trust-all-proxies for details.
[GIN-debug] Listening and serving HTTP on :8081
[GIN] 2026/02/01 - 17:59:07 | 200 |      3.5292ms |             ::1 | GET      "/api/user"
[GIN] 2026/02/01 - 17:59:07 | 204 |            0s |             ::1 | OPTIONS  "/api/tasks?page=1&limit=10&status=&task_type="
[GIN] 2026/02/01 - 17:59:07 | 404 |            0s |             ::1 | GET      "/api/tasks?page=1&limit=10&status=&task_type="
[GIN] 2026/02/01 - 17:59:08 | 200 |      3.1015ms |             ::1 | GET      "/api/user"
[GIN] 2026/02/01 - 17:59:08 | 204 |            0s |             ::1 | OPTIONS  "/api/system/settings"
[GIN] 2026/02/01 - 17:59:08 | 404 |            0s |             ::1 | GET      "/api/system/settings"
[GIN-debug] [WARNING] Running in "debug" mode. Switch to "release" mode in production.
 - using env:	export GIN_MODE=release
 - using code:	gin.SetMode(gin.ReleaseMode)

[GIN-debug] POST   /api/auth/login           --> go-biz-admin/handlers.(*UserHandler).Login-fm (4 handlers)
[GIN-debug] POST   /api/auth/register        --> go-biz-admin/handlers.(*UserHandler).Register-fm (4 handlers)
[GIN-debug] GET    /api/users                --> go-biz-admin/handlers.(*UserHandler).GetUsers-fm (4 handlers)
[GIN-debug] POST   /api/users                --> go-biz-admin/handlers.(*UserHandler).Register-fm (4 handlers)
[GIN-debug] POST   /api/users/admin          --> go-biz-admin/handlers.(*UserHandler).CreateAdminAccount-fm (4 handlers)
[GIN-debug] GET    /api/user                 --> go-biz-admin/handlers.(*UserHandler).GetCurrentUser-fm (5 handlers)
[GIN-debug] GET    /api/suppliers            --> go-biz-admin/handlers.(*SystemHandler).GetSuppliers-fm (4 handlers)
[GIN-debug] GET    /api/suppliers/:id        --> go-biz-admin/handlers.(*SystemHandler).GetSupplier-fm (4 handlers)
[GIN-debug] POST   /api/suppliers            --> go-biz-admin/handlers.(*SystemHandler).CreateSupplier-fm (4 handlers)
[GIN-debug] DELETE /api/suppliers/:id        --> go-biz-admin/handlers.(*SystemHandler).DeleteSupplier-fm (4 handlers)
[GIN-debug] POST   /api/suppliers/:id/sync   --> go-biz-admin/handlers.(*SystemHandler).SyncSupplierInfo-fm (4 handlers)
[GIN-debug] POST   /api/suppliers/:id/sync-products --> go-biz-admin/handlers.(*SystemHandler).SyncProductsFromSupplier-fm (4 handlers)
[GIN-debug] GET    /api/zjmf/suppliers       --> go-biz-admin/handlers.(*ZJMFHandler).GetSuppliers-fm (4 handlers)
[GIN-debug] GET    /api/zjmf/user/:id        --> go-biz-admin/handlers.(*ZJMFHandler).GetUserDetail-fm (4 handlers)
[GIN-debug] POST   /api/zjmf/server          --> go-biz-admin/handlers.(*ZJMFHandler).CreateServer-fm (4 handlers)
[GIN-debug] POST   /api/zjmf/sync-servers    --> go-biz-admin/handlers.(*ZJMFHandler).SyncServers-fm (4 handlers)
[GIN-debug] POST   /api/zjmf/info            --> go-biz-admin/handlers.(*ZJMFHandler).GetInfo-fm (4 handlers)
[GIN-debug] POST   /api/zjmf/products        --> go-biz-admin/handlers.(*ZJMFHandler).GetProducts-fm (4 handlers)
[GIN-debug] GET    /admin/v1/supplier/:id    --> go-biz-admin/handlers.(*SystemHandler).AdminGetSupplierDetail-fm (6 handlers)
[GIN-debug] GET    /admin/v1/upstream/host   --> go-biz-admin/handlers.(*UpstreamProductHandler).GetProductList-fm (6 handlers)
[GIN-debug] GET    /admin/v1/upstream/host/:id --> go-biz-admin/handlers.(*UpstreamProductHandler).GetProductByID-fm (6 handlers)
[GIN-debug] POST   /admin/v1/upstream/host   --> go-biz-admin/handlers.(*UpstreamProductHandler).CreateProduct-fm (6 handlers)
[GIN-debug] PUT    /admin/v1/upstream/host/:id --> go-biz-admin/handlers.(*UpstreamProductHandler).UpdateProduct-fm (6 handlers)
[GIN-debug] DELETE /admin/v1/upstream/host/:id --> go-biz-admin/handlers.(*UpstreamProductHandler).DeleteProduct-fm (6 handlers)
[GIN-debug] GET    /admin/v1/upstream/host/status-options --> go-biz-admin/handlers.(*UpstreamProductHandler).GetStatusOptions-fm (6 handlers)
[GIN-debug] GET    /admin/v1/upstream/host/billing-cycle-options --> go-biz-admin/handlers.(*UpstreamProductHandler).GetBillingCycleOptions-fm (6 handlers)
[GIN-debug] [WARNING] You trusted all proxies, this is NOT safe. We recommend you to set a value.
Please check https://pkg.go.dev/github.com/gin-gonic/gin#readme-don-t-trust-all-proxies for details.
[GIN-debug] Listening and serving HTTP on :8082
[GIN-debug] [WARNING] Running in "debug" mode. Switch to "release" mode in production.
 - using env:	export GIN_MODE=release
 - using code:	gin.SetMode(gin.ReleaseMode)

[GIN-debug] POST   /api/auth/login           --> go-biz-admin/handlers.(*UserHandler).Login-fm (4 handlers)
[GIN-debug] POST   /api/auth/register        --> go-biz-admin/handlers.(*UserHandler).Register-fm (4 handlers)
[GIN-debug] GET    /api/users                --> go-biz-admin/handlers.(*UserHandler).GetUsers-fm (4 handlers)
[GIN-debug] POST   /api/users                --> go-biz-admin/handlers.(*UserHandler).Register-fm (4 handlers)
[GIN-debug] POST   /api/users/admin          --> go-biz-admin/handlers.(*UserHandler).CreateAdminAccount-fm (4 handlers)
[GIN-debug] GET    /api/user                 --> go-biz-admin/handlers.(*UserHandler).GetCurrentUser-fm (5 handlers)
[GIN-debug] GET    /api/suppliers            --> go-biz-admin/handlers.(*SystemHandler).GetSuppliers-fm (4 handlers)
[GIN-debug] GET    /api/suppliers/:id        --> go-biz-admin/handlers.(*SystemHandler).GetSupplier-fm (4 handlers)
[GIN-debug] POST   /api/suppliers            --> go-biz-admin/handlers.(*SystemHandler).CreateSupplier-fm (4 handlers)
[GIN-debug] DELETE /api/suppliers/:id        --> go-biz-admin/handlers.(*SystemHandler).DeleteSupplier-fm (4 handlers)
[GIN-debug] POST   /api/suppliers/:id/sync   --> go-biz-admin/handlers.(*SystemHandler).SyncSupplierInfo-fm (4 handlers)
[GIN-debug] POST   /api/suppliers/:id/sync-products --> go-biz-admin/handlers.(*SystemHandler).SyncProductsFromSupplier-fm (4 handlers)
[GIN-debug] GET    /api/zjmf/suppliers       --> go-biz-admin/handlers.(*ZJMFHandler).GetSuppliers-fm (4 handlers)
[GIN-debug] GET    /api/zjmf/user/:id        --> go-biz-admin/handlers.(*ZJMFHandler).GetUserDetail-fm (4 handlers)
[GIN-debug] POST   /api/zjmf/server          --> go-biz-admin/handlers.(*ZJMFHandler).CreateServer-fm (4 handlers)
[GIN-debug] POST   /api/zjmf/sync-servers    --> go-biz-admin/handlers.(*ZJMFHandler).SyncServers-fm (4 handlers)
[GIN-debug] POST   /api/zjmf/info            --> go-biz-admin/handlers.(*ZJMFHandler).GetInfo-fm (4 handlers)
[GIN-debug] POST   /api/zjmf/products        --> go-biz-admin/handlers.(*ZJMFHandler).GetProducts-fm (4 handlers)
[GIN-debug] GET    /admin/v1/supplier/:id    --> go-biz-admin/handlers.(*SystemHandler).AdminGetSupplierDetail-fm (6 handlers)
[GIN-debug] GET    /admin/v1/upstream/host   --> go-biz-admin/handlers.(*UpstreamProductHandler).GetProductList-fm (6 handlers)
[GIN-debug] GET    /admin/v1/upstream/host/:id --> go-biz-admin/handlers.(*UpstreamProductHandler).GetProductByID-fm (6 handlers)
[GIN-debug] POST   /admin/v1/upstream/host   --> go-biz-admin/handlers.(*UpstreamProductHandler).CreateProduct-fm (6 handlers)
[GIN-debug] PUT    /admin/v1/upstream/host/:id --> go-biz-admin/handlers.(*UpstreamProductHandler).UpdateProduct-fm (6 handlers)
[GIN-debug] DELETE /admin/v1/upstream/host/:id --> go-biz-admin/handlers.(*UpstreamProductHandler).DeleteProduct-fm (6 handlers)
[GIN-debug] GET    /admin/v1/upstream/host/status-options --> go-biz-admin/handlers.(*UpstreamProductHandler).GetStatusOptions-fm (6 handlers)
[GIN-debug] GET    /admin/v1/upstream/host/billing-cycle-options --> go-biz-admin/handlers.(*UpstreamProductHandler).GetBillingCycleOptions-fm (6 handlers)
[GIN-debug] [WARNING] You trusted all proxies, this is NOT safe. We recommend you to set a value.
Please check https://pkg.go.dev/github.com/gin-gonic/gin#readme-don-t-trust-all-proxies for details.
[GIN-debug] Listening and serving HTTP on :8081
[GIN] 2026/02/01 - 18:02:54 | 200 |      4.1989ms |             ::1 | GET      "/api/user"
[GIN] 2026/02/01 - 18:02:54 | 204 |            0s |             ::1 | OPTIONS  "/api/tasks?page=1&limit=10&status=&task_type="
[GIN] 2026/02/01 - 18:02:54 | 404 |            0s |             ::1 | GET      "/api/tasks?page=1&limit=10&status=&task_type="
[GIN] 2026/02/01 - 18:02:55 | 200 |      3.2797ms |             ::1 | GET      "/api/user"
[GIN] 2026/02/01 - 18:02:55 | 204 |            0s |             ::1 | OPTIONS  "/api/system/settings"
[GIN] 2026/02/01 - 18:02:55 | 404 |            0s |             ::1 | GET      "/api/system/settings"
[GIN-debug] [WARNING] Running in "debug" mode. Switch to "release" mode in production.
 - using env:	export GIN_MODE=release
 - using code:	gin.SetMode(gin.ReleaseMode)

[GIN-debug] POST   /api/auth/login           --> go-biz-admin/handlers.(*UserHandler).Login-fm (4 handlers)
[GIN-debug] POST   /api/auth/register        --> go-biz-admin/handlers.(*UserHandler).Register-fm (4 handlers)
[GIN-debug] GET    /api/users                --> go-biz-admin/handlers.(*UserHandler).GetUsers-fm (4 handlers)
[GIN-debug] POST   /api/users                --> go-biz-admin/handlers.(*UserHandler).Register-fm (4 handlers)
[GIN-debug] POST   /api/users/admin          --> go-biz-admin/handlers.(*UserHandler).CreateAdminAccount-fm (4 handlers)
[GIN-debug] GET    /api/user                 --> go-biz-admin/handlers.(*UserHandler).GetCurrentUser-fm (5 handlers)
[GIN-debug] GET    /api/suppliers            --> go-biz-admin/handlers.(*SystemHandler).GetSuppliers-fm (4 handlers)
[GIN-debug] GET    /api/suppliers/:id        --> go-biz-admin/handlers.(*SystemHandler).GetSupplier-fm (4 handlers)
[GIN-debug] POST   /api/suppliers            --> go-biz-admin/handlers.(*SystemHandler).CreateSupplier-fm (4 handlers)
[GIN-debug] DELETE /api/suppliers/:id        --> go-biz-admin/handlers.(*SystemHandler).DeleteSupplier-fm (4 handlers)
[GIN-debug] POST   /api/suppliers/:id/sync   --> go-biz-admin/handlers.(*SystemHandler).SyncSupplierInfo-fm (4 handlers)
[GIN-debug] POST   /api/suppliers/:id/sync-products --> go-biz-admin/handlers.(*SystemHandler).SyncProductsFromSupplier-fm (4 handlers)
[GIN-debug] GET    /api/zjmf/suppliers       --> go-biz-admin/handlers.(*ZJMFHandler).GetSuppliers-fm (4 handlers)
[GIN-debug] GET    /api/zjmf/user/:id        --> go-biz-admin/handlers.(*ZJMFHandler).GetUserDetail-fm (4 handlers)
[GIN-debug] POST   /api/zjmf/server          --> go-biz-admin/handlers.(*ZJMFHandler).CreateServer-fm (4 handlers)
[GIN-debug] POST   /api/zjmf/sync-servers    --> go-biz-admin/handlers.(*ZJMFHandler).SyncServers-fm (4 handlers)
[GIN-debug] POST   /api/zjmf/info            --> go-biz-admin/handlers.(*ZJMFHandler).GetInfo-fm (4 handlers)
[GIN-debug] POST   /api/zjmf/products        --> go-biz-admin/handlers.(*ZJMFHandler).GetProducts-fm (4 handlers)
[GIN-debug] GET    /admin/v1/supplier/:id    --> go-biz-admin/handlers.(*SystemHandler).AdminGetSupplierDetail-fm (6 handlers)
[GIN-debug] GET    /admin/v1/upstream/host   --> go-biz-admin/handlers.(*UpstreamProductHandler).GetProductList-fm (6 handlers)
[GIN-debug] GET    /admin/v1/upstream/host/:id --> go-biz-admin/handlers.(*UpstreamProductHandler).GetProductByID-fm (6 handlers)
[GIN-debug] POST   /admin/v1/upstream/host   --> go-biz-admin/handlers.(*UpstreamProductHandler).CreateProduct-fm (6 handlers)
[GIN-debug] PUT    /admin/v1/upstream/host/:id --> go-biz-admin/handlers.(*UpstreamProductHandler).UpdateProduct-fm (6 handlers)
[GIN-debug] DELETE /admin/v1/upstream/host/:id --> go-biz-admin/handlers.(*UpstreamProductHandler).DeleteProduct-fm (6 handlers)
[GIN-debug] GET    /admin/v1/upstream/host/status-options --> go-biz-admin/handlers.(*UpstreamProductHandler).GetStatusOptions-fm (6 handlers)
[GIN-debug] GET    /admin/v1/upstream/host/billing-cycle-options --> go-biz-admin/handlers.(*UpstreamProductHandler).GetBillingCycleOptions-fm (6 handlers)
[GIN-debug] [WARNING] You trusted all proxies, this is NOT safe. We recommend you to set a value.
Please check https://pkg.go.dev/github.com/gin-gonic/gin#readme-don-t-trust-all-proxies for details.
[GIN-debug] Listening and serving HTTP on :8082
[GIN-debug] [WARNING] Running in "debug" mode. Switch to "release" mode in production.
 - using env:	export GIN_MODE=release
 - using code:	gin.SetMode(gin.ReleaseMode)

[GIN-debug] POST   /api/auth/login           --> go-biz-admin/handlers.(*UserHandler).Login-fm (4 handlers)
[GIN-debug] POST   /api/auth/register        --> go-biz-admin/handlers.(*UserHandler).Register-fm (4 handlers)
[GIN-debug] GET    /api/users                --> go-biz-admin/handlers.(*UserHandler).GetUsers-fm (4 handlers)
[GIN-debug] POST   /api/users                --> go-biz-admin/handlers.(*UserHandler).Register-fm (4 handlers)
[GIN-debug] POST   /api/users/admin          --> go-biz-admin/handlers.(*UserHandler).CreateAdminAccount-fm (4 handlers)
[GIN-debug] GET    /api/user                 --> go-biz-admin/handlers.(*UserHandler).GetCurrentUser-fm (5 handlers)
[GIN-debug] GET    /api/suppliers            --> go-biz-admin/handlers.(*SystemHandler).GetSuppliers-fm (4 handlers)
[GIN-debug] GET    /api/suppliers/:id        --> go-biz-admin/handlers.(*SystemHandler).GetSupplier-fm (4 handlers)
[GIN-debug] POST   /api/suppliers            --> go-biz-admin/handlers.(*SystemHandler).CreateSupplier-fm (4 handlers)
[GIN-debug] DELETE /api/suppliers/:id        --> go-biz-admin/handlers.(*SystemHandler).DeleteSupplier-fm (4 handlers)
[GIN-debug] POST   /api/suppliers/:id/sync   --> go-biz-admin/handlers.(*SystemHandler).SyncSupplierInfo-fm (4 handlers)
[GIN-debug] POST   /api/suppliers/:id/sync-products --> go-biz-admin/handlers.(*SystemHandler).SyncProductsFromSupplier-fm (4 handlers)
[GIN-debug] GET    /api/zjmf/suppliers       --> go-biz-admin/handlers.(*ZJMFHandler).GetSuppliers-fm (4 handlers)
[GIN-debug] GET    /api/zjmf/user/:id        --> go-biz-admin/handlers.(*ZJMFHandler).GetUserDetail-fm (4 handlers)
[GIN-debug] POST   /api/zjmf/server          --> go-biz-admin/handlers.(*ZJMFHandler).CreateServer-fm (4 handlers)
[GIN-debug] POST   /api/zjmf/sync-servers    --> go-biz-admin/handlers.(*ZJMFHandler).SyncServers-fm (4 handlers)
[GIN-debug] POST   /api/zjmf/info            --> go-biz-admin/handlers.(*ZJMFHandler).GetInfo-fm (4 handlers)
[GIN-debug] POST   /api/zjmf/products        --> go-biz-admin/handlers.(*ZJMFHandler).GetProducts-fm (4 handlers)
[GIN-debug] GET    /admin/v1/supplier/:id    --> go-biz-admin/handlers.(*SystemHandler).AdminGetSupplierDetail-fm (6 handlers)
[GIN-debug] GET    /admin/v1/upstream/host   --> go-biz-admin/handlers.(*UpstreamProductHandler).GetProductList-fm (6 handlers)
[GIN-debug] GET    /admin/v1/upstream/host/:id --> go-biz-admin/handlers.(*UpstreamProductHandler).GetProductByID-fm (6 handlers)
[GIN-debug] POST   /admin/v1/upstream/host   --> go-biz-admin/handlers.(*UpstreamProductHandler).CreateProduct-fm (6 handlers)
[GIN-debug] PUT    /admin/v1/upstream/host/:id --> go-biz-admin/handlers.(*UpstreamProductHandler).UpdateProduct-fm (6 handlers)
[GIN-debug] DELETE /admin/v1/upstream/host/:id --> go-biz-admin/handlers.(*UpstreamProductHandler).DeleteProduct-fm (6 handlers)
[GIN-debug] GET    /admin/v1/upstream/host/status-options --> go-biz-admin/handlers.(*UpstreamProductHandler).GetStatusOptions-fm (6 handlers)
[GIN-debug] GET    /admin/v1/upstream/host/billing-cycle-options --> go-biz-admin/handlers.(*UpstreamProductHandler).GetBillingCycleOptions-fm (6 handlers)
[GIN-debug] [WARNING] You trusted all proxies, this is NOT safe. We recommend you to set a value.
Please check https://pkg.go.dev/github.com/gin-gonic/gin#readme-don-t-trust-all-proxies for details.
[GIN-debug] Listening and serving HTTP on :8081
[GIN] 2026/02/01 - 18:04:39 | 200 |      4.3028ms |             ::1 | GET      "/api/user"
[GIN] 2026/02/01 - 18:04:39 | 204 |            0s |             ::1 | OPTIONS  "/api/tasks?page=1&limit=10&status=&task_type="
[GIN] 2026/02/01 - 18:04:39 | 404 |            0s |             ::1 | GET      "/api/tasks?page=1&limit=10&status=&task_type="
[GIN] 2026/02/01 - 18:05:24 | 200 |       3.678ms |             ::1 | GET      "/api/user"
[GIN] 2026/02/01 - 18:05:24 | 204 |            0s |             ::1 | OPTIONS  "/api/system/settings"
[GIN] 2026/02/01 - 18:05:24 | 404 |            0s |             ::1 | GET      "/api/system/settings"
[GIN] 2026/02/01 - 18:05:24 | 200 |      3.0585ms |             ::1 | GET      "/api/user"
[GIN] 2026/02/01 - 18:05:24 | 204 |            0s |             ::1 | OPTIONS  "/api/tasks?page=1&limit=10&status=&task_type="
[GIN] 2026/02/01 - 18:05:24 | 404 |            0s |             ::1 | GET      "/api/tasks?page=1&limit=10&status=&task_type="
[GIN-debug] [WARNING] Running in "debug" mode. Switch to "release" mode in production.
 - using env:	export GIN_MODE=release
 - using code:	gin.SetMode(gin.ReleaseMode)

[GIN-debug] POST   /api/auth/login           --> go-biz-admin/handlers.(*UserHandler).Login-fm (4 handlers)
[GIN-debug] POST   /api/auth/register        --> go-biz-admin/handlers.(*UserHandler).Register-fm (4 handlers)
[GIN-debug] GET    /api/users                --> go-biz-admin/handlers.(*UserHandler).GetUsers-fm (4 handlers)
[GIN-debug] POST   /api/users                --> go-biz-admin/handlers.(*UserHandler).Register-fm (4 handlers)
[GIN-debug] POST   /api/users/admin          --> go-biz-admin/handlers.(*UserHandler).CreateAdminAccount-fm (4 handlers)
[GIN-debug] GET    /api/user                 --> go-biz-admin/handlers.(*UserHandler).GetCurrentUser-fm (5 handlers)
[GIN-debug] GET    /api/suppliers            --> go-biz-admin/handlers.(*SystemHandler).GetSuppliers-fm (4 handlers)
[GIN-debug] GET    /api/suppliers/:id        --> go-biz-admin/handlers.(*SystemHandler).GetSupplier-fm (4 handlers)
[GIN-debug] POST   /api/suppliers            --> go-biz-admin/handlers.(*SystemHandler).CreateSupplier-fm (4 handlers)
[GIN-debug] DELETE /api/suppliers/:id        --> go-biz-admin/handlers.(*SystemHandler).DeleteSupplier-fm (4 handlers)
[GIN-debug] POST   /api/suppliers/:id/sync   --> go-biz-admin/handlers.(*SystemHandler).SyncSupplierInfo-fm (4 handlers)
[GIN-debug] POST   /api/suppliers/:id/sync-products --> go-biz-admin/handlers.(*SystemHandler).SyncProductsFromSupplier-fm (4 handlers)
[GIN-debug] GET    /api/zjmf/suppliers       --> go-biz-admin/handlers.(*ZJMFHandler).GetSuppliers-fm (4 handlers)
[GIN-debug] GET    /api/zjmf/user/:id        --> go-biz-admin/handlers.(*ZJMFHandler).GetUserDetail-fm (4 handlers)
[GIN-debug] POST   /api/zjmf/server          --> go-biz-admin/handlers.(*ZJMFHandler).CreateServer-fm (4 handlers)
[GIN-debug] POST   /api/zjmf/sync-servers    --> go-biz-admin/handlers.(*ZJMFHandler).SyncServers-fm (4 handlers)
[GIN-debug] POST   /api/zjmf/info            --> go-biz-admin/handlers.(*ZJMFHandler).GetInfo-fm (4 handlers)
[GIN-debug] POST   /api/zjmf/products        --> go-biz-admin/handlers.(*ZJMFHandler).GetProducts-fm (4 handlers)
[GIN-debug] GET    /api/tasks                --> go-biz-admin/handlers.(*SystemHandler).GetTasks-fm (5 handlers)
[GIN-debug] GET    /api/tasks/:id            --> go-biz-admin/handlers.(*SystemHandler).GetTask-fm (5 handlers)
[GIN-debug] POST   /api/tasks                --> go-biz-admin/handlers.(*SystemHandler).CreateTask-fm (5 handlers)
[GIN-debug] PUT    /api/tasks/:id            --> go-biz-admin/handlers.(*SystemHandler).UpdateTask-fm (5 handlers)
[GIN-debug] DELETE /api/tasks/:id            --> go-biz-admin/handlers.(*SystemHandler).DeleteTask-fm (5 handlers)
[GIN-debug] POST   /api/tasks/:id/run        --> go-biz-admin/handlers.(*SystemHandler).RunTask-fm (5 handlers)
[GIN-debug] GET    /admin/v1/supplier/:id    --> go-biz-admin/handlers.(*SystemHandler).AdminGetSupplierDetail-fm (6 handlers)
[GIN-debug] GET    /admin/v1/upstream/host   --> go-biz-admin/handlers.(*UpstreamProductHandler).GetProductList-fm (6 handlers)
[GIN-debug] GET    /admin/v1/upstream/host/:id --> go-biz-admin/handlers.(*UpstreamProductHandler).GetProductByID-fm (6 handlers)
[GIN-debug] POST   /admin/v1/upstream/host   --> go-biz-admin/handlers.(*UpstreamProductHandler).CreateProduct-fm (6 handlers)
[GIN-debug] PUT    /admin/v1/upstream/host/:id --> go-biz-admin/handlers.(*UpstreamProductHandler).UpdateProduct-fm (6 handlers)
[GIN-debug] DELETE /admin/v1/upstream/host/:id --> go-biz-admin/handlers.(*UpstreamProductHandler).DeleteProduct-fm (6 handlers)
[GIN-debug] GET    /admin/v1/upstream/host/status-options --> go-biz-admin/handlers.(*UpstreamProductHandler).GetStatusOptions-fm (6 handlers)
[GIN-debug] GET    /admin/v1/upstream/host/billing-cycle-options --> go-biz-admin/handlers.(*UpstreamProductHandler).GetBillingCycleOptions-fm (6 handlers)
[GIN-debug] [WARNING] You trusted all proxies, this is NOT safe. We recommend you to set a value.
Please check https://pkg.go.dev/github.com/gin-gonic/gin#readme-don-t-trust-all-proxies for details.
[GIN-debug] Listening and serving HTTP on :8082
[GIN-debug] [WARNING] Running in "debug" mode. Switch to "release" mode in production.
 - using env:	export GIN_MODE=release
 - using code:	gin.SetMode(gin.ReleaseMode)

[GIN-debug] POST   /api/auth/login           --> go-biz-admin/handlers.(*UserHandler).Login-fm (4 handlers)
[GIN-debug] POST   /api/auth/register        --> go-biz-admin/handlers.(*UserHandler).Register-fm (4 handlers)
[GIN-debug] GET    /api/users                --> go-biz-admin/handlers.(*UserHandler).GetUsers-fm (4 handlers)
[GIN-debug] POST   /api/users                --> go-biz-admin/handlers.(*UserHandler).Register-fm (4 handlers)
[GIN-debug] POST   /api/users/admin          --> go-biz-admin/handlers.(*UserHandler).CreateAdminAccount-fm (4 handlers)
[GIN-debug] GET    /api/user                 --> go-biz-admin/handlers.(*UserHandler).GetCurrentUser-fm (5 handlers)
[GIN-debug] GET    /api/suppliers            --> go-biz-admin/handlers.(*SystemHandler).GetSuppliers-fm (4 handlers)
[GIN-debug] GET    /api/suppliers/:id        --> go-biz-admin/handlers.(*SystemHandler).GetSupplier-fm (4 handlers)
[GIN-debug] POST   /api/suppliers            --> go-biz-admin/handlers.(*SystemHandler).CreateSupplier-fm (4 handlers)
[GIN-debug] DELETE /api/suppliers/:id        --> go-biz-admin/handlers.(*SystemHandler).DeleteSupplier-fm (4 handlers)
[GIN-debug] POST   /api/suppliers/:id/sync   --> go-biz-admin/handlers.(*SystemHandler).SyncSupplierInfo-fm (4 handlers)
[GIN-debug] POST   /api/suppliers/:id/sync-products --> go-biz-admin/handlers.(*SystemHandler).SyncProductsFromSupplier-fm (4 handlers)
[GIN-debug] GET    /api/zjmf/suppliers       --> go-biz-admin/handlers.(*ZJMFHandler).GetSuppliers-fm (4 handlers)
[GIN-debug] GET    /api/zjmf/user/:id        --> go-biz-admin/handlers.(*ZJMFHandler).GetUserDetail-fm (4 handlers)
[GIN-debug] POST   /api/zjmf/server          --> go-biz-admin/handlers.(*ZJMFHandler).CreateServer-fm (4 handlers)
[GIN-debug] POST   /api/zjmf/sync-servers    --> go-biz-admin/handlers.(*ZJMFHandler).SyncServers-fm (4 handlers)
[GIN-debug] POST   /api/zjmf/info            --> go-biz-admin/handlers.(*ZJMFHandler).GetInfo-fm (4 handlers)
[GIN-debug] POST   /api/zjmf/products        --> go-biz-admin/handlers.(*ZJMFHandler).GetProducts-fm (4 handlers)
[GIN-debug] GET    /api/tasks                --> go-biz-admin/handlers.(*SystemHandler).GetTasks-fm (5 handlers)
[GIN-debug] GET    /api/tasks/:id            --> go-biz-admin/handlers.(*SystemHandler).GetTask-fm (5 handlers)
[GIN-debug] POST   /api/tasks                --> go-biz-admin/handlers.(*SystemHandler).CreateTask-fm (5 handlers)
[GIN-debug] PUT    /api/tasks/:id            --> go-biz-admin/handlers.(*SystemHandler).UpdateTask-fm (5 handlers)
[GIN-debug] DELETE /api/tasks/:id            --> go-biz-admin/handlers.(*SystemHandler).DeleteTask-fm (5 handlers)
[GIN-debug] POST   /api/tasks/:id/run        --> go-biz-admin/handlers.(*SystemHandler).RunTask-fm (5 handlers)
[GIN-debug] GET    /admin/v1/supplier/:id    --> go-biz-admin/handlers.(*SystemHandler).AdminGetSupplierDetail-fm (6 handlers)
[GIN-debug] GET    /admin/v1/upstream/host   --> go-biz-admin/handlers.(*UpstreamProductHandler).GetProductList-fm (6 handlers)
[GIN-debug] GET    /admin/v1/upstream/host/:id --> go-biz-admin/handlers.(*UpstreamProductHandler).GetProductByID-fm (6 handlers)
[GIN-debug] POST   /admin/v1/upstream/host   --> go-biz-admin/handlers.(*UpstreamProductHandler).CreateProduct-fm (6 handlers)
[GIN-debug] PUT    /admin/v1/upstream/host/:id --> go-biz-admin/handlers.(*UpstreamProductHandler).UpdateProduct-fm (6 handlers)
[GIN-debug] DELETE /admin/v1/upstream/host/:id --> go-biz-admin/handlers.(*UpstreamProductHandler).DeleteProduct-fm (6 handlers)
[GIN-debug] GET    /admin/v1/upstream/host/status-options --> go-biz-admin/handlers.(*UpstreamProductHandler).GetStatusOptions-fm (6 handlers)
[GIN-debug] GET    /admin/v1/upstream/host/billing-cycle-options --> go-biz-admin/handlers.(*UpstreamProductHandler).GetBillingCycleOptions-fm (6 handlers)
[GIN-debug] [WARNING] You trusted all proxies, this is NOT safe. We recommend you to set a value.
Please check https://pkg.go.dev/github.com/gin-gonic/gin#readme-don-t-trust-all-proxies for details.
[GIN-debug] Listening and serving HTTP on :8081
[GIN] 2026/02/01 - 18:07:54 | 204 |            0s |             ::1 | OPTIONS  "/api/user"
[GIN] 2026/02/01 - 18:07:54 | 200 |      3.0087ms |             ::1 | GET      "/api/user"
[GIN] 2026/02/01 - 18:07:54 | 200 |      8.5078ms |             ::1 | GET      "/api/user"
[GIN] 2026/02/01 - 18:07:54 | 200 |       4.309ms |             ::1 | GET      "/api/user"
[GIN] 2026/02/01 - 18:07:54 | 204 |       714.5µs |             ::1 | OPTIONS  "/api/tasks?page=1&limit=10&status=&task_type="
[GIN] 2026/02/01 - 18:07:54 | 200 |      2.3683ms |             ::1 | GET      "/api/tasks?page=1&limit=10&status=&task_type="
[GIN] 2026/02/01 - 18:07:55 | 200 |      3.9234ms |             ::1 | GET      "/api/user"
[GIN] 2026/02/01 - 18:07:55 | 204 |            0s |             ::1 | OPTIONS  "/api/system/settings"
[GIN] 2026/02/01 - 18:07:55 | 404 |            0s |             ::1 | GET      "/api/system/settings"
[GIN] 2026/02/01 - 18:07:56 | 200 |      3.8389ms |             ::1 | GET      "/api/user"
[GIN] 2026/02/01 - 18:07:56 | 204 |            0s |             ::1 | OPTIONS  "/api/tasks?page=1&limit=10&status=&task_type="
[GIN] 2026/02/01 - 18:07:56 | 200 |      2.0923ms |             ::1 | GET      "/api/tasks?page=1&limit=10&status=&task_type="
[GIN] 2026/02/01 - 18:08:02 | 204 |            0s |             ::1 | OPTIONS  "/api/tasks"
[GIN] 2026/02/01 - 18:08:02 | 200 |    102.1894ms |             ::1 | POST     "/api/tasks"
[GIN] 2026/02/01 - 18:08:02 | 204 |            0s |             ::1 | OPTIONS  "/api/tasks?page=1&limit=10&status=&task_type="
[GIN] 2026/02/01 - 18:08:02 | 200 |      1.4606ms |             ::1 | GET      "/api/tasks?page=1&limit=10&status=&task_type="
[GIN] 2026/02/01 - 18:08:06 | 200 |      3.7686ms |             ::1 | GET      "/api/user"
[GIN] 2026/02/01 - 18:08:06 | 204 |            0s |             ::1 | OPTIONS  "/api/system/settings"
[GIN] 2026/02/01 - 18:08:06 | 404 |            0s |             ::1 | GET      "/api/system/settings"
[GIN] 2026/02/01 - 18:08:07 | 200 |      3.0586ms |             ::1 | GET      "/api/user"
[GIN] 2026/02/01 - 18:08:07 | 204 |            0s |             ::1 | OPTIONS  "/api/tasks?page=1&limit=10&status=&task_type="
[GIN] 2026/02/01 - 18:08:07 | 200 |      1.3985ms |             ::1 | GET      "/api/tasks?page=1&limit=10&status=&task_type="
[GIN] 2026/02/01 - 18:08:12 | 200 |      3.3989ms |             ::1 | GET      "/api/user"
[GIN] 2026/02/01 - 18:08:12 | 204 |            0s |             ::1 | OPTIONS  "/api/system/settings"
[GIN] 2026/02/01 - 18:08:12 | 404 |            0s |             ::1 | GET      "/api/system/settings"
[GIN] 2026/02/01 - 18:08:20 | 200 |      3.7942ms |             ::1 | GET      "/api/user"
[GIN] 2026/02/01 - 18:08:20 | 204 |       521.6µs |             ::1 | OPTIONS  "/api/orders/products?page=1&limit=10&status=&user_id="
[GIN] 2026/02/01 - 18:08:20 | 204 |            0s |             ::1 | OPTIONS  "/api/orders/renewals?page=1&limit=10&status=&user_id="
[GIN] 2026/02/01 - 18:08:20 | 404 |            0s |             ::1 | GET      "/api/orders/products?page=1&limit=10&status=&user_id="
[GIN] 2026/02/01 - 18:08:20 | 404 |            0s |             ::1 | GET      "/api/orders/renewals?page=1&limit=10&status=&user_id="
[GIN] 2026/02/01 - 18:08:22 | 200 |      3.8644ms |             ::1 | GET      "/api/user"
[GIN] 2026/02/01 - 18:08:22 | 204 |            0s |             ::1 | OPTIONS  "/api/products?page=1&limit=10&status="
[GIN] 2026/02/01 - 18:08:22 | 404 |            0s |             ::1 | GET      "/api/products?page=1&limit=10&status="
[GIN] 2026/02/01 - 18:08:23 | 200 |      4.1874ms |             ::1 | GET      "/api/user"
[GIN] 2026/02/01 - 18:08:23 | 204 |            0s |             ::1 | OPTIONS  "/api/users?page=1&limit=10&status=&role="
[GIN] 2026/02/01 - 18:08:23 | 200 |      1.8858ms |             ::1 | GET      "/api/users?page=1&limit=10&status=&role="
[GIN] 2026/02/01 - 18:08:31 | 204 |            0s |             ::1 | OPTIONS  "/api/users"
[GIN] 2026/02/01 - 18:08:31 | 409 |      1.6113ms |             ::1 | POST     "/api/users"
[GIN] 2026/02/01 - 18:08:53 | 204 |            0s |             ::1 | OPTIONS  "/api/users"
[GIN] 2026/02/01 - 18:08:54 | 201 |    430.4147ms |             ::1 | POST     "/api/users"
[GIN] 2026/02/01 - 18:08:54 | 204 |            0s |             ::1 | OPTIONS  "/api/users?page=1&limit=10&status=&role="
[GIN] 2026/02/01 - 18:08:54 | 200 |      1.4496ms |             ::1 | GET      "/api/users?page=1&limit=10&status=&role="
[GIN] 2026/02/01 - 18:09:52 | 200 |      3.1417ms |             ::1 | GET      "/api/user"
[GIN] 2026/02/01 - 18:09:52 | 204 |            0s |             ::1 | OPTIONS  "/api/products?page=1&limit=10&status="
[GIN] 2026/02/01 - 18:09:52 | 404 |            0s |             ::1 | GET      "/api/products?page=1&limit=10&status="
[GIN] 2026/02/01 - 18:10:21 | 200 |      3.5405ms |             ::1 | GET      "/api/user"
[GIN] 2026/02/01 - 18:10:21 | 204 |            0s |             ::1 | OPTIONS  "/api/orders/products?page=1&limit=10&status=&user_id="
[GIN] 2026/02/01 - 18:10:21 | 204 |            0s |             ::1 | OPTIONS  "/api/orders/renewals?page=1&limit=10&status=&user_id="
[GIN] 2026/02/01 - 18:10:21 | 404 |            0s |             ::1 | GET      "/api/orders/products?page=1&limit=10&status=&user_id="
[GIN] 2026/02/01 - 18:10:21 | 404 |            0s |             ::1 | GET      "/api/orders/renewals?page=1&limit=10&status=&user_id="
[GIN] 2026/02/01 - 18:10:46 | 200 |      3.3275ms |             ::1 | GET      "/api/user"
[GIN] 2026/02/01 - 18:10:55 | 204 |            0s |             ::1 | OPTIONS  "/api/finance/bills/2/pay?method=manual"
[GIN] 2026/02/01 - 18:10:55 | 404 |            0s |             ::1 | PUT      "/api/finance/bills/2/pay?method=manual"
[GIN] 2026/02/01 - 18:10:57 | 200 |      3.7591ms |             ::1 | GET      "/api/user"
[GIN] 2026/02/01 - 18:10:57 | 204 |            0s |             ::1 | OPTIONS  "/api/orders/products?page=1&limit=10&status=&user_id="
[GIN] 2026/02/01 - 18:10:57 | 204 |            0s |             ::1 | OPTIONS  "/api/orders/renewals?page=1&limit=10&status=&user_id="
[GIN] 2026/02/01 - 18:10:57 | 404 |            0s |             ::1 | GET      "/api/orders/products?page=1&limit=10&status=&user_id="
[GIN] 2026/02/01 - 18:10:57 | 404 |            0s |             ::1 | GET      "/api/orders/renewals?page=1&limit=10&status=&user_id="
[GIN] 2026/02/01 - 18:10:58 | 200 |      3.6168ms |             ::1 | GET      "/api/user"
[GIN] 2026/02/01 - 18:11:01 | 200 |      3.5101ms |             ::1 | GET      "/api/user"
[GIN] 2026/02/01 - 18:11:01 | 204 |            0s |             ::1 | OPTIONS  "/api/suppliers?page=1&limit=10&status="
[GIN] 2026/02/01 - 18:11:01 | 200 |      2.2034ms |             ::1 | GET      "/api/suppliers?page=1&limit=10&status="
[GIN] 2026/02/01 - 18:11:09 | 204 |            0s |             ::1 | OPTIONS  "/api/suppliers"
[GIN] 2026/02/01 - 18:11:09 | 400 |            0s |             ::1 | POST     "/api/suppliers"
[GIN] 2026/02/01 - 18:11:48 | 200 |      3.2588ms |             ::1 | GET      "/api/user"
[GIN] 2026/02/01 - 18:11:48 | 204 |            0s |             ::1 | OPTIONS  "/api/system/settings"
[GIN] 2026/02/01 - 18:11:48 | 404 |            0s |             ::1 | GET      "/api/system/settings"
[GIN-debug] [WARNING] Running in "debug" mode. Switch to "release" mode in production.
 - using env:	export GIN_MODE=release
 - using code:	gin.SetMode(gin.ReleaseMode)

[GIN-debug] POST   /api/auth/login           --> go-biz-admin/handlers.(*UserHandler).Login-fm (4 handlers)
[GIN-debug] POST   /api/auth/register        --> go-biz-admin/handlers.(*UserHandler).Register-fm (4 handlers)
[GIN-debug] GET    /api/users                --> go-biz-admin/handlers.(*UserHandler).GetUsers-fm (4 handlers)
[GIN-debug] POST   /api/users                --> go-biz-admin/handlers.(*UserHandler).Register-fm (4 handlers)
[GIN-debug] POST   /api/users/admin          --> go-biz-admin/handlers.(*UserHandler).CreateAdminAccount-fm (4 handlers)
[GIN-debug] GET    /api/user                 --> go-biz-admin/handlers.(*UserHandler).GetCurrentUser-fm (5 handlers)
[GIN-debug] GET    /api/suppliers            --> go-biz-admin/handlers.(*SystemHandler).GetSuppliers-fm (4 handlers)
[GIN-debug] GET    /api/suppliers/:id        --> go-biz-admin/handlers.(*SystemHandler).GetSupplier-fm (4 handlers)
[GIN-debug] POST   /api/suppliers            --> go-biz-admin/handlers.(*SystemHandler).CreateSupplier-fm (4 handlers)
[GIN-debug] DELETE /api/suppliers/:id        --> go-biz-admin/handlers.(*SystemHandler).DeleteSupplier-fm (4 handlers)
[GIN-debug] POST   /api/suppliers/:id/sync   --> go-biz-admin/handlers.(*SystemHandler).SyncSupplierInfo-fm (4 handlers)
[GIN-debug] POST   /api/suppliers/:id/sync-products --> go-biz-admin/handlers.(*SystemHandler).SyncProductsFromSupplier-fm (4 handlers)
[GIN-debug] GET    /api/zjmf/suppliers       --> go-biz-admin/handlers.(*ZJMFHandler).GetSuppliers-fm (4 handlers)
[GIN-debug] GET    /api/zjmf/user/:id        --> go-biz-admin/handlers.(*ZJMFHandler).GetUserDetail-fm (4 handlers)
[GIN-debug] POST   /api/zjmf/server          --> go-biz-admin/handlers.(*ZJMFHandler).CreateServer-fm (4 handlers)
[GIN-debug] POST   /api/zjmf/sync-servers    --> go-biz-admin/handlers.(*ZJMFHandler).SyncServers-fm (4 handlers)
[GIN-debug] POST   /api/zjmf/info            --> go-biz-admin/handlers.(*ZJMFHandler).GetInfo-fm (4 handlers)
[GIN-debug] POST   /api/zjmf/products        --> go-biz-admin/handlers.(*ZJMFHandler).GetProducts-fm (4 handlers)
[GIN-debug] GET    /api/tasks                --> go-biz-admin/handlers.(*SystemHandler).GetTasks-fm (5 handlers)
[GIN-debug] GET    /api/tasks/:id            --> go-biz-admin/handlers.(*SystemHandler).GetTask-fm (5 handlers)
[GIN-debug] POST   /api/tasks                --> go-biz-admin/handlers.(*SystemHandler).CreateTask-fm (5 handlers)
[GIN-debug] PUT    /api/tasks/:id            --> go-biz-admin/handlers.(*SystemHandler).UpdateTask-fm (5 handlers)
[GIN-debug] DELETE /api/tasks/:id            --> go-biz-admin/handlers.(*SystemHandler).DeleteTask-fm (5 handlers)
[GIN-debug] POST   /api/tasks/:id/run        --> go-biz-admin/handlers.(*SystemHandler).RunTask-fm (5 handlers)
[GIN-debug] GET    /api/orders/products      --> go-biz-admin/handlers.(*OrderHandler).GetProductOrders-fm (5 handlers)
[GIN-debug] GET    /api/orders/products/:id  --> go-biz-admin/handlers.(*OrderHandler).GetProductOrder-fm (5 handlers)
[GIN-debug] POST   /api/orders/products      --> go-biz-admin/handlers.(*OrderHandler).CreateProductOrder-fm (5 handlers)
[GIN-debug] PUT    /api/orders/products/:id  --> go-biz-admin/handlers.(*OrderHandler).UpdateProductOrder-fm (5 handlers)
[GIN-debug] GET    /api/orders/renewals      --> go-biz-admin/handlers.(*OrderHandler).GetRenewalOrders-fm (5 handlers)
[GIN-debug] GET    /api/orders/renewals/:id  --> go-biz-admin/handlers.(*OrderHandler).GetRenewalOrder-fm (5 handlers)
[GIN-debug] POST   /api/orders/renewals      --> go-biz-admin/handlers.(*OrderHandler).CreateRenewalOrder-fm (5 handlers)
[GIN-debug] PUT    /api/orders/renewals/:id  --> go-biz-admin/handlers.(*OrderHandler).UpdateRenewalOrder-fm (5 handlers)
[GIN-debug] GET    /api/finance/transactions --> go-biz-admin/handlers.(*FinanceHandler).GetTransactions-fm (5 handlers)
[GIN-debug] GET    /api/finance/transactions/:id --> go-biz-admin/handlers.(*FinanceHandler).GetTransaction-fm (5 handlers)
[GIN-debug] GET    /api/finance/bills        --> go-biz-admin/handlers.(*FinanceHandler).GetBills-fm (5 handlers)
[GIN-debug] GET    /api/finance/bills/:id    --> go-biz-admin/handlers.(*FinanceHandler).GetBill-fm (5 handlers)
[GIN-debug] PUT    /api/finance/bills/:id/pay --> go-biz-admin/handlers.(*FinanceHandler).PayBill-fm (5 handlers)
[GIN-debug] POST   /api/finance/bills        --> go-biz-admin/handlers.(*FinanceHandler).CreateBill-fm (5 handlers)
[GIN-debug] PUT    /api/finance/bills/:id    --> go-biz-admin/handlers.(*FinanceHandler).UpdateBill-fm (5 handlers)
[GIN-debug] GET    /api/tickets              --> go-biz-admin/handlers.(*TicketHandler).GetTickets-fm (5 handlers)
[GIN-debug] GET    /api/tickets/:id          --> go-biz-admin/handlers.(*TicketHandler).GetTicket-fm (5 handlers)
[GIN-debug] POST   /api/tickets              --> go-biz-admin/handlers.(*TicketHandler).CreateTicket-fm (5 handlers)
[GIN-debug] PUT    /api/tickets/:id          --> go-biz-admin/handlers.(*TicketHandler).UpdateTicket-fm (5 handlers)
[GIN-debug] GET    /api/tickets/stats        --> go-biz-admin/handlers.(*TicketHandler).GetTicketStats-fm (5 handlers)
[GIN-debug] GET    /api/system/settings      --> go-biz-admin/handlers.(*SystemHandler).GetSystemSettings-fm (5 handlers)
[GIN-debug] PUT    /api/system/settings      --> go-biz-admin/handlers.(*SystemHandler).UpdateSystemSettings-fm (5 handlers)
[GIN-debug] GET    /api/products             --> go-biz-admin/handlers.(*SystemHandler).GetProducts-fm (5 handlers)
[GIN-debug] GET    /admin/v1/supplier/:id    --> go-biz-admin/handlers.(*SystemHandler).AdminGetSupplierDetail-fm (6 handlers)
[GIN-debug] GET    /admin/v1/upstream/host   --> go-biz-admin/handlers.(*UpstreamProductHandler).GetProductList-fm (6 handlers)
[GIN-debug] GET    /admin/v1/upstream/host/:id --> go-biz-admin/handlers.(*UpstreamProductHandler).GetProductByID-fm (6 handlers)
[GIN-debug] POST   /admin/v1/upstream/host   --> go-biz-admin/handlers.(*UpstreamProductHandler).CreateProduct-fm (6 handlers)
[GIN-debug] PUT    /admin/v1/upstream/host/:id --> go-biz-admin/handlers.(*UpstreamProductHandler).UpdateProduct-fm (6 handlers)
[GIN-debug] DELETE /admin/v1/upstream/host/:id --> go-biz-admin/handlers.(*UpstreamProductHandler).DeleteProduct-fm (6 handlers)
[GIN-debug] GET    /admin/v1/upstream/host/status-options --> go-biz-admin/handlers.(*UpstreamProductHandler).GetStatusOptions-fm (6 handlers)
[GIN-debug] GET    /admin/v1/upstream/host/billing-cycle-options --> go-biz-admin/handlers.(*UpstreamProductHandler).GetBillingCycleOptions-fm (6 handlers)
[GIN-debug] [WARNING] You trusted all proxies, this is NOT safe. We recommend you to set a value.
Please check https://pkg.go.dev/github.com/gin-gonic/gin#readme-don-t-trust-all-proxies for details.
[GIN-debug] Listening and serving HTTP on :8082
[GIN-debug] [WARNING] Running in "debug" mode. Switch to "release" mode in production.
 - using env:	export GIN_MODE=release
 - using code:	gin.SetMode(gin.ReleaseMode)

[GIN-debug] POST   /api/auth/login           --> go-biz-admin/handlers.(*UserHandler).Login-fm (4 handlers)
[GIN-debug] POST   /api/auth/register        --> go-biz-admin/handlers.(*UserHandler).Register-fm (4 handlers)
[GIN-debug] GET    /api/users                --> go-biz-admin/handlers.(*UserHandler).GetUsers-fm (4 handlers)
[GIN-debug] POST   /api/users                --> go-biz-admin/handlers.(*UserHandler).Register-fm (4 handlers)
[GIN-debug] POST   /api/users/admin          --> go-biz-admin/handlers.(*UserHandler).CreateAdminAccount-fm (4 handlers)
[GIN-debug] GET    /api/user                 --> go-biz-admin/handlers.(*UserHandler).GetCurrentUser-fm (5 handlers)
[GIN-debug] GET    /api/suppliers            --> go-biz-admin/handlers.(*SystemHandler).GetSuppliers-fm (4 handlers)
[GIN-debug] GET    /api/suppliers/:id        --> go-biz-admin/handlers.(*SystemHandler).GetSupplier-fm (4 handlers)
[GIN-debug] POST   /api/suppliers            --> go-biz-admin/handlers.(*SystemHandler).CreateSupplier-fm (4 handlers)
[GIN-debug] DELETE /api/suppliers/:id        --> go-biz-admin/handlers.(*SystemHandler).DeleteSupplier-fm (4 handlers)
[GIN-debug] POST   /api/suppliers/:id/sync   --> go-biz-admin/handlers.(*SystemHandler).SyncSupplierInfo-fm (4 handlers)
[GIN-debug] POST   /api/suppliers/:id/sync-products --> go-biz-admin/handlers.(*SystemHandler).SyncProductsFromSupplier-fm (4 handlers)
[GIN-debug] GET    /api/zjmf/suppliers       --> go-biz-admin/handlers.(*ZJMFHandler).GetSuppliers-fm (4 handlers)
[GIN-debug] GET    /api/zjmf/user/:id        --> go-biz-admin/handlers.(*ZJMFHandler).GetUserDetail-fm (4 handlers)
[GIN-debug] POST   /api/zjmf/server          --> go-biz-admin/handlers.(*ZJMFHandler).CreateServer-fm (4 handlers)
[GIN-debug] POST   /api/zjmf/sync-servers    --> go-biz-admin/handlers.(*ZJMFHandler).SyncServers-fm (4 handlers)
[GIN-debug] POST   /api/zjmf/info            --> go-biz-admin/handlers.(*ZJMFHandler).GetInfo-fm (4 handlers)
[GIN-debug] POST   /api/zjmf/products        --> go-biz-admin/handlers.(*ZJMFHandler).GetProducts-fm (4 handlers)
[GIN-debug] GET    /api/tasks                --> go-biz-admin/handlers.(*SystemHandler).GetTasks-fm (5 handlers)
[GIN-debug] GET    /api/tasks/:id            --> go-biz-admin/handlers.(*SystemHandler).GetTask-fm (5 handlers)
[GIN-debug] POST   /api/tasks                --> go-biz-admin/handlers.(*SystemHandler).CreateTask-fm (5 handlers)
[GIN-debug] PUT    /api/tasks/:id            --> go-biz-admin/handlers.(*SystemHandler).UpdateTask-fm (5 handlers)
[GIN-debug] DELETE /api/tasks/:id            --> go-biz-admin/handlers.(*SystemHandler).DeleteTask-fm (5 handlers)
[GIN-debug] POST   /api/tasks/:id/run        --> go-biz-admin/handlers.(*SystemHandler).RunTask-fm (5 handlers)
[GIN-debug] GET    /api/orders/products      --> go-biz-admin/handlers.(*OrderHandler).GetProductOrders-fm (5 handlers)
[GIN-debug] GET    /api/orders/products/:id  --> go-biz-admin/handlers.(*OrderHandler).GetProductOrder-fm (5 handlers)
[GIN-debug] POST   /api/orders/products      --> go-biz-admin/handlers.(*OrderHandler).CreateProductOrder-fm (5 handlers)
[GIN-debug] PUT    /api/orders/products/:id  --> go-biz-admin/handlers.(*OrderHandler).UpdateProductOrder-fm (5 handlers)
[GIN-debug] GET    /api/orders/renewals      --> go-biz-admin/handlers.(*OrderHandler).GetRenewalOrders-fm (5 handlers)
[GIN-debug] GET    /api/orders/renewals/:id  --> go-biz-admin/handlers.(*OrderHandler).GetRenewalOrder-fm (5 handlers)
[GIN-debug] POST   /api/orders/renewals      --> go-biz-admin/handlers.(*OrderHandler).CreateRenewalOrder-fm (5 handlers)
[GIN-debug] PUT    /api/orders/renewals/:id  --> go-biz-admin/handlers.(*OrderHandler).UpdateRenewalOrder-fm (5 handlers)
[GIN-debug] GET    /api/finance/transactions --> go-biz-admin/handlers.(*FinanceHandler).GetTransactions-fm (5 handlers)
[GIN-debug] GET    /api/finance/transactions/:id --> go-biz-admin/handlers.(*FinanceHandler).GetTransaction-fm (5 handlers)
[GIN-debug] GET    /api/finance/bills        --> go-biz-admin/handlers.(*FinanceHandler).GetBills-fm (5 handlers)
[GIN-debug] GET    /api/finance/bills/:id    --> go-biz-admin/handlers.(*FinanceHandler).GetBill-fm (5 handlers)
[GIN-debug] PUT    /api/finance/bills/:id/pay --> go-biz-admin/handlers.(*FinanceHandler).PayBill-fm (5 handlers)
[GIN-debug] POST   /api/finance/bills        --> go-biz-admin/handlers.(*FinanceHandler).CreateBill-fm (5 handlers)
[GIN-debug] PUT    /api/finance/bills/:id    --> go-biz-admin/handlers.(*FinanceHandler).UpdateBill-fm (5 handlers)
[GIN-debug] GET    /api/tickets              --> go-biz-admin/handlers.(*TicketHandler).GetTickets-fm (5 handlers)
[GIN-debug] GET    /api/tickets/:id          --> go-biz-admin/handlers.(*TicketHandler).GetTicket-fm (5 handlers)
[GIN-debug] POST   /api/tickets              --> go-biz-admin/handlers.(*TicketHandler).CreateTicket-fm (5 handlers)
[GIN-debug] PUT    /api/tickets/:id          --> go-biz-admin/handlers.(*TicketHandler).UpdateTicket-fm (5 handlers)
[GIN-debug] GET    /api/tickets/stats        --> go-biz-admin/handlers.(*TicketHandler).GetTicketStats-fm (5 handlers)
[GIN-debug] GET    /api/system/settings      --> go-biz-admin/handlers.(*SystemHandler).GetSystemSettings-fm (5 handlers)
[GIN-debug] PUT    /api/system/settings      --> go-biz-admin/handlers.(*SystemHandler).UpdateSystemSettings-fm (5 handlers)
[GIN-debug] GET    /api/products             --> go-biz-admin/handlers.(*SystemHandler).GetProducts-fm (5 handlers)
[GIN-debug] GET    /admin/v1/supplier/:id    --> go-biz-admin/handlers.(*SystemHandler).AdminGetSupplierDetail-fm (6 handlers)
[GIN-debug] GET    /admin/v1/upstream/host   --> go-biz-admin/handlers.(*UpstreamProductHandler).GetProductList-fm (6 handlers)
[GIN-debug] GET    /admin/v1/upstream/host/:id --> go-biz-admin/handlers.(*UpstreamProductHandler).GetProductByID-fm (6 handlers)
[GIN-debug] POST   /admin/v1/upstream/host   --> go-biz-admin/handlers.(*UpstreamProductHandler).CreateProduct-fm (6 handlers)
[GIN-debug] PUT    /admin/v1/upstream/host/:id --> go-biz-admin/handlers.(*UpstreamProductHandler).UpdateProduct-fm (6 handlers)
[GIN-debug] DELETE /admin/v1/upstream/host/:id --> go-biz-admin/handlers.(*UpstreamProductHandler).DeleteProduct-fm (6 handlers)
[GIN-debug] GET    /admin/v1/upstream/host/status-options --> go-biz-admin/handlers.(*UpstreamProductHandler).GetStatusOptions-fm (6 handlers)
[GIN-debug] GET    /admin/v1/upstream/host/billing-cycle-options --> go-biz-admin/handlers.(*UpstreamProductHandler).GetBillingCycleOptions-fm (6 handlers)
[GIN-debug] [WARNING] You trusted all proxies, this is NOT safe. We recommend you to set a value.
Please check https://pkg.go.dev/github.com/gin-gonic/gin#readme-don-t-trust-all-proxies for details.
[GIN-debug] Listening and serving HTTP on :8081
[GIN] 2026/02/01 - 18:13:46 | 200 |      2.8348ms |             ::1 | GET      "/api/user"
[GIN] 2026/02/01 - 18:13:46 | 204 |            0s |             ::1 | OPTIONS  "/api/tasks?page=1&limit=10&status=&task_type="
[GIN] 2026/02/01 - 18:13:46 | 200 |      1.3584ms |             ::1 | GET      "/api/tasks?page=1&limit=10&status=&task_type="
[GIN] 2026/02/01 - 18:13:47 | 200 |      2.9898ms |             ::1 | GET      "/api/user"
[GIN] 2026/02/01 - 18:13:47 | 204 |            0s |             ::1 | OPTIONS  "/api/suppliers?page=1&limit=10&status="
[GIN] 2026/02/01 - 18:13:47 | 200 |      2.2529ms |             ::1 | GET      "/api/suppliers?page=1&limit=10&status="
[GIN] 2026/02/01 - 18:13:48 | 200 |       2.713ms |             ::1 | GET      "/api/user"
[GIN] 2026/02/01 - 18:13:48 | 204 |       466.8µs |             ::1 | OPTIONS  "/api/system/settings"
[GIN] 2026/02/01 - 18:13:48 | 200 |            0s |             ::1 | GET      "/api/system/settings"
[GIN] 2026/02/01 - 18:13:49 | 200 |      3.7686ms |             ::1 | GET      "/api/user"
[GIN] 2026/02/01 - 18:13:49 | 204 |            0s |             ::1 | OPTIONS  "/api/suppliers?page=1&limit=10&status="
[GIN] 2026/02/01 - 18:13:49 | 200 |      1.6195ms |             ::1 | GET      "/api/suppliers?page=1&limit=10&status="
[GIN] 2026/02/01 - 18:13:55 | 204 |            0s |             ::1 | OPTIONS  "/api/suppliers"
[GIN] 2026/02/01 - 18:13:55 | 400 |            0s |             ::1 | POST     "/api/suppliers"
[GIN] 2026/02/01 - 18:13:59 | 200 |       3.892ms |             ::1 | GET      "/api/user"
[GIN] 2026/02/01 - 18:14:04 | 200 |      3.2246ms |             ::1 | GET      "/api/user"
[GIN] 2026/02/01 - 18:14:04 | 204 |            0s |             ::1 | OPTIONS  "/api/orders/products?page=1&limit=10&status=&user_id="
[GIN] 2026/02/01 - 18:14:04 | 204 |            0s |             ::1 | OPTIONS  "/api/orders/renewals?page=1&limit=10&status=&user_id="
[GIN] 2026/02/01 - 18:14:04 | 200 |      1.5881ms |             ::1 | GET      "/api/orders/products?page=1&limit=10&status=&user_id="
[GIN] 2026/02/01 - 18:14:04 | 200 |      6.7933ms |             ::1 | GET      "/api/orders/renewals?page=1&limit=10&status=&user_id="
[GIN] 2026/02/01 - 18:14:05 | 200 |      3.2546ms |             ::1 | GET      "/api/user"
[GIN] 2026/02/01 - 18:14:05 | 204 |            0s |             ::1 | OPTIONS  "/api/products?page=1&limit=10&status="
[GIN] 2026/02/01 - 18:14:05 | 200 |      1.6838ms |             ::1 | GET      "/api/products?page=1&limit=10&status="
[GIN] 2026/02/01 - 18:14:05 | 200 |      3.2479ms |             ::1 | GET      "/api/user"
[GIN] 2026/02/01 - 18:14:05 | 204 |            0s |             ::1 | OPTIONS  "/api/users?page=1&limit=10&status=&role="
[GIN] 2026/02/01 - 18:14:05 | 200 |       1.986ms |             ::1 | GET      "/api/users?page=1&limit=10&status=&role="
[GIN] 2026/02/01 - 18:14:06 | 200 |      3.1249ms |             ::1 | GET      "/api/user"
[GIN] 2026/02/01 - 18:14:07 | 200 |      3.4878ms |             ::1 | GET      "/api/user"
[GIN] 2026/02/01 - 18:14:07 | 204 |            0s |             ::1 | OPTIONS  "/api/users?page=1&limit=10&status=&role="
[GIN] 2026/02/01 - 18:14:07 | 200 |      1.7937ms |             ::1 | GET      "/api/users?page=1&limit=10&status=&role="
[GIN-debug] [WARNING] Running in "debug" mode. Switch to "release" mode in production.
 - using env:	export GIN_MODE=release
 - using code:	gin.SetMode(gin.ReleaseMode)

[GIN-debug] POST   /api/auth/login           --> go-biz-admin/handlers.(*UserHandler).Login-fm (4 handlers)
[GIN-debug] POST   /api/auth/register        --> go-biz-admin/handlers.(*UserHandler).Register-fm (4 handlers)
[GIN-debug] GET    /api/users                --> go-biz-admin/handlers.(*UserHandler).GetUsers-fm (4 handlers)
[GIN-debug] POST   /api/users                --> go-biz-admin/handlers.(*UserHandler).Register-fm (4 handlers)
[GIN-debug] POST   /api/users/admin          --> go-biz-admin/handlers.(*UserHandler).CreateAdminAccount-fm (4 handlers)
[GIN-debug] GET    /api/user                 --> go-biz-admin/handlers.(*UserHandler).GetCurrentUser-fm (5 handlers)
[GIN-debug] GET    /api/suppliers            --> go-biz-admin/handlers.(*SystemHandler).GetSuppliers-fm (4 handlers)
[GIN-debug] GET    /api/suppliers/:id        --> go-biz-admin/handlers.(*SystemHandler).GetSupplier-fm (4 handlers)
[GIN-debug] POST   /api/suppliers            --> go-biz-admin/handlers.(*SystemHandler).CreateSupplier-fm (4 handlers)
[GIN-debug] DELETE /api/suppliers/:id        --> go-biz-admin/handlers.(*SystemHandler).DeleteSupplier-fm (4 handlers)
[GIN-debug] POST   /api/suppliers/:id/sync   --> go-biz-admin/handlers.(*SystemHandler).SyncSupplierInfo-fm (4 handlers)
[GIN-debug] POST   /api/suppliers/:id/sync-products --> go-biz-admin/handlers.(*SystemHandler).SyncProductsFromSupplier-fm (4 handlers)
[GIN-debug] GET    /api/zjmf/suppliers       --> go-biz-admin/handlers.(*ZJMFHandler).GetSuppliers-fm (4 handlers)
[GIN-debug] GET    /api/zjmf/user/:id        --> go-biz-admin/handlers.(*ZJMFHandler).GetUserDetail-fm (4 handlers)
[GIN-debug] POST   /api/zjmf/server          --> go-biz-admin/handlers.(*ZJMFHandler).CreateServer-fm (4 handlers)
[GIN-debug] POST   /api/zjmf/sync-servers    --> go-biz-admin/handlers.(*ZJMFHandler).SyncServers-fm (4 handlers)
[GIN-debug] POST   /api/zjmf/info            --> go-biz-admin/handlers.(*ZJMFHandler).GetInfo-fm (4 handlers)
[GIN-debug] POST   /api/zjmf/products        --> go-biz-admin/handlers.(*ZJMFHandler).GetProducts-fm (4 handlers)
[GIN-debug] GET    /api/tasks                --> go-biz-admin/handlers.(*SystemHandler).GetTasks-fm (5 handlers)
[GIN-debug] GET    /api/tasks/:id            --> go-biz-admin/handlers.(*SystemHandler).GetTask-fm (5 handlers)
[GIN-debug] POST   /api/tasks                --> go-biz-admin/handlers.(*SystemHandler).CreateTask-fm (5 handlers)
[GIN-debug] PUT    /api/tasks/:id            --> go-biz-admin/handlers.(*SystemHandler).UpdateTask-fm (5 handlers)
[GIN-debug] DELETE /api/tasks/:id            --> go-biz-admin/handlers.(*SystemHandler).DeleteTask-fm (5 handlers)
[GIN-debug] POST   /api/tasks/:id/run        --> go-biz-admin/handlers.(*SystemHandler).RunTask-fm (5 handlers)
[GIN-debug] GET    /api/orders/products      --> go-biz-admin/handlers.(*OrderHandler).GetProductOrders-fm (5 handlers)
[GIN-debug] GET    /api/orders/products/:id  --> go-biz-admin/handlers.(*OrderHandler).GetProductOrder-fm (5 handlers)
[GIN-debug] POST   /api/orders/products      --> go-biz-admin/handlers.(*OrderHandler).CreateProductOrder-fm (5 handlers)
[GIN-debug] PUT    /api/orders/products/:id  --> go-biz-admin/handlers.(*OrderHandler).UpdateProductOrder-fm (5 handlers)
[GIN-debug] GET    /api/orders/renewals      --> go-biz-admin/handlers.(*OrderHandler).GetRenewalOrders-fm (5 handlers)
[GIN-debug] GET    /api/orders/renewals/:id  --> go-biz-admin/handlers.(*OrderHandler).GetRenewalOrder-fm (5 handlers)
[GIN-debug] POST   /api/orders/renewals      --> go-biz-admin/handlers.(*OrderHandler).CreateRenewalOrder-fm (5 handlers)
[GIN-debug] PUT    /api/orders/renewals/:id  --> go-biz-admin/handlers.(*OrderHandler).UpdateRenewalOrder-fm (5 handlers)
[GIN-debug] GET    /api/finance/transactions --> go-biz-admin/handlers.(*FinanceHandler).GetTransactions-fm (5 handlers)
[GIN-debug] GET    /api/finance/transactions/:id --> go-biz-admin/handlers.(*FinanceHandler).GetTransaction-fm (5 handlers)
[GIN-debug] GET    /api/finance/bills        --> go-biz-admin/handlers.(*FinanceHandler).GetBills-fm (5 handlers)
[GIN-debug] GET    /api/finance/bills/:id    --> go-biz-admin/handlers.(*FinanceHandler).GetBill-fm (5 handlers)
[GIN-debug] PUT    /api/finance/bills/:id/pay --> go-biz-admin/handlers.(*FinanceHandler).PayBill-fm (5 handlers)
[GIN-debug] POST   /api/finance/bills        --> go-biz-admin/handlers.(*FinanceHandler).CreateBill-fm (5 handlers)
[GIN-debug] PUT    /api/finance/bills/:id    --> go-biz-admin/handlers.(*FinanceHandler).UpdateBill-fm (5 handlers)
[GIN-debug] GET    /api/tickets              --> go-biz-admin/handlers.(*TicketHandler).GetTickets-fm (5 handlers)
[GIN-debug] GET    /api/tickets/:id          --> go-biz-admin/handlers.(*TicketHandler).GetTicket-fm (5 handlers)
[GIN-debug] POST   /api/tickets              --> go-biz-admin/handlers.(*TicketHandler).CreateTicket-fm (5 handlers)
[GIN-debug] PUT    /api/tickets/:id          --> go-biz-admin/handlers.(*TicketHandler).UpdateTicket-fm (5 handlers)
[GIN-debug] GET    /api/tickets/stats        --> go-biz-admin/handlers.(*TicketHandler).GetTicketStats-fm (5 handlers)
[GIN-debug] GET    /api/system/settings      --> go-biz-admin/handlers.(*SystemHandler).GetSystemSettings-fm (5 handlers)
[GIN-debug] PUT    /api/system/settings      --> go-biz-admin/handlers.(*SystemHandler).UpdateSystemSettings-fm (5 handlers)
[GIN-debug] GET    /api/products             --> go-biz-admin/handlers.(*SystemHandler).GetProducts-fm (5 handlers)
[GIN-debug] GET    /admin/v1/supplier/:id    --> go-biz-admin/handlers.(*SystemHandler).AdminGetSupplierDetail-fm (6 handlers)
[GIN-debug] GET    /admin/v1/upstream/host   --> go-biz-admin/handlers.(*UpstreamProductHandler).GetProductList-fm (6 handlers)
[GIN-debug] GET    /admin/v1/upstream/host/:id --> go-biz-admin/handlers.(*UpstreamProductHandler).GetProductByID-fm (6 handlers)
[GIN-debug] POST   /admin/v1/upstream/host   --> go-biz-admin/handlers.(*UpstreamProductHandler).CreateProduct-fm (6 handlers)
[GIN-debug] PUT    /admin/v1/upstream/host/:id --> go-biz-admin/handlers.(*UpstreamProductHandler).UpdateProduct-fm (6 handlers)
[GIN-debug] DELETE /admin/v1/upstream/host/:id --> go-biz-admin/handlers.(*UpstreamProductHandler).DeleteProduct-fm (6 handlers)
[GIN-debug] GET    /admin/v1/upstream/host/status-options --> go-biz-admin/handlers.(*UpstreamProductHandler).GetStatusOptions-fm (6 handlers)
[GIN-debug] GET    /admin/v1/upstream/host/billing-cycle-options --> go-biz-admin/handlers.(*UpstreamProductHandler).GetBillingCycleOptions-fm (6 handlers)
[GIN-debug] [WARNING] You trusted all proxies, this is NOT safe. We recommend you to set a value.
Please check https://pkg.go.dev/github.com/gin-gonic/gin#readme-don-t-trust-all-proxies for details.
[GIN-debug] Listening and serving HTTP on :8081
[GIN-debug] [WARNING] Running in "debug" mode. Switch to "release" mode in production.
 - using env:	export GIN_MODE=release
 - using code:	gin.SetMode(gin.ReleaseMode)

[GIN-debug] POST   /api/auth/login           --> go-biz-admin/handlers.(*UserHandler).Login-fm (4 handlers)
[GIN-debug] POST   /api/auth/register        --> go-biz-admin/handlers.(*UserHandler).Register-fm (4 handlers)
[GIN-debug] GET    /api/users                --> go-biz-admin/handlers.(*UserHandler).GetUsers-fm (4 handlers)
[GIN-debug] POST   /api/users                --> go-biz-admin/handlers.(*UserHandler).Register-fm (4 handlers)
[GIN-debug] POST   /api/users/admin          --> go-biz-admin/handlers.(*UserHandler).CreateAdminAccount-fm (4 handlers)
[GIN-debug] GET    /api/user                 --> go-biz-admin/handlers.(*UserHandler).GetCurrentUser-fm (5 handlers)
[GIN-debug] GET    /api/suppliers            --> go-biz-admin/handlers.(*SystemHandler).GetSuppliers-fm (4 handlers)
[GIN-debug] GET    /api/suppliers/:id        --> go-biz-admin/handlers.(*SystemHandler).GetSupplier-fm (4 handlers)
[GIN-debug] POST   /api/suppliers            --> go-biz-admin/handlers.(*SystemHandler).CreateSupplier-fm (4 handlers)
[GIN-debug] DELETE /api/suppliers/:id        --> go-biz-admin/handlers.(*SystemHandler).DeleteSupplier-fm (4 handlers)
[GIN-debug] POST   /api/suppliers/:id/sync   --> go-biz-admin/handlers.(*SystemHandler).SyncSupplierInfo-fm (4 handlers)
[GIN-debug] POST   /api/suppliers/:id/sync-products --> go-biz-admin/handlers.(*SystemHandler).SyncProductsFromSupplier-fm (4 handlers)
[GIN-debug] GET    /api/zjmf/suppliers       --> go-biz-admin/handlers.(*ZJMFHandler).GetSuppliers-fm (4 handlers)
[GIN-debug] GET    /api/zjmf/user/:id        --> go-biz-admin/handlers.(*ZJMFHandler).GetUserDetail-fm (4 handlers)
[GIN-debug] POST   /api/zjmf/server          --> go-biz-admin/handlers.(*ZJMFHandler).CreateServer-fm (4 handlers)
[GIN-debug] POST   /api/zjmf/sync-servers    --> go-biz-admin/handlers.(*ZJMFHandler).SyncServers-fm (4 handlers)
[GIN-debug] POST   /api/zjmf/info            --> go-biz-admin/handlers.(*ZJMFHandler).GetInfo-fm (4 handlers)
[GIN-debug] POST   /api/zjmf/products        --> go-biz-admin/handlers.(*ZJMFHandler).GetProducts-fm (4 handlers)
[GIN-debug] GET    /api/tasks                --> go-biz-admin/handlers.(*SystemHandler).GetTasks-fm (5 handlers)
[GIN-debug] GET    /api/tasks/:id            --> go-biz-admin/handlers.(*SystemHandler).GetTask-fm (5 handlers)
[GIN-debug] POST   /api/tasks                --> go-biz-admin/handlers.(*SystemHandler).CreateTask-fm (5 handlers)
[GIN-debug] PUT    /api/tasks/:id            --> go-biz-admin/handlers.(*SystemHandler).UpdateTask-fm (5 handlers)
[GIN-debug] DELETE /api/tasks/:id            --> go-biz-admin/handlers.(*SystemHandler).DeleteTask-fm (5 handlers)
[GIN-debug] POST   /api/tasks/:id/run        --> go-biz-admin/handlers.(*SystemHandler).RunTask-fm (5 handlers)
[GIN-debug] GET    /api/orders/products      --> go-biz-admin/handlers.(*OrderHandler).GetProductOrders-fm (5 handlers)
[GIN-debug] GET    /api/orders/products/:id  --> go-biz-admin/handlers.(*OrderHandler).GetProductOrder-fm (5 handlers)
[GIN-debug] POST   /api/orders/products      --> go-biz-admin/handlers.(*OrderHandler).CreateProductOrder-fm (5 handlers)
[GIN-debug] PUT    /api/orders/products/:id  --> go-biz-admin/handlers.(*OrderHandler).UpdateProductOrder-fm (5 handlers)
[GIN-debug] GET    /api/orders/renewals      --> go-biz-admin/handlers.(*OrderHandler).GetRenewalOrders-fm (5 handlers)
[GIN-debug] GET    /api/orders/renewals/:id  --> go-biz-admin/handlers.(*OrderHandler).GetRenewalOrder-fm (5 handlers)
[GIN-debug] POST   /api/orders/renewals      --> go-biz-admin/handlers.(*OrderHandler).CreateRenewalOrder-fm (5 handlers)
[GIN-debug] PUT    /api/orders/renewals/:id  --> go-biz-admin/handlers.(*OrderHandler).UpdateRenewalOrder-fm (5 handlers)
[GIN-debug] GET    /api/finance/transactions --> go-biz-admin/handlers.(*FinanceHandler).GetTransactions-fm (5 handlers)
[GIN-debug] GET    /api/finance/transactions/:id --> go-biz-admin/handlers.(*FinanceHandler).GetTransaction-fm (5 handlers)
[GIN-debug] GET    /api/finance/bills        --> go-biz-admin/handlers.(*FinanceHandler).GetBills-fm (5 handlers)
[GIN-debug] GET    /api/finance/bills/:id    --> go-biz-admin/handlers.(*FinanceHandler).GetBill-fm (5 handlers)
[GIN-debug] PUT    /api/finance/bills/:id/pay --> go-biz-admin/handlers.(*FinanceHandler).PayBill-fm (5 handlers)
[GIN-debug] POST   /api/finance/bills        --> go-biz-admin/handlers.(*FinanceHandler).CreateBill-fm (5 handlers)
[GIN-debug] PUT    /api/finance/bills/:id    --> go-biz-admin/handlers.(*FinanceHandler).UpdateBill-fm (5 handlers)
[GIN-debug] GET    /api/tickets              --> go-biz-admin/handlers.(*TicketHandler).GetTickets-fm (5 handlers)
[GIN-debug] GET    /api/tickets/:id          --> go-biz-admin/handlers.(*TicketHandler).GetTicket-fm (5 handlers)
[GIN-debug] POST   /api/tickets              --> go-biz-admin/handlers.(*TicketHandler).CreateTicket-fm (5 handlers)
[GIN-debug] PUT    /api/tickets/:id          --> go-biz-admin/handlers.(*TicketHandler).UpdateTicket-fm (5 handlers)
[GIN-debug] GET    /api/tickets/stats        --> go-biz-admin/handlers.(*TicketHandler).GetTicketStats-fm (5 handlers)
[GIN-debug] GET    /api/system/settings      --> go-biz-admin/handlers.(*SystemHandler).GetSystemSettings-fm (5 handlers)
[GIN-debug] PUT    /api/system/settings      --> go-biz-admin/handlers.(*SystemHandler).UpdateSystemSettings-fm (5 handlers)
[GIN-debug] GET    /api/products             --> go-biz-admin/handlers.(*SystemHandler).GetProducts-fm (5 handlers)
[GIN-debug] GET    /admin/v1/supplier/:id    --> go-biz-admin/handlers.(*SystemHandler).AdminGetSupplierDetail-fm (6 handlers)
[GIN-debug] GET    /admin/v1/upstream/host   --> go-biz-admin/handlers.(*UpstreamProductHandler).GetProductList-fm (6 handlers)
[GIN-debug] GET    /admin/v1/upstream/host/:id --> go-biz-admin/handlers.(*UpstreamProductHandler).GetProductByID-fm (6 handlers)
[GIN-debug] POST   /admin/v1/upstream/host   --> go-biz-admin/handlers.(*UpstreamProductHandler).CreateProduct-fm (6 handlers)
[GIN-debug] PUT    /admin/v1/upstream/host/:id --> go-biz-admin/handlers.(*UpstreamProductHandler).UpdateProduct-fm (6 handlers)
[GIN-debug] DELETE /admin/v1/upstream/host/:id --> go-biz-admin/handlers.(*UpstreamProductHandler).DeleteProduct-fm (6 handlers)
[GIN-debug] GET    /admin/v1/upstream/host/status-options --> go-biz-admin/handlers.(*UpstreamProductHandler).GetStatusOptions-fm (6 handlers)
[GIN-debug] GET    /admin/v1/upstream/host/billing-cycle-options --> go-biz-admin/handlers.(*UpstreamProductHandler).GetBillingCycleOptions-fm (6 handlers)
[GIN-debug] [WARNING] You trusted all proxies, this is NOT safe. We recommend you to set a value.
Please check https://pkg.go.dev/github.com/gin-gonic/gin#readme-don-t-trust-all-proxies for details.
[GIN-debug] Listening and serving HTTP on :8081
[GIN] 2026/02/04 - 16:33:40 | 204 |      2.7917ms |             ::1 | OPTIONS  "/api/user"
[GIN] 2026/02/04 - 16:33:40 | 204 |      2.7917ms |             ::1 | OPTIONS  "/api/products"
[GIN] 2026/02/04 - 16:33:40 | 200 |      7.2133ms |             ::1 | GET      "/api/products"
[GIN] 2026/02/04 - 16:33:40 | 200 |     13.9856ms |             ::1 | GET      "/api/user"
[GIN] 2026/02/04 - 16:33:40 | 204 |            0s |             ::1 | OPTIONS  "/api/user"
[GIN] 2026/02/04 - 16:33:40 | 200 |      2.8973ms |             ::1 | GET      "/api/user"
[GIN] 2026/02/04 - 16:33:40 | 204 |            0s |             ::1 | OPTIONS  "/api/products"
[GIN] 2026/02/04 - 16:33:40 | 200 |      1.2612ms |             ::1 | GET      "/api/products"
[GIN] 2026/02/04 - 16:33:47 | 401 |       2.611ms |             ::1 | GET      "/api/products"
[GIN] 2026/02/04 - 16:33:48 | 204 |            0s |             ::1 | OPTIONS  "/api/auth/login"
[GIN] 2026/02/04 - 16:33:48 | 200 |     56.2042ms |             ::1 | POST     "/api/auth/login"
[GIN] 2026/02/04 - 16:33:48 | 204 |            0s |             ::1 | OPTIONS  "/api/user"
[GIN] 2026/02/04 - 16:33:48 | 200 |      2.9994ms |             ::1 | GET      "/api/user"
[GIN] 2026/02/04 - 16:33:48 | 204 |            0s |             ::1 | OPTIONS  "/api/products"
[GIN] 2026/02/04 - 16:33:48 | 204 |            0s |             ::1 | OPTIONS  "/api/user"
[GIN] 2026/02/04 - 16:33:48 | 200 |      1.0733ms |             ::1 | GET      "/api/products"
[GIN] 2026/02/04 - 16:33:48 | 200 |      2.8176ms |             ::1 | GET      "/api/user"
[GIN] 2026/02/04 - 16:33:49 | 204 |            0s |             ::1 | OPTIONS  "/api/user"
[GIN] 2026/02/04 - 16:33:49 | 200 |      3.9776ms |             ::1 | GET      "/api/user"
[GIN] 2026/02/04 - 16:33:49 | 200 |      4.1862ms |             ::1 | GET      "/api/user"
[GIN] 2026/02/04 - 16:33:49 | 200 |      2.5705ms |             ::1 | GET      "/api/user"
[GIN] 2026/02/04 - 16:33:50 | 200 |      2.9473ms |             ::1 | GET      "/api/user"
[GIN] 2026/02/04 - 16:33:51 | 200 |      3.5316ms |             ::1 | GET      "/api/user"
[GIN] 2026/02/04 - 16:33:51 | 204 |            0s |             ::1 | OPTIONS  "/api/users?page=1&limit=10&status=&role="
[GIN] 2026/02/04 - 16:33:51 | 200 |      1.9304ms |             ::1 | GET      "/api/users?page=1&limit=10&status=&role="
[GIN] 2026/02/04 - 16:33:52 | 200 |      3.3665ms |             ::1 | GET      "/api/user"
[GIN] 2026/02/04 - 16:33:52 | 204 |            0s |             ::1 | OPTIONS  "/api/products?page=1&limit=10&status="
[GIN] 2026/02/04 - 16:33:52 | 200 |      2.0505ms |             ::1 | GET      "/api/products?page=1&limit=10&status="
[GIN] 2026/02/04 - 16:33:52 | 200 |      2.6782ms |             ::1 | GET      "/api/user"
[GIN] 2026/02/04 - 16:33:52 | 204 |            0s |             ::1 | OPTIONS  "/api/orders/products?page=1&limit=10&status=&user_id="
[GIN] 2026/02/04 - 16:33:52 | 204 |            0s |             ::1 | OPTIONS  "/api/orders/renewals?page=1&limit=10&status=&user_id="
[GIN] 2026/02/04 - 16:33:52 | 200 |      3.4207ms |             ::1 | GET      "/api/orders/renewals?page=1&limit=10&status=&user_id="
[GIN] 2026/02/04 - 16:33:52 | 200 |      4.0025ms |             ::1 | GET      "/api/orders/products?page=1&limit=10&status=&user_id="
[GIN] 2026/02/04 - 16:33:53 | 200 |      2.0208ms |             ::1 | GET      "/api/user"
[GIN] 2026/02/04 - 16:33:53 | 200 |      3.0911ms |             ::1 | GET      "/api/user"
[GIN] 2026/02/04 - 16:33:53 | 200 |      2.9386ms |             ::1 | GET      "/api/user"
[GIN] 2026/02/04 - 16:33:53 | 204 |            0s |             ::1 | OPTIONS  "/api/suppliers?page=1&limit=10&status="
[GIN] 2026/02/04 - 16:33:53 | 200 |      1.6062ms |             ::1 | GET      "/api/suppliers?page=1&limit=10&status="
[GIN] 2026/02/04 - 16:33:54 | 200 |      2.7843ms |             ::1 | GET      "/api/user"
[GIN] 2026/02/04 - 16:33:54 | 204 |            0s |             ::1 | OPTIONS  "/api/tasks?page=1&limit=10&status=&task_type="
[GIN] 2026/02/04 - 16:33:54 | 200 |      2.1624ms |             ::1 | GET      "/api/tasks?page=1&limit=10&status=&task_type="
[GIN] 2026/02/04 - 16:33:54 | 200 |      3.4034ms |             ::1 | GET      "/api/user"
[GIN] 2026/02/04 - 16:33:54 | 204 |            0s |             ::1 | OPTIONS  "/api/system/settings"
[GIN] 2026/02/04 - 16:33:54 | 200 |            0s |             ::1 | GET      "/api/system/settings"
[GIN] 2026/02/04 - 16:33:58 | 200 |      2.5351ms |             ::1 | GET      "/api/user"
[GIN] 2026/02/04 - 16:33:58 | 204 |            0s |             ::1 | OPTIONS  "/api/products?page=1&limit=10&status="
[GIN] 2026/02/04 - 16:33:58 | 200 |       1.507ms |             ::1 | GET      "/api/products?page=1&limit=10&status="
[GIN] 2026/02/04 - 16:34:00 | 200 |      2.6343ms |             ::1 | GET      "/api/user"
[GIN] 2026/02/04 - 16:34:00 | 204 |            0s |             ::1 | OPTIONS  "/api/users?page=1&limit=10&status=&role="
[GIN] 2026/02/04 - 16:34:00 | 200 |      1.2426ms |             ::1 | GET      "/api/users?page=1&limit=10&status=&role="
[GIN] 2026/02/04 - 16:34:00 | 200 |      2.1912ms |             ::1 | GET      "/api/user"
[GIN] 2026/02/04 - 16:34:01 | 200 |      2.9813ms |             ::1 | GET      "/api/user"
[GIN] 2026/02/04 - 16:34:01 | 204 |            0s |             ::1 | OPTIONS  "/api/users?page=1&limit=10&status=&role="
[GIN] 2026/02/04 - 16:34:01 | 200 |      1.0242ms |             ::1 | GET      "/api/users?page=1&limit=10&status=&role="
[GIN] 2026/02/04 - 16:34:01 | 200 |      2.9431ms |             ::1 | GET      "/api/user"
[GIN] 2026/02/04 - 16:34:01 | 204 |            0s |             ::1 | OPTIONS  "/api/orders/products?page=1&limit=10&status=&user_id="
[GIN] 2026/02/04 - 16:34:01 | 204 |            0s |             ::1 | OPTIONS  "/api/orders/renewals?page=1&limit=10&status=&user_id="
[GIN] 2026/02/04 - 16:34:01 | 200 |      1.0549ms |             ::1 | GET      "/api/orders/products?page=1&limit=10&status=&user_id="
[GIN] 2026/02/04 - 16:34:01 | 200 |      1.0549ms |             ::1 | GET      "/api/orders/renewals?page=1&limit=10&status=&user_id="
[GIN] 2026/02/04 - 16:34:01 | 200 |      2.8497ms |             ::1 | GET      "/api/user"
[GIN] 2026/02/04 - 16:34:03 | 204 |            0s |             ::1 | OPTIONS  "/api/user"
[GIN] 2026/02/04 - 16:34:03 | 204 |            0s |             ::1 | OPTIONS  "/api/user"
[GIN] 2026/02/04 - 16:34:03 | 200 |      2.9063ms |             ::1 | GET      "/api/user"
[GIN] 2026/02/04 - 16:34:03 | 200 |      2.2998ms |             ::1 | GET      "/api/user"
[GIN] 2026/02/04 - 16:34:03 | 204 |            0s |             ::1 | OPTIONS  "/api/users/1/profile"
[GIN] 2026/02/04 - 16:34:03 | 404 |            0s |             ::1 | GET      "/api/users/1/profile"
[GIN] 2026/02/04 - 16:34:09 | 401 |            0s |             ::1 | GET      "/api/products"
[GIN] 2026/02/04 - 16:34:16 | 204 |            0s |             ::1 | OPTIONS  "/api/auth/register"
[GIN] 2026/02/04 - 16:34:16 | 409 |      1.6094ms |             ::1 | POST     "/api/auth/register"
[GIN] 2026/02/04 - 16:34:25 | 201 |    207.9566ms |             ::1 | POST     "/api/auth/register"
[GIN] 2026/02/04 - 16:34:29 | 200 |     52.2507ms |             ::1 | POST     "/api/auth/login"
[GIN] 2026/02/04 - 16:34:29 | 204 |            0s |             ::1 | OPTIONS  "/api/user"
[GIN] 2026/02/04 - 16:34:29 | 200 |      2.5485ms |             ::1 | GET      "/api/user"
[GIN] 2026/02/04 - 16:34:29 | 204 |            0s |             ::1 | OPTIONS  "/api/products"
[GIN] 2026/02/04 - 16:34:29 | 204 |            0s |             ::1 | OPTIONS  "/api/user"
[GIN] 2026/02/04 - 16:34:29 | 200 |      1.5727ms |             ::1 | GET      "/api/products"
[GIN] 2026/02/04 - 16:34:29 | 200 |      3.0293ms |             ::1 | GET      "/api/user"
[GIN] 2026/02/04 - 16:34:37 | 204 |            0s |             ::1 | OPTIONS  "/api/user"
[GIN] 2026/02/04 - 16:34:37 | 200 |      3.1944ms |             ::1 | GET      "/api/user"
[GIN] 2026/02/04 - 16:34:39 | 401 |            0s |             ::1 | GET      "/api/products"
[GIN] 2026/02/04 - 16:34:42 | 200 |     52.7545ms |             ::1 | POST     "/api/auth/login"
[GIN] 2026/02/04 - 16:34:42 | 204 |            0s |             ::1 | OPTIONS  "/api/user"
[GIN] 2026/02/04 - 16:34:42 | 200 |      2.8093ms |             ::1 | GET      "/api/user"
[GIN] 2026/02/04 - 16:34:42 | 204 |            0s |             ::1 | OPTIONS  "/api/products"
[GIN] 2026/02/04 - 16:34:42 | 204 |            0s |             ::1 | OPTIONS  "/api/user"
[GIN] 2026/02/04 - 16:34:42 | 200 |      1.0909ms |             ::1 | GET      "/api/products"
[GIN] 2026/02/04 - 16:34:42 | 200 |      3.4927ms |             ::1 | GET      "/api/user"
[GIN-debug] [WARNING] Running in "debug" mode. Switch to "release" mode in production.
 - using env:	export GIN_MODE=release
 - using code:	gin.SetMode(gin.ReleaseMode)

[GIN-debug] POST   /api/auth/login           --> go-biz-admin/handlers.(*UserHandler).Login-fm (4 handlers)
[GIN-debug] POST   /api/auth/register        --> go-biz-admin/handlers.(*UserHandler).Register-fm (4 handlers)
[GIN-debug] GET    /api/users                --> go-biz-admin/handlers.(*UserHandler).GetUsers-fm (4 handlers)
[GIN-debug] POST   /api/users                --> go-biz-admin/handlers.(*UserHandler).Register-fm (4 handlers)
[GIN-debug] POST   /api/users/admin          --> go-biz-admin/handlers.(*UserHandler).CreateAdminAccount-fm (4 handlers)
[GIN-debug] GET    /api/user                 --> go-biz-admin/handlers.(*UserHandler).GetCurrentUser-fm (5 handlers)
[GIN-debug] GET    /api/suppliers            --> go-biz-admin/handlers.(*SystemHandler).GetSuppliers-fm (4 handlers)
[GIN-debug] GET    /api/suppliers/:id        --> go-biz-admin/handlers.(*SystemHandler).GetSupplier-fm (4 handlers)
[GIN-debug] POST   /api/suppliers            --> go-biz-admin/handlers.(*SystemHandler).CreateSupplier-fm (4 handlers)
[GIN-debug] DELETE /api/suppliers/:id        --> go-biz-admin/handlers.(*SystemHandler).DeleteSupplier-fm (4 handlers)
[GIN-debug] POST   /api/suppliers/:id/sync   --> go-biz-admin/handlers.(*SystemHandler).SyncSupplierInfo-fm (4 handlers)
[GIN-debug] POST   /api/suppliers/:id/sync-products --> go-biz-admin/handlers.(*SystemHandler).SyncProductsFromSupplier-fm (4 handlers)
[GIN-debug] GET    /api/zjmf/suppliers       --> go-biz-admin/handlers.(*ZJMFHandler).GetSuppliers-fm (4 handlers)
[GIN-debug] GET    /api/zjmf/user/:id        --> go-biz-admin/handlers.(*ZJMFHandler).GetUserDetail-fm (4 handlers)
[GIN-debug] POST   /api/zjmf/server          --> go-biz-admin/handlers.(*ZJMFHandler).CreateServer-fm (4 handlers)
[GIN-debug] POST   /api/zjmf/sync-servers    --> go-biz-admin/handlers.(*ZJMFHandler).SyncServers-fm (4 handlers)
[GIN-debug] POST   /api/zjmf/info            --> go-biz-admin/handlers.(*ZJMFHandler).GetInfo-fm (4 handlers)
[GIN-debug] POST   /api/zjmf/products        --> go-biz-admin/handlers.(*ZJMFHandler).GetProducts-fm (4 handlers)
[GIN-debug] GET    /api/tasks                --> go-biz-admin/handlers.(*SystemHandler).GetTasks-fm (5 handlers)
[GIN-debug] GET    /api/tasks/:id            --> go-biz-admin/handlers.(*SystemHandler).GetTask-fm (5 handlers)
[GIN-debug] POST   /api/tasks                --> go-biz-admin/handlers.(*SystemHandler).CreateTask-fm (5 handlers)
[GIN-debug] PUT    /api/tasks/:id            --> go-biz-admin/handlers.(*SystemHandler).UpdateTask-fm (5 handlers)
[GIN-debug] DELETE /api/tasks/:id            --> go-biz-admin/handlers.(*SystemHandler).DeleteTask-fm (5 handlers)
[GIN-debug] POST   /api/tasks/:id/run        --> go-biz-admin/handlers.(*SystemHandler).RunTask-fm (5 handlers)
[GIN-debug] GET    /api/orders/products      --> go-biz-admin/handlers.(*OrderHandler).GetProductOrders-fm (5 handlers)
[GIN-debug] GET    /api/orders/products/:id  --> go-biz-admin/handlers.(*OrderHandler).GetProductOrder-fm (5 handlers)
[GIN-debug] POST   /api/orders/products      --> go-biz-admin/handlers.(*OrderHandler).CreateProductOrder-fm (5 handlers)
[GIN-debug] PUT    /api/orders/products/:id  --> go-biz-admin/handlers.(*OrderHandler).UpdateProductOrder-fm (5 handlers)
[GIN-debug] GET    /api/orders/renewals      --> go-biz-admin/handlers.(*OrderHandler).GetRenewalOrders-fm (5 handlers)
[GIN-debug] GET    /api/orders/renewals/:id  --> go-biz-admin/handlers.(*OrderHandler).GetRenewalOrder-fm (5 handlers)
[GIN-debug] POST   /api/orders/renewals      --> go-biz-admin/handlers.(*OrderHandler).CreateRenewalOrder-fm (5 handlers)
[GIN-debug] PUT    /api/orders/renewals/:id  --> go-biz-admin/handlers.(*OrderHandler).UpdateRenewalOrder-fm (5 handlers)
[GIN-debug] GET    /api/finance/transactions --> go-biz-admin/handlers.(*FinanceHandler).GetTransactions-fm (5 handlers)
[GIN-debug] GET    /api/finance/transactions/:id --> go-biz-admin/handlers.(*FinanceHandler).GetTransaction-fm (5 handlers)
[GIN-debug] GET    /api/finance/bills        --> go-biz-admin/handlers.(*FinanceHandler).GetBills-fm (5 handlers)
[GIN-debug] GET    /api/finance/bills/:id    --> go-biz-admin/handlers.(*FinanceHandler).GetBill-fm (5 handlers)
[GIN-debug] PUT    /api/finance/bills/:id/pay --> go-biz-admin/handlers.(*FinanceHandler).PayBill-fm (5 handlers)
[GIN-debug] POST   /api/finance/bills        --> go-biz-admin/handlers.(*FinanceHandler).CreateBill-fm (5 handlers)
[GIN-debug] PUT    /api/finance/bills/:id    --> go-biz-admin/handlers.(*FinanceHandler).UpdateBill-fm (5 handlers)
[GIN-debug] GET    /api/tickets              --> go-biz-admin/handlers.(*TicketHandler).GetTickets-fm (5 handlers)
[GIN-debug] GET    /api/tickets/:id          --> go-biz-admin/handlers.(*TicketHandler).GetTicket-fm (5 handlers)
[GIN-debug] POST   /api/tickets              --> go-biz-admin/handlers.(*TicketHandler).CreateTicket-fm (5 handlers)
[GIN-debug] PUT    /api/tickets/:id          --> go-biz-admin/handlers.(*TicketHandler).UpdateTicket-fm (5 handlers)
[GIN-debug] GET    /api/tickets/stats        --> go-biz-admin/handlers.(*TicketHandler).GetTicketStats-fm (5 handlers)
[GIN-debug] GET    /api/system/settings      --> go-biz-admin/handlers.(*SystemHandler).GetSystemSettings-fm (5 handlers)
[GIN-debug] PUT    /api/system/settings      --> go-biz-admin/handlers.(*SystemHandler).UpdateSystemSettings-fm (5 handlers)
[GIN-debug] GET    /api/products             --> go-biz-admin/handlers.(*SystemHandler).GetProducts-fm (5 handlers)
[GIN-debug] GET    /admin/v1/supplier/:id    --> go-biz-admin/handlers.(*SystemHandler).AdminGetSupplierDetail-fm (6 handlers)
[GIN-debug] GET    /admin/v1/upstream/host   --> go-biz-admin/handlers.(*UpstreamProductHandler).GetProductList-fm (6 handlers)
[GIN-debug] GET    /admin/v1/upstream/host/:id --> go-biz-admin/handlers.(*UpstreamProductHandler).GetProductByID-fm (6 handlers)
[GIN-debug] POST   /admin/v1/upstream/host   --> go-biz-admin/handlers.(*UpstreamProductHandler).CreateProduct-fm (6 handlers)
[GIN-debug] PUT    /admin/v1/upstream/host/:id --> go-biz-admin/handlers.(*UpstreamProductHandler).UpdateProduct-fm (6 handlers)
[GIN-debug] DELETE /admin/v1/upstream/host/:id --> go-biz-admin/handlers.(*UpstreamProductHandler).DeleteProduct-fm (6 handlers)
[GIN-debug] GET    /admin/v1/upstream/host/status-options --> go-biz-admin/handlers.(*UpstreamProductHandler).GetStatusOptions-fm (6 handlers)
[GIN-debug] GET    /admin/v1/upstream/host/billing-cycle-options --> go-biz-admin/handlers.(*UpstreamProductHandler).GetBillingCycleOptions-fm (6 handlers)
[GIN-debug] [WARNING] You trusted all proxies, this is NOT safe. We recommend you to set a value.
Please check https://pkg.go.dev/github.com/gin-gonic/gin#readme-don-t-trust-all-proxies for details.
[GIN-debug] Listening and serving HTTP on :8081
[GIN-debug] [WARNING] Running in "debug" mode. Switch to "release" mode in production.
 - using env:	export GIN_MODE=release
 - using code:	gin.SetMode(gin.ReleaseMode)

[GIN-debug] POST   /api/auth/login           --> go-biz-admin/handlers.(*UserHandler).Login-fm (4 handlers)
[GIN-debug] POST   /api/auth/register        --> go-biz-admin/handlers.(*UserHandler).Register-fm (4 handlers)
[GIN-debug] GET    /api/users                --> go-biz-admin/handlers.(*UserHandler).GetUsers-fm (4 handlers)
[GIN-debug] POST   /api/users                --> go-biz-admin/handlers.(*UserHandler).Register-fm (4 handlers)
[GIN-debug] POST   /api/users/admin          --> go-biz-admin/handlers.(*UserHandler).CreateAdminAccount-fm (4 handlers)
[GIN-debug] GET    /api/user                 --> go-biz-admin/handlers.(*UserHandler).GetCurrentUser-fm (5 handlers)
[GIN-debug] GET    /api/suppliers            --> go-biz-admin/handlers.(*SystemHandler).GetSuppliers-fm (4 handlers)
[GIN-debug] GET    /api/suppliers/:id        --> go-biz-admin/handlers.(*SystemHandler).GetSupplier-fm (4 handlers)
[GIN-debug] POST   /api/suppliers            --> go-biz-admin/handlers.(*SystemHandler).CreateSupplier-fm (4 handlers)
[GIN-debug] DELETE /api/suppliers/:id        --> go-biz-admin/handlers.(*SystemHandler).DeleteSupplier-fm (4 handlers)
[GIN-debug] POST   /api/suppliers/:id/sync   --> go-biz-admin/handlers.(*SystemHandler).SyncSupplierInfo-fm (4 handlers)
[GIN-debug] POST   /api/suppliers/:id/sync-products --> go-biz-admin/handlers.(*SystemHandler).SyncProductsFromSupplier-fm (4 handlers)
[GIN-debug] GET    /api/zjmf/suppliers       --> go-biz-admin/handlers.(*ZJMFHandler).GetSuppliers-fm (4 handlers)
[GIN-debug] GET    /api/zjmf/user/:id        --> go-biz-admin/handlers.(*ZJMFHandler).GetUserDetail-fm (4 handlers)
[GIN-debug] POST   /api/zjmf/server          --> go-biz-admin/handlers.(*ZJMFHandler).CreateServer-fm (4 handlers)
[GIN-debug] POST   /api/zjmf/sync-servers    --> go-biz-admin/handlers.(*ZJMFHandler).SyncServers-fm (4 handlers)
[GIN-debug] POST   /api/zjmf/info            --> go-biz-admin/handlers.(*ZJMFHandler).GetInfo-fm (4 handlers)
[GIN-debug] POST   /api/zjmf/products        --> go-biz-admin/handlers.(*ZJMFHandler).GetProducts-fm (4 handlers)
[GIN-debug] GET    /api/tasks                --> go-biz-admin/handlers.(*SystemHandler).GetTasks-fm (5 handlers)
[GIN-debug] GET    /api/tasks/:id            --> go-biz-admin/handlers.(*SystemHandler).GetTask-fm (5 handlers)
[GIN-debug] POST   /api/tasks                --> go-biz-admin/handlers.(*SystemHandler).CreateTask-fm (5 handlers)
[GIN-debug] PUT    /api/tasks/:id            --> go-biz-admin/handlers.(*SystemHandler).UpdateTask-fm (5 handlers)
[GIN-debug] DELETE /api/tasks/:id            --> go-biz-admin/handlers.(*SystemHandler).DeleteTask-fm (5 handlers)
[GIN-debug] POST   /api/tasks/:id/run        --> go-biz-admin/handlers.(*SystemHandler).RunTask-fm (5 handlers)
[GIN-debug] GET    /api/orders/products      --> go-biz-admin/handlers.(*OrderHandler).GetProductOrders-fm (5 handlers)
[GIN-debug] GET    /api/orders/products/:id  --> go-biz-admin/handlers.(*OrderHandler).GetProductOrder-fm (5 handlers)
[GIN-debug] POST   /api/orders/products      --> go-biz-admin/handlers.(*OrderHandler).CreateProductOrder-fm (5 handlers)
[GIN-debug] PUT    /api/orders/products/:id  --> go-biz-admin/handlers.(*OrderHandler).UpdateProductOrder-fm (5 handlers)
[GIN-debug] GET    /api/orders/renewals      --> go-biz-admin/handlers.(*OrderHandler).GetRenewalOrders-fm (5 handlers)
[GIN-debug] GET    /api/orders/renewals/:id  --> go-biz-admin/handlers.(*OrderHandler).GetRenewalOrder-fm (5 handlers)
[GIN-debug] POST   /api/orders/renewals      --> go-biz-admin/handlers.(*OrderHandler).CreateRenewalOrder-fm (5 handlers)
[GIN-debug] PUT    /api/orders/renewals/:id  --> go-biz-admin/handlers.(*OrderHandler).UpdateRenewalOrder-fm (5 handlers)
[GIN-debug] GET    /api/finance/transactions --> go-biz-admin/handlers.(*FinanceHandler).GetTransactions-fm (5 handlers)
[GIN-debug] GET    /api/finance/transactions/:id --> go-biz-admin/handlers.(*FinanceHandler).GetTransaction-fm (5 handlers)
[GIN-debug] GET    /api/finance/bills        --> go-biz-admin/handlers.(*FinanceHandler).GetBills-fm (5 handlers)
[GIN-debug] GET    /api/finance/bills/:id    --> go-biz-admin/handlers.(*FinanceHandler).GetBill-fm (5 handlers)
[GIN-debug] PUT    /api/finance/bills/:id/pay --> go-biz-admin/handlers.(*FinanceHandler).PayBill-fm (5 handlers)
[GIN-debug] POST   /api/finance/bills        --> go-biz-admin/handlers.(*FinanceHandler).CreateBill-fm (5 handlers)
[GIN-debug] PUT    /api/finance/bills/:id    --> go-biz-admin/handlers.(*FinanceHandler).UpdateBill-fm (5 handlers)
[GIN-debug] GET    /api/tickets              --> go-biz-admin/handlers.(*TicketHandler).GetTickets-fm (5 handlers)
[GIN-debug] GET    /api/tickets/:id          --> go-biz-admin/handlers.(*TicketHandler).GetTicket-fm (5 handlers)
[GIN-debug] POST   /api/tickets              --> go-biz-admin/handlers.(*TicketHandler).CreateTicket-fm (5 handlers)
[GIN-debug] PUT    /api/tickets/:id          --> go-biz-admin/handlers.(*TicketHandler).UpdateTicket-fm (5 handlers)
[GIN-debug] GET    /api/tickets/stats        --> go-biz-admin/handlers.(*TicketHandler).GetTicketStats-fm (5 handlers)
[GIN-debug] GET    /api/system/settings      --> go-biz-admin/handlers.(*SystemHandler).GetSystemSettings-fm (5 handlers)
[GIN-debug] PUT    /api/system/settings      --> go-biz-admin/handlers.(*SystemHandler).UpdateSystemSettings-fm (5 handlers)
[GIN-debug] GET    /api/products             --> go-biz-admin/handlers.(*SystemHandler).GetProducts-fm (5 handlers)
[GIN-debug] GET    /admin/v1/supplier/:id    --> go-biz-admin/handlers.(*SystemHandler).AdminGetSupplierDetail-fm (6 handlers)
[GIN-debug] GET    /admin/v1/upstream/host   --> go-biz-admin/handlers.(*UpstreamProductHandler).GetProductList-fm (6 handlers)
[GIN-debug] GET    /admin/v1/upstream/host/:id --> go-biz-admin/handlers.(*UpstreamProductHandler).GetProductByID-fm (6 handlers)
[GIN-debug] POST   /admin/v1/upstream/host   --> go-biz-admin/handlers.(*UpstreamProductHandler).CreateProduct-fm (6 handlers)
[GIN-debug] PUT    /admin/v1/upstream/host/:id --> go-biz-admin/handlers.(*UpstreamProductHandler).UpdateProduct-fm (6 handlers)
[GIN-debug] DELETE /admin/v1/upstream/host/:id --> go-biz-admin/handlers.(*UpstreamProductHandler).DeleteProduct-fm (6 handlers)
[GIN-debug] GET    /admin/v1/upstream/host/status-options --> go-biz-admin/handlers.(*UpstreamProductHandler).GetStatusOptions-fm (6 handlers)
[GIN-debug] GET    /admin/v1/upstream/host/billing-cycle-options --> go-biz-admin/handlers.(*UpstreamProductHandler).GetBillingCycleOptions-fm (6 handlers)
[GIN-debug] [WARNING] You trusted all proxies, this is NOT safe. We recommend you to set a value.
Please check https://pkg.go.dev/github.com/gin-gonic/gin#readme-don-t-trust-all-proxies for details.
[GIN-debug] Listening and serving HTTP on :8081
[GIN-debug] [ERROR] listen tcp :8081: bind: Only one usage of each socket address (protocol/network address/port) is normally permitted.
[GIN-debug] [WARNING] Running in "debug" mode. Switch to "release" mode in production.
 - using env:	export GIN_MODE=release
 - using code:	gin.SetMode(gin.ReleaseMode)

[GIN-debug] POST   /api/auth/login           --> go-biz-admin/handlers.(*UserHandler).Login-fm (4 handlers)
[GIN-debug] POST   /api/auth/register        --> go-biz-admin/handlers.(*UserHandler).Register-fm (4 handlers)
[GIN-debug] GET    /api/users                --> go-biz-admin/handlers.(*UserHandler).GetUsers-fm (4 handlers)
[GIN-debug] POST   /api/users                --> go-biz-admin/handlers.(*UserHandler).Register-fm (4 handlers)
[GIN-debug] POST   /api/users/admin          --> go-biz-admin/handlers.(*UserHandler).CreateAdminAccount-fm (4 handlers)
[GIN-debug] GET    /api/user                 --> go-biz-admin/handlers.(*UserHandler).GetCurrentUser-fm (5 handlers)
[GIN-debug] GET    /api/suppliers            --> go-biz-admin/handlers.(*SystemHandler).GetSuppliers-fm (4 handlers)
[GIN-debug] GET    /api/suppliers/:id        --> go-biz-admin/handlers.(*SystemHandler).GetSupplier-fm (4 handlers)
[GIN-debug] POST   /api/suppliers            --> go-biz-admin/handlers.(*SystemHandler).CreateSupplier-fm (4 handlers)
[GIN-debug] DELETE /api/suppliers/:id        --> go-biz-admin/handlers.(*SystemHandler).DeleteSupplier-fm (4 handlers)
[GIN-debug] POST   /api/suppliers/:id/sync   --> go-biz-admin/handlers.(*SystemHandler).SyncSupplierInfo-fm (4 handlers)
[GIN-debug] POST   /api/suppliers/:id/sync-products --> go-biz-admin/handlers.(*SystemHandler).SyncProductsFromSupplier-fm (4 handlers)
[GIN-debug] GET    /api/zjmf/suppliers       --> go-biz-admin/handlers.(*ZJMFHandler).GetSuppliers-fm (4 handlers)
[GIN-debug] GET    /api/zjmf/user/:id        --> go-biz-admin/handlers.(*ZJMFHandler).GetUserDetail-fm (4 handlers)
[GIN-debug] POST   /api/zjmf/server          --> go-biz-admin/handlers.(*ZJMFHandler).CreateServer-fm (4 handlers)
[GIN-debug] POST   /api/zjmf/sync-servers    --> go-biz-admin/handlers.(*ZJMFHandler).SyncServers-fm (4 handlers)
[GIN-debug] POST   /api/zjmf/info            --> go-biz-admin/handlers.(*ZJMFHandler).GetInfo-fm (4 handlers)
[GIN-debug] POST   /api/zjmf/products        --> go-biz-admin/handlers.(*ZJMFHandler).GetProducts-fm (4 handlers)
[GIN-debug] GET    /api/tasks                --> go-biz-admin/handlers.(*SystemHandler).GetTasks-fm (5 handlers)
[GIN-debug] GET    /api/tasks/:id            --> go-biz-admin/handlers.(*SystemHandler).GetTask-fm (5 handlers)
[GIN-debug] POST   /api/tasks                --> go-biz-admin/handlers.(*SystemHandler).CreateTask-fm (5 handlers)
[GIN-debug] PUT    /api/tasks/:id            --> go-biz-admin/handlers.(*SystemHandler).UpdateTask-fm (5 handlers)
[GIN-debug] DELETE /api/tasks/:id            --> go-biz-admin/handlers.(*SystemHandler).DeleteTask-fm (5 handlers)
[GIN-debug] POST   /api/tasks/:id/run        --> go-biz-admin/handlers.(*SystemHandler).RunTask-fm (5 handlers)
[GIN-debug] GET    /api/orders/products      --> go-biz-admin/handlers.(*OrderHandler).GetProductOrders-fm (5 handlers)
[GIN-debug] GET    /api/orders/products/:id  --> go-biz-admin/handlers.(*OrderHandler).GetProductOrder-fm (5 handlers)
[GIN-debug] POST   /api/orders/products      --> go-biz-admin/handlers.(*OrderHandler).CreateProductOrder-fm (5 handlers)
[GIN-debug] PUT    /api/orders/products/:id  --> go-biz-admin/handlers.(*OrderHandler).UpdateProductOrder-fm (5 handlers)
[GIN-debug] GET    /api/orders/renewals      --> go-biz-admin/handlers.(*OrderHandler).GetRenewalOrders-fm (5 handlers)
[GIN-debug] GET    /api/orders/renewals/:id  --> go-biz-admin/handlers.(*OrderHandler).GetRenewalOrder-fm (5 handlers)
[GIN-debug] POST   /api/orders/renewals      --> go-biz-admin/handlers.(*OrderHandler).CreateRenewalOrder-fm (5 handlers)
[GIN-debug] PUT    /api/orders/renewals/:id  --> go-biz-admin/handlers.(*OrderHandler).UpdateRenewalOrder-fm (5 handlers)
[GIN-debug] GET    /api/finance/transactions --> go-biz-admin/handlers.(*FinanceHandler).GetTransactions-fm (5 handlers)
[GIN-debug] GET    /api/finance/transactions/:id --> go-biz-admin/handlers.(*FinanceHandler).GetTransaction-fm (5 handlers)
[GIN-debug] GET    /api/finance/bills        --> go-biz-admin/handlers.(*FinanceHandler).GetBills-fm (5 handlers)
[GIN-debug] GET    /api/finance/bills/:id    --> go-biz-admin/handlers.(*FinanceHandler).GetBill-fm (5 handlers)
[GIN-debug] PUT    /api/finance/bills/:id/pay --> go-biz-admin/handlers.(*FinanceHandler).PayBill-fm (5 handlers)
[GIN-debug] POST   /api/finance/bills        --> go-biz-admin/handlers.(*FinanceHandler).CreateBill-fm (5 handlers)
[GIN-debug] PUT    /api/finance/bills/:id    --> go-biz-admin/handlers.(*FinanceHandler).UpdateBill-fm (5 handlers)
[GIN-debug] GET    /api/tickets              --> go-biz-admin/handlers.(*TicketHandler).GetTickets-fm (5 handlers)
[GIN-debug] GET    /api/tickets/:id          --> go-biz-admin/handlers.(*TicketHandler).GetTicket-fm (5 handlers)
[GIN-debug] POST   /api/tickets              --> go-biz-admin/handlers.(*TicketHandler).CreateTicket-fm (5 handlers)
[GIN-debug] PUT    /api/tickets/:id          --> go-biz-admin/handlers.(*TicketHandler).UpdateTicket-fm (5 handlers)
[GIN-debug] GET    /api/tickets/stats        --> go-biz-admin/handlers.(*TicketHandler).GetTicketStats-fm (5 handlers)
[GIN-debug] GET    /api/system/settings      --> go-biz-admin/handlers.(*SystemHandler).GetSystemSettings-fm (5 handlers)
[GIN-debug] PUT    /api/system/settings      --> go-biz-admin/handlers.(*SystemHandler).UpdateSystemSettings-fm (5 handlers)
[GIN-debug] GET    /api/products             --> go-biz-admin/handlers.(*SystemHandler).GetProducts-fm (5 handlers)
[GIN-debug] GET    /admin/v1/supplier/:id    --> go-biz-admin/handlers.(*SystemHandler).AdminGetSupplierDetail-fm (6 handlers)
[GIN-debug] GET    /admin/v1/upstream/host   --> go-biz-admin/handlers.(*UpstreamProductHandler).GetProductList-fm (6 handlers)
[GIN-debug] GET    /admin/v1/upstream/host/:id --> go-biz-admin/handlers.(*UpstreamProductHandler).GetProductByID-fm (6 handlers)
[GIN-debug] POST   /admin/v1/upstream/host   --> go-biz-admin/handlers.(*UpstreamProductHandler).CreateProduct-fm (6 handlers)
[GIN-debug] PUT    /admin/v1/upstream/host/:id --> go-biz-admin/handlers.(*UpstreamProductHandler).UpdateProduct-fm (6 handlers)
[GIN-debug] DELETE /admin/v1/upstream/host/:id --> go-biz-admin/handlers.(*UpstreamProductHandler).DeleteProduct-fm (6 handlers)
[GIN-debug] GET    /admin/v1/upstream/host/status-options --> go-biz-admin/handlers.(*UpstreamProductHandler).GetStatusOptions-fm (6 handlers)
[GIN-debug] GET    /admin/v1/upstream/host/billing-cycle-options --> go-biz-admin/handlers.(*UpstreamProductHandler).GetBillingCycleOptions-fm (6 handlers)
[GIN-debug] [WARNING] You trusted all proxies, this is NOT safe. We recommend you to set a value.
Please check https://pkg.go.dev/github.com/gin-gonic/gin#readme-don-t-trust-all-proxies for details.
[GIN-debug] Listening and serving HTTP on :8081
[GIN-debug] [WARNING] Running in "debug" mode. Switch to "release" mode in production.
 - using env:	export GIN_MODE=release
 - using code:	gin.SetMode(gin.ReleaseMode)

[GIN-debug] POST   /api/auth/login           --> go-biz-admin/handlers.(*UserHandler).Login-fm (4 handlers)
[GIN-debug] POST   /api/auth/register        --> go-biz-admin/handlers.(*UserHandler).Register-fm (4 handlers)
[GIN-debug] GET    /api/users                --> go-biz-admin/handlers.(*UserHandler).GetUsers-fm (4 handlers)
[GIN-debug] POST   /api/users                --> go-biz-admin/handlers.(*UserHandler).Register-fm (4 handlers)
[GIN-debug] POST   /api/users/admin          --> go-biz-admin/handlers.(*UserHandler).CreateAdminAccount-fm (4 handlers)
[GIN-debug] GET    /api/user                 --> go-biz-admin/handlers.(*UserHandler).GetCurrentUser-fm (5 handlers)
[GIN-debug] GET    /api/suppliers            --> go-biz-admin/handlers.(*SystemHandler).GetSuppliers-fm (4 handlers)
[GIN-debug] GET    /api/suppliers/:id        --> go-biz-admin/handlers.(*SystemHandler).GetSupplier-fm (4 handlers)
[GIN-debug] POST   /api/suppliers            --> go-biz-admin/handlers.(*SystemHandler).CreateSupplier-fm (4 handlers)
[GIN-debug] DELETE /api/suppliers/:id        --> go-biz-admin/handlers.(*SystemHandler).DeleteSupplier-fm (4 handlers)
[GIN-debug] POST   /api/suppliers/:id/sync   --> go-biz-admin/handlers.(*SystemHandler).SyncSupplierInfo-fm (4 handlers)
[GIN-debug] POST   /api/suppliers/:id/sync-products --> go-biz-admin/handlers.(*SystemHandler).SyncProductsFromSupplier-fm (4 handlers)
[GIN-debug] GET    /api/zjmf/suppliers       --> go-biz-admin/handlers.(*ZJMFHandler).GetSuppliers-fm (4 handlers)
[GIN-debug] GET    /api/zjmf/user/:id        --> go-biz-admin/handlers.(*ZJMFHandler).GetUserDetail-fm (4 handlers)
[GIN-debug] POST   /api/zjmf/server          --> go-biz-admin/handlers.(*ZJMFHandler).CreateServer-fm (4 handlers)
[GIN-debug] POST   /api/zjmf/sync-servers    --> go-biz-admin/handlers.(*ZJMFHandler).SyncServers-fm (4 handlers)
[GIN-debug] POST   /api/zjmf/info            --> go-biz-admin/handlers.(*ZJMFHandler).GetInfo-fm (4 handlers)
[GIN-debug] POST   /api/zjmf/products        --> go-biz-admin/handlers.(*ZJMFHandler).GetProducts-fm (4 handlers)
[GIN-debug] GET    /api/tasks                --> go-biz-admin/handlers.(*SystemHandler).GetTasks-fm (5 handlers)
[GIN-debug] GET    /api/tasks/:id            --> go-biz-admin/handlers.(*SystemHandler).GetTask-fm (5 handlers)
[GIN-debug] POST   /api/tasks                --> go-biz-admin/handlers.(*SystemHandler).CreateTask-fm (5 handlers)
[GIN-debug] PUT    /api/tasks/:id            --> go-biz-admin/handlers.(*SystemHandler).UpdateTask-fm (5 handlers)
[GIN-debug] DELETE /api/tasks/:id            --> go-biz-admin/handlers.(*SystemHandler).DeleteTask-fm (5 handlers)
[GIN-debug] POST   /api/tasks/:id/run        --> go-biz-admin/handlers.(*SystemHandler).RunTask-fm (5 handlers)
[GIN-debug] GET    /api/orders/products      --> go-biz-admin/handlers.(*OrderHandler).GetProductOrders-fm (5 handlers)
[GIN-debug] GET    /api/orders/products/:id  --> go-biz-admin/handlers.(*OrderHandler).GetProductOrder-fm (5 handlers)
[GIN-debug] POST   /api/orders/products      --> go-biz-admin/handlers.(*OrderHandler).CreateProductOrder-fm (5 handlers)
[GIN-debug] PUT    /api/orders/products/:id  --> go-biz-admin/handlers.(*OrderHandler).UpdateProductOrder-fm (5 handlers)
[GIN-debug] GET    /api/orders/renewals      --> go-biz-admin/handlers.(*OrderHandler).GetRenewalOrders-fm (5 handlers)
[GIN-debug] GET    /api/orders/renewals/:id  --> go-biz-admin/handlers.(*OrderHandler).GetRenewalOrder-fm (5 handlers)
[GIN-debug] POST   /api/orders/renewals      --> go-biz-admin/handlers.(*OrderHandler).CreateRenewalOrder-fm (5 handlers)
[GIN-debug] PUT    /api/orders/renewals/:id  --> go-biz-admin/handlers.(*OrderHandler).UpdateRenewalOrder-fm (5 handlers)
[GIN-debug] GET    /api/finance/transactions --> go-biz-admin/handlers.(*FinanceHandler).GetTransactions-fm (5 handlers)
[GIN-debug] GET    /api/finance/transactions/:id --> go-biz-admin/handlers.(*FinanceHandler).GetTransaction-fm (5 handlers)
[GIN-debug] GET    /api/finance/bills        --> go-biz-admin/handlers.(*FinanceHandler).GetBills-fm (5 handlers)
[GIN-debug] GET    /api/finance/bills/:id    --> go-biz-admin/handlers.(*FinanceHandler).GetBill-fm (5 handlers)
[GIN-debug] PUT    /api/finance/bills/:id/pay --> go-biz-admin/handlers.(*FinanceHandler).PayBill-fm (5 handlers)
[GIN-debug] POST   /api/finance/bills        --> go-biz-admin/handlers.(*FinanceHandler).CreateBill-fm (5 handlers)
[GIN-debug] PUT    /api/finance/bills/:id    --> go-biz-admin/handlers.(*FinanceHandler).UpdateBill-fm (5 handlers)
[GIN-debug] GET    /api/tickets              --> go-biz-admin/handlers.(*TicketHandler).GetTickets-fm (5 handlers)
[GIN-debug] GET    /api/tickets/:id          --> go-biz-admin/handlers.(*TicketHandler).GetTicket-fm (5 handlers)
[GIN-debug] POST   /api/tickets              --> go-biz-admin/handlers.(*TicketHandler).CreateTicket-fm (5 handlers)
[GIN-debug] PUT    /api/tickets/:id          --> go-biz-admin/handlers.(*TicketHandler).UpdateTicket-fm (5 handlers)
[GIN-debug] GET    /api/tickets/stats        --> go-biz-admin/handlers.(*TicketHandler).GetTicketStats-fm (5 handlers)
[GIN-debug] GET    /api/system/settings      --> go-biz-admin/handlers.(*SystemHandler).GetSystemSettings-fm (5 handlers)
[GIN-debug] PUT    /api/system/settings      --> go-biz-admin/handlers.(*SystemHandler).UpdateSystemSettings-fm (5 handlers)
[GIN-debug] GET    /api/products             --> go-biz-admin/handlers.(*SystemHandler).GetProducts-fm (5 handlers)
[GIN-debug] GET    /admin/v1/supplier/:id    --> go-biz-admin/handlers.(*SystemHandler).AdminGetSupplierDetail-fm (6 handlers)
[GIN-debug] GET    /admin/v1/upstream/host   --> go-biz-admin/handlers.(*UpstreamProductHandler).GetProductList-fm (6 handlers)
[GIN-debug] GET    /admin/v1/upstream/host/:id --> go-biz-admin/handlers.(*UpstreamProductHandler).GetProductByID-fm (6 handlers)
[GIN-debug] POST   /admin/v1/upstream/host   --> go-biz-admin/handlers.(*UpstreamProductHandler).CreateProduct-fm (6 handlers)
[GIN-debug] PUT    /admin/v1/upstream/host/:id --> go-biz-admin/handlers.(*UpstreamProductHandler).UpdateProduct-fm (6 handlers)
[GIN-debug] DELETE /admin/v1/upstream/host/:id --> go-biz-admin/handlers.(*UpstreamProductHandler).DeleteProduct-fm (6 handlers)
[GIN-debug] GET    /admin/v1/upstream/host/status-options --> go-biz-admin/handlers.(*UpstreamProductHandler).GetStatusOptions-fm (6 handlers)
[GIN-debug] GET    /admin/v1/upstream/host/billing-cycle-options --> go-biz-admin/handlers.(*UpstreamProductHandler).GetBillingCycleOptions-fm (6 handlers)
[GIN-debug] [WARNING] You trusted all proxies, this is NOT safe. We recommend you to set a value.
Please check https://pkg.go.dev/github.com/gin-gonic/gin#readme-don-t-trust-all-proxies for details.
[GIN-debug] Listening and serving HTTP on :8081
[GIN] 2026/02/12 - 17:17:35 | 204 |            0s |             ::1 | OPTIONS  "/api/user"
[GIN] 2026/02/12 - 17:17:35 | 401 |            0s |             ::1 | GET      "/api/user"
[GIN] 2026/02/12 - 17:17:35 | 204 |            0s |             ::1 | OPTIONS  "/api/products"
[GIN] 2026/02/12 - 17:17:35 | 401 |            0s |             ::1 | GET      "/api/products"
[GIN] 2026/02/12 - 17:17:39 | 204 |            0s |             ::1 | OPTIONS  "/api/auth/login"
[GIN] 2026/02/12 - 17:17:39 | 200 |     53.1883ms |             ::1 | POST     "/api/auth/login"
[GIN] 2026/02/12 - 17:17:39 | 204 |            0s |             ::1 | OPTIONS  "/api/user"
[GIN] 2026/02/12 - 17:17:39 | 200 |      5.2211ms |             ::1 | GET      "/api/user"
[GIN] 2026/02/12 - 17:17:39 | 204 |            0s |             ::1 | OPTIONS  "/api/products"
[GIN] 2026/02/12 - 17:17:39 | 204 |            0s |             ::1 | OPTIONS  "/api/user"
[GIN] 2026/02/12 - 17:17:39 | 200 |      2.3536ms |             ::1 | GET      "/api/products"
[GIN] 2026/02/12 - 17:17:39 | 200 |      12.126ms |             ::1 | GET      "/api/user"
[GIN] 2026/02/12 - 17:17:44 | 204 |            0s |             ::1 | OPTIONS  "/api/user"
[GIN] 2026/02/12 - 17:17:44 | 200 |       5.443ms |             ::1 | GET      "/api/user"
[GIN] 2026/02/12 - 17:17:44 | 200 |      4.7066ms |             ::1 | GET      "/api/user"
[GIN] 2026/02/12 - 17:17:44 | 200 |      5.5189ms |             ::1 | GET      "/api/user"
[GIN] 2026/02/12 - 17:17:46 | 200 |       5.948ms |             ::1 | GET      "/api/user"
[GIN] 2026/02/12 - 17:17:46 | 204 |            0s |             ::1 | OPTIONS  "/api/users?page=1&limit=10&status=&role="
[GIN] 2026/02/12 - 17:17:46 | 200 |      2.9107ms |             ::1 | GET      "/api/users?page=1&limit=10&status=&role="
[GIN] 2026/02/12 - 17:17:46 | 200 |      4.4966ms |             ::1 | GET      "/api/user"
[GIN] 2026/02/12 - 17:17:47 | 204 |            0s |             ::1 | OPTIONS  "/api/products?page=1&limit=10&status="
[GIN] 2026/02/12 - 17:17:47 | 200 |      2.3599ms |             ::1 | GET      "/api/products?page=1&limit=10&status="
[GIN] 2026/02/12 - 17:17:47 | 200 |      5.2847ms |             ::1 | GET      "/api/user"
[GIN] 2026/02/12 - 17:17:47 | 204 |            0s |             ::1 | OPTIONS  "/api/orders/products?page=1&limit=10&status=&user_id="
[GIN] 2026/02/12 - 17:17:47 | 204 |            0s |             ::1 | OPTIONS  "/api/orders/renewals?page=1&limit=10&status=&user_id="
[GIN] 2026/02/12 - 17:17:47 | 200 |      2.8926ms |             ::1 | GET      "/api/orders/renewals?page=1&limit=10&status=&user_id="
[GIN] 2026/02/12 - 17:17:47 | 200 |      2.8926ms |             ::1 | GET      "/api/orders/products?page=1&limit=10&status=&user_id="
[GIN] 2026/02/12 - 17:17:47 | 200 |      4.4156ms |             ::1 | GET      "/api/user"
[GIN] 2026/02/12 - 17:17:47 | 204 |            0s |             ::1 | OPTIONS  "/api/products?page=1&limit=10&status="
[GIN] 2026/02/12 - 17:17:47 | 200 |      2.9783ms |             ::1 | GET      "/api/products?page=1&limit=10&status="
[GIN] 2026/02/12 - 17:17:48 | 200 |      4.5563ms |             ::1 | GET      "/api/user"
[GIN] 2026/02/12 - 17:17:48 | 204 |            0s |             ::1 | OPTIONS  "/api/users?page=1&limit=10&status=&role="
[GIN] 2026/02/12 - 17:17:48 | 200 |      2.9821ms |             ::1 | GET      "/api/users?page=1&limit=10&status=&role="
[GIN] 2026/02/12 - 17:17:52 | 200 |      4.6532ms |             ::1 | GET      "/api/user"
[GIN] 2026/02/12 - 17:17:52 | 204 |            0s |             ::1 | OPTIONS  "/api/products?page=1&limit=10&status="
[GIN] 2026/02/12 - 17:17:52 | 200 |      2.0147ms |             ::1 | GET      "/api/products?page=1&limit=10&status="
[GIN] 2026/02/12 - 17:17:52 | 200 |      4.4179ms |             ::1 | GET      "/api/user"
[GIN] 2026/02/12 - 17:17:52 | 204 |            0s |             ::1 | OPTIONS  "/api/orders/products?page=1&limit=10&status=&user_id="
[GIN] 2026/02/12 - 17:17:52 | 204 |            0s |             ::1 | OPTIONS  "/api/orders/renewals?page=1&limit=10&status=&user_id="
[GIN] 2026/02/12 - 17:17:52 | 200 |      2.7415ms |             ::1 | GET      "/api/orders/products?page=1&limit=10&status=&user_id="
[GIN] 2026/02/12 - 17:17:52 | 200 |      2.7415ms |             ::1 | GET      "/api/orders/renewals?page=1&limit=10&status=&user_id="
[GIN] 2026/02/12 - 17:17:53 | 200 |      5.7543ms |             ::1 | GET      "/api/user"
[GIN] 2026/02/12 - 17:17:53 | 204 |            0s |             ::1 | OPTIONS  "/api/products?page=1&limit=10&status="
[GIN] 2026/02/12 - 17:17:53 | 200 |      1.9877ms |             ::1 | GET      "/api/products?page=1&limit=10&status="
[GIN] 2026/02/12 - 17:17:53 | 200 |      5.6188ms |             ::1 | GET      "/api/user"
[GIN] 2026/02/12 - 17:17:53 | 204 |            0s |             ::1 | OPTIONS  "/api/users?page=1&limit=10&status=&role="
[GIN] 2026/02/12 - 17:17:53 | 200 |      2.8628ms |             ::1 | GET      "/api/users?page=1&limit=10&status=&role="
[GIN] 2026/02/12 - 17:17:54 | 200 |      5.9268ms |             ::1 | GET      "/api/user"
[GIN] 2026/02/12 - 17:17:54 | 204 |            0s |             ::1 | OPTIONS  "/api/products?page=1&limit=10&status="
[GIN] 2026/02/12 - 17:17:54 | 200 |      2.2575ms |             ::1 | GET      "/api/products?page=1&limit=10&status="
[GIN] 2026/02/12 - 17:17:54 | 200 |      5.5907ms |             ::1 | GET      "/api/user"
[GIN] 2026/02/12 - 17:17:54 | 204 |            0s |             ::1 | OPTIONS  "/api/orders/products?page=1&limit=10&status=&user_id="
[GIN] 2026/02/12 - 17:17:54 | 204 |            0s |             ::1 | OPTIONS  "/api/orders/renewals?page=1&limit=10&status=&user_id="
[GIN] 2026/02/12 - 17:17:54 | 200 |      3.0597ms |             ::1 | GET      "/api/orders/products?page=1&limit=10&status=&user_id="
[GIN] 2026/02/12 - 17:17:54 | 200 |      2.6513ms |             ::1 | GET      "/api/orders/renewals?page=1&limit=10&status=&user_id="
[GIN] 2026/02/12 - 17:17:55 | 200 |      4.7707ms |             ::1 | GET      "/api/user"
[GIN] 2026/02/12 - 17:17:55 | 200 |      5.1152ms |             ::1 | GET      "/api/user"
[GIN] 2026/02/12 - 17:17:56 | 200 |      4.6814ms |             ::1 | GET      "/api/user"
[GIN] 2026/02/12 - 17:17:56 | 204 |            0s |             ::1 | OPTIONS  "/api/suppliers?page=1&limit=10&status="
[GIN] 2026/02/12 - 17:17:56 | 200 |      2.2058ms |             ::1 | GET      "/api/suppliers?page=1&limit=10&status="
[GIN] 2026/02/12 - 17:17:58 | 200 |      5.2613ms |             ::1 | GET      "/api/user"
[GIN] 2026/02/12 - 17:17:58 | 204 |            0s |             ::1 | OPTIONS  "/api/tasks?page=1&limit=10&status=&task_type="
[GIN] 2026/02/12 - 17:17:58 | 200 |      2.7618ms |             ::1 | GET      "/api/tasks?page=1&limit=10&status=&task_type="
[GIN] 2026/02/12 - 17:18:00 | 200 |      4.6643ms |             ::1 | GET      "/api/user"
[GIN] 2026/02/12 - 17:18:00 | 204 |            0s |             ::1 | OPTIONS  "/api/system/settings"
[GIN] 2026/02/12 - 17:18:00 | 200 |            0s |             ::1 | GET      "/api/system/settings"
[GIN] 2026/02/12 - 17:18:00 | 200 |      3.6668ms |             ::1 | GET      "/api/user"
[GIN] 2026/02/12 - 17:18:01 | 204 |            0s |             ::1 | OPTIONS  "/api/tasks?page=1&limit=10&status=&task_type="
[GIN] 2026/02/12 - 17:18:01 | 200 |      1.9987ms |             ::1 | GET      "/api/tasks?page=1&limit=10&status=&task_type="
[GIN] 2026/02/12 - 17:18:01 | 200 |      4.6743ms |             ::1 | GET      "/api/user"
[GIN] 2026/02/12 - 17:18:01 | 204 |            0s |             ::1 | OPTIONS  "/api/suppliers?page=1&limit=10&status="
[GIN] 2026/02/12 - 17:18:01 | 200 |      2.1641ms |             ::1 | GET      "/api/suppliers?page=1&limit=10&status="
[GIN] 2026/02/12 - 17:18:02 | 204 |            0s |             ::1 | OPTIONS  "/api/products?page=1&limit=10&status="
[GIN] 2026/02/12 - 17:18:02 | 200 |      2.7848ms |             ::1 | GET      "/api/products?page=1&limit=10&status="
[GIN] 2026/02/12 - 17:18:03 | 204 |            0s |             ::1 | OPTIONS  "/api/servers?page=1&limit=10&status=&server_type="
[GIN] 2026/02/12 - 17:18:03 | 404 |            0s |             ::1 | GET      "/api/servers?page=1&limit=10&status=&server_type="
[GIN] 2026/02/12 - 17:18:04 | 204 |            0s |             ::1 | OPTIONS  "/api/products?page=1&limit=10&status="
[GIN] 2026/02/12 - 17:18:04 | 200 |      2.8096ms |             ::1 | GET      "/api/products?page=1&limit=10&status="
[GIN] 2026/02/12 - 17:18:05 | 204 |            0s |             ::1 | OPTIONS  "/api/servers?page=1&limit=10&status=&server_type="
[GIN] 2026/02/12 - 17:18:05 | 404 |            0s |             ::1 | GET      "/api/servers?page=1&limit=10&status=&server_type="
[GIN] 2026/02/12 - 17:18:06 | 204 |            0s |             ::1 | OPTIONS  "/api/products?page=1&limit=10&status="
[GIN] 2026/02/12 - 17:18:06 | 200 |      2.7839ms |             ::1 | GET      "/api/products?page=1&limit=10&status="
[GIN] 2026/02/12 - 17:18:06 | 204 |            0s |             ::1 | OPTIONS  "/api/suppliers?page=1&limit=10&status="
[GIN] 2026/02/12 - 17:18:06 | 200 |      2.7277ms |             ::1 | GET      "/api/suppliers?page=1&limit=10&status="
[GIN] 2026/02/12 - 17:18:07 | 204 |            0s |             ::1 | OPTIONS  "/api/products?page=1&limit=10&status="
[GIN] 2026/02/12 - 17:18:07 | 200 |      2.7528ms |             ::1 | GET      "/api/products?page=1&limit=10&status="
[GIN] 2026/02/12 - 17:18:08 | 204 |            0s |             ::1 | OPTIONS  "/api/servers?page=1&limit=10&status=&server_type="
[GIN] 2026/02/12 - 17:18:08 | 404 |            0s |             ::1 | GET      "/api/servers?page=1&limit=10&status=&server_type="
[GIN] 2026/02/12 - 17:18:09 | 204 |            0s |             ::1 | OPTIONS  "/api/products?page=1&limit=10&status="
[GIN] 2026/02/12 - 17:18:09 | 200 |      2.7476ms |             ::1 | GET      "/api/products?page=1&limit=10&status="
[GIN] 2026/02/12 - 17:18:29 | 204 |            0s |             ::1 | OPTIONS  "/api/suppliers?page=1&limit=10&status="
[GIN] 2026/02/12 - 17:18:29 | 200 |      2.6279ms |             ::1 | GET      "/api/suppliers?page=1&limit=10&status="
[GIN] 2026/02/12 - 17:18:30 | 204 |            0s |             ::1 | OPTIONS  "/api/products?page=1&limit=10&status="
[GIN] 2026/02/12 - 17:18:30 | 200 |      2.5423ms |             ::1 | GET      "/api/products?page=1&limit=10&status="
[GIN] 2026/02/12 - 17:18:31 | 204 |            0s |             ::1 | OPTIONS  "/api/servers?page=1&limit=10&status=&server_type="
[GIN] 2026/02/12 - 17:18:31 | 404 |            0s |             ::1 | GET      "/api/servers?page=1&limit=10&status=&server_type="
[GIN] 2026/02/12 - 17:18:35 | 204 |            0s |             ::1 | OPTIONS  "/api/products?page=1&limit=10&status="
[GIN] 2026/02/12 - 17:18:35 | 200 |      2.8563ms |             ::1 | GET      "/api/products?page=1&limit=10&status="
[GIN] 2026/02/12 - 17:18:36 | 204 |            0s |             ::1 | OPTIONS  "/api/suppliers?page=1&limit=10&status="
[GIN] 2026/02/12 - 17:18:36 | 200 |      1.7363ms |             ::1 | GET      "/api/suppliers?page=1&limit=10&status="
[GIN] 2026/02/12 - 17:18:40 | 204 |            0s |             ::1 | OPTIONS  "/api/products?page=1&limit=10&status="
[GIN] 2026/02/12 - 17:18:40 | 200 |      2.9989ms |             ::1 | GET      "/api/products?page=1&limit=10&status="
[GIN] 2026/02/12 - 17:19:56 | 204 |            0s |             ::1 | OPTIONS  "/api/suppliers?page=1&limit=10&status="
[GIN] 2026/02/12 - 17:19:56 | 200 |      2.7492ms |             ::1 | GET      "/api/suppliers?page=1&limit=10&status="
[GIN] 2026/02/12 - 17:21:50 | 204 |            0s |             ::1 | OPTIONS  "/api/user"
[GIN] 2026/02/12 - 17:21:50 | 204 |            0s |             ::1 | OPTIONS  "/api/user"
[GIN] 2026/02/12 - 17:21:50 | 200 |      4.9379ms |             ::1 | GET      "/api/user"
[GIN] 2026/02/12 - 17:21:50 | 200 |      4.9341ms |             ::1 | GET      "/api/user"
[GIN] 2026/02/12 - 17:21:50 | 204 |            0s |             ::1 | OPTIONS  "/api/users/1/profile"
[GIN] 2026/02/12 - 17:21:50 | 404 |            0s |             ::1 | GET      "/api/users/1/profile"
[GIN] 2026/02/12 - 17:21:56 | 204 |            0s |             ::1 | OPTIONS  "/api/products"
[GIN] 2026/02/12 - 17:21:56 | 200 |      2.9606ms |             ::1 | GET      "/api/products"
[GIN] 2026/02/12 - 17:22:08 | 204 |            0s |             ::1 | OPTIONS  "/api/user"
[GIN] 2026/02/12 - 17:22:08 | 200 |      5.1502ms |             ::1 | GET      "/api/user"
[GIN] 2026/02/12 - 17:22:08 | 200 |      4.8676ms |             ::1 | GET      "/api/user"
[GIN] 2026/02/12 - 17:22:08 | 200 |      4.8292ms |             ::1 | GET      "/api/user"
[GIN] 2026/02/12 - 17:22:11 | 200 |       5.474ms |             ::1 | GET      "/api/user"
[GIN] 2026/02/12 - 17:22:12 | 200 |      5.0222ms |             ::1 | GET      "/api/user"
[GIN] 2026/02/12 - 17:22:12 | 204 |            0s |             ::1 | OPTIONS  "/api/users?page=1&limit=10&status=&role="
[GIN] 2026/02/12 - 17:22:12 | 200 |      2.8329ms |             ::1 | GET      "/api/users?page=1&limit=10&status=&role="
[GIN] 2026/02/12 - 17:22:13 | 200 |      5.3756ms |             ::1 | GET      "/api/user"
[GIN] 2026/02/12 - 17:22:13 | 200 |      5.7215ms |             ::1 | GET      "/api/user"
[GIN] 2026/02/12 - 17:22:13 | 204 |            0s |             ::1 | OPTIONS  "/api/users?page=1&limit=10&status=&role="
[GIN] 2026/02/12 - 17:22:13 | 200 |      1.5256ms |             ::1 | GET      "/api/users?page=1&limit=10&status=&role="
[GIN] 2026/02/12 - 17:22:14 | 200 |      4.9825ms |             ::1 | GET      "/api/user"
[GIN] 2026/02/12 - 17:22:14 | 204 |            0s |             ::1 | OPTIONS  "/api/products?page=1&limit=10&status="
[GIN] 2026/02/12 - 17:22:14 | 200 |      2.9515ms |             ::1 | GET      "/api/products?page=1&limit=10&status="
[GIN] 2026/02/12 - 17:22:14 | 200 |      5.6216ms |             ::1 | GET      "/api/user"
[GIN] 2026/02/12 - 17:22:14 | 204 |            0s |             ::1 | OPTIONS  "/api/orders/products?page=1&limit=10&status=&user_id="
[GIN] 2026/02/12 - 17:22:14 | 204 |            0s |             ::1 | OPTIONS  "/api/orders/renewals?page=1&limit=10&status=&user_id="
[GIN] 2026/02/12 - 17:22:15 | 200 |      2.3539ms |             ::1 | GET      "/api/orders/products?page=1&limit=10&status=&user_id="
[GIN] 2026/02/12 - 17:22:15 | 200 |      2.3539ms |             ::1 | GET      "/api/orders/renewals?page=1&limit=10&status=&user_id="
[GIN] 2026/02/12 - 17:22:15 | 200 |       5.284ms |             ::1 | GET      "/api/user"
[GIN] 2026/02/12 - 17:22:15 | 200 |      5.3765ms |             ::1 | GET      "/api/user"
[GIN] 2026/02/12 - 17:22:16 | 200 |      5.0874ms |             ::1 | GET      "/api/user"
[GIN] 2026/02/12 - 17:22:16 | 204 |            0s |             ::1 | OPTIONS  "/api/suppliers?page=1&limit=10&status="
[GIN] 2026/02/12 - 17:22:16 | 200 |      2.8794ms |             ::1 | GET      "/api/suppliers?page=1&limit=10&status="
[GIN] 2026/02/12 - 17:22:17 | 200 |      5.9749ms |             ::1 | GET      "/api/user"
[GIN] 2026/02/12 - 17:22:37 | 200 |      5.3932ms |             ::1 | GET      "/api/user"
[GIN] 2026/02/12 - 17:22:37 | 204 |            0s |             ::1 | OPTIONS  "/api/suppliers?page=1&limit=10&status="
[GIN] 2026/02/12 - 17:22:37 | 200 |      5.0612ms |             ::1 | GET      "/api/suppliers?page=1&limit=10&status="
[GIN] 2026/02/12 - 17:22:39 | 204 |            0s |             ::1 | OPTIONS  "/api/products?page=1&limit=10&status="
[GIN] 2026/02/12 - 17:22:39 | 200 |      2.9409ms |             ::1 | GET      "/api/products?page=1&limit=10&status="
[GIN] 2026/02/12 - 17:22:47 | 204 |            0s |             ::1 | OPTIONS  "/api/products?page=1&limit=10&status="
[GIN] 2026/02/12 - 17:22:47 | 200 |      2.9696ms |             ::1 | GET      "/api/products?page=1&limit=10&status="
[GIN] 2026/02/12 - 17:23:00 | 204 |            0s |             ::1 | OPTIONS  "/api/products?page=1&limit=10"
[GIN] 2026/02/12 - 17:23:00 | 204 |            0s |             ::1 | OPTIONS  "/api/suppliers?page=1&limit=1000&status=active"
[GIN] 2026/02/12 - 17:23:00 | 200 |      1.7314ms |             ::1 | GET      "/api/products?page=1&limit=10"
[GIN] 2026/02/12 - 17:23:00 | 200 |      3.4318ms |             ::1 | GET      "/api/suppliers?page=1&limit=1000&status=active"
[GIN] 2026/02/12 - 17:23:04 | 204 |            0s |             ::1 | OPTIONS  "/api/products?page=1&limit=10"
[GIN] 2026/02/12 - 17:23:04 | 200 |      2.6296ms |             ::1 | GET      "/api/products?page=1&limit=10"
[GIN] 2026/02/12 - 17:23:05 | 204 |            0s |             ::1 | OPTIONS  "/api/user"
[GIN] 2026/02/12 - 17:23:05 | 200 |      3.7599ms |             ::1 | GET      "/api/user"
[GIN] 2026/02/12 - 17:23:05 | 200 |      4.9718ms |             ::1 | GET      "/api/user"
[GIN] 2026/02/12 - 17:23:05 | 200 |      4.6987ms |             ::1 | GET      "/api/user"
[GIN] 2026/02/12 - 17:23:05 | 204 |            0s |             ::1 | OPTIONS  "/api/suppliers?page=1&limit=10&status="
[GIN] 2026/02/12 - 17:23:05 | 200 |      2.4693ms |             ::1 | GET      "/api/suppliers?page=1&limit=10&status="
[GIN-debug] [WARNING] Running in "debug" mode. Switch to "release" mode in production.
 - using env:	export GIN_MODE=release
 - using code:	gin.SetMode(gin.ReleaseMode)

[GIN-debug] POST   /api/auth/login           --> go-biz-admin/handlers.(*UserHandler).Login-fm (4 handlers)
[GIN-debug] POST   /api/auth/register        --> go-biz-admin/handlers.(*UserHandler).Register-fm (4 handlers)
[GIN-debug] GET    /api/users                --> go-biz-admin/handlers.(*UserHandler).GetUsers-fm (4 handlers)
[GIN-debug] POST   /api/users                --> go-biz-admin/handlers.(*UserHandler).Register-fm (4 handlers)
[GIN-debug] POST   /api/users/admin          --> go-biz-admin/handlers.(*UserHandler).CreateAdminAccount-fm (4 handlers)
[GIN-debug] GET    /api/user                 --> go-biz-admin/handlers.(*UserHandler).GetCurrentUser-fm (5 handlers)
[GIN-debug] GET    /api/suppliers            --> go-biz-admin/handlers.(*SystemHandler).GetSuppliers-fm (4 handlers)
[GIN-debug] GET    /api/suppliers/:id        --> go-biz-admin/handlers.(*SystemHandler).GetSupplier-fm (4 handlers)
[GIN-debug] POST   /api/suppliers            --> go-biz-admin/handlers.(*SystemHandler).CreateSupplier-fm (4 handlers)
[GIN-debug] DELETE /api/suppliers/:id        --> go-biz-admin/handlers.(*SystemHandler).DeleteSupplier-fm (4 handlers)
[GIN-debug] POST   /api/suppliers/:id/sync   --> go-biz-admin/handlers.(*SystemHandler).SyncSupplierInfo-fm (4 handlers)
[GIN-debug] POST   /api/suppliers/:id/sync-products --> go-biz-admin/handlers.(*SystemHandler).SyncProductsFromSupplier-fm (4 handlers)
[GIN-debug] GET    /api/zjmf/suppliers       --> go-biz-admin/handlers.(*ZJMFHandler).GetSuppliers-fm (4 handlers)
[GIN-debug] GET    /api/zjmf/user/:id        --> go-biz-admin/handlers.(*ZJMFHandler).GetUserDetail-fm (4 handlers)
[GIN-debug] POST   /api/zjmf/server          --> go-biz-admin/handlers.(*ZJMFHandler).CreateServer-fm (4 handlers)
[GIN-debug] POST   /api/zjmf/sync-servers    --> go-biz-admin/handlers.(*ZJMFHandler).SyncServers-fm (4 handlers)
[GIN-debug] POST   /api/zjmf/info            --> go-biz-admin/handlers.(*ZJMFHandler).GetInfo-fm (4 handlers)
[GIN-debug] POST   /api/zjmf/products        --> go-biz-admin/handlers.(*ZJMFHandler).GetProducts-fm (4 handlers)
[GIN-debug] GET    /api/tasks                --> go-biz-admin/handlers.(*SystemHandler).GetTasks-fm (5 handlers)
[GIN-debug] GET    /api/tasks/:id            --> go-biz-admin/handlers.(*SystemHandler).GetTask-fm (5 handlers)
[GIN-debug] POST   /api/tasks                --> go-biz-admin/handlers.(*SystemHandler).CreateTask-fm (5 handlers)
[GIN-debug] PUT    /api/tasks/:id            --> go-biz-admin/handlers.(*SystemHandler).UpdateTask-fm (5 handlers)
[GIN-debug] DELETE /api/tasks/:id            --> go-biz-admin/handlers.(*SystemHandler).DeleteTask-fm (5 handlers)
[GIN-debug] POST   /api/tasks/:id/run        --> go-biz-admin/handlers.(*SystemHandler).RunTask-fm (5 handlers)
[GIN-debug] GET    /api/orders/products      --> go-biz-admin/handlers.(*OrderHandler).GetProductOrders-fm (5 handlers)
[GIN-debug] GET    /api/orders/products/:id  --> go-biz-admin/handlers.(*OrderHandler).GetProductOrder-fm (5 handlers)
[GIN-debug] POST   /api/orders/products      --> go-biz-admin/handlers.(*OrderHandler).CreateProductOrder-fm (5 handlers)
[GIN-debug] PUT    /api/orders/products/:id  --> go-biz-admin/handlers.(*OrderHandler).UpdateProductOrder-fm (5 handlers)
[GIN-debug] GET    /api/orders/renewals      --> go-biz-admin/handlers.(*OrderHandler).GetRenewalOrders-fm (5 handlers)
[GIN-debug] GET    /api/orders/renewals/:id  --> go-biz-admin/handlers.(*OrderHandler).GetRenewalOrder-fm (5 handlers)
[GIN-debug] POST   /api/orders/renewals      --> go-biz-admin/handlers.(*OrderHandler).CreateRenewalOrder-fm (5 handlers)
[GIN-debug] PUT    /api/orders/renewals/:id  --> go-biz-admin/handlers.(*OrderHandler).UpdateRenewalOrder-fm (5 handlers)
[GIN-debug] GET    /api/finance/transactions --> go-biz-admin/handlers.(*FinanceHandler).GetTransactions-fm (5 handlers)
[GIN-debug] GET    /api/finance/transactions/:id --> go-biz-admin/handlers.(*FinanceHandler).GetTransaction-fm (5 handlers)
[GIN-debug] GET    /api/finance/bills        --> go-biz-admin/handlers.(*FinanceHandler).GetBills-fm (5 handlers)
[GIN-debug] GET    /api/finance/bills/:id    --> go-biz-admin/handlers.(*FinanceHandler).GetBill-fm (5 handlers)
[GIN-debug] PUT    /api/finance/bills/:id/pay --> go-biz-admin/handlers.(*FinanceHandler).PayBill-fm (5 handlers)
[GIN-debug] POST   /api/finance/bills        --> go-biz-admin/handlers.(*FinanceHandler).CreateBill-fm (5 handlers)
[GIN-debug] PUT    /api/finance/bills/:id    --> go-biz-admin/handlers.(*FinanceHandler).UpdateBill-fm (5 handlers)
[GIN-debug] GET    /api/tickets              --> go-biz-admin/handlers.(*TicketHandler).GetTickets-fm (5 handlers)
[GIN-debug] GET    /api/tickets/:id          --> go-biz-admin/handlers.(*TicketHandler).GetTicket-fm (5 handlers)
[GIN-debug] POST   /api/tickets              --> go-biz-admin/handlers.(*TicketHandler).CreateTicket-fm (5 handlers)
[GIN-debug] PUT    /api/tickets/:id          --> go-biz-admin/handlers.(*TicketHandler).UpdateTicket-fm (5 handlers)
[GIN-debug] GET    /api/tickets/stats        --> go-biz-admin/handlers.(*TicketHandler).GetTicketStats-fm (5 handlers)
[GIN-debug] GET    /api/system/settings      --> go-biz-admin/handlers.(*SystemHandler).GetSystemSettings-fm (5 handlers)
[GIN-debug] PUT    /api/system/settings      --> go-biz-admin/handlers.(*SystemHandler).UpdateSystemSettings-fm (5 handlers)
[GIN-debug] GET    /api/products             --> go-biz-admin/handlers.(*SystemHandler).GetProducts-fm (5 handlers)
[GIN-debug] GET    /api/products/:id         --> go-biz-admin/handlers.(*SystemHandler).GetProduct-fm (5 handlers)
[GIN-debug] POST   /api/products             --> go-biz-admin/handlers.(*SystemHandler).CreateProduct-fm (5 handlers)
[GIN-debug] PUT    /api/products/:id         --> go-biz-admin/handlers.(*SystemHandler).UpdateProduct-fm (5 handlers)
[GIN-debug] DELETE /api/products/:id         --> go-biz-admin/handlers.(*SystemHandler).DeleteProduct-fm (5 handlers)
[GIN-debug] GET    /admin/v1/supplier/:id    --> go-biz-admin/handlers.(*SystemHandler).AdminGetSupplierDetail-fm (6 handlers)
[GIN-debug] GET    /admin/v1/upstream/host   --> go-biz-admin/handlers.(*UpstreamProductHandler).GetProductList-fm (6 handlers)
[GIN-debug] GET    /admin/v1/upstream/host/:id --> go-biz-admin/handlers.(*UpstreamProductHandler).GetProductByID-fm (6 handlers)
[GIN-debug] POST   /admin/v1/upstream/host   --> go-biz-admin/handlers.(*UpstreamProductHandler).CreateProduct-fm (6 handlers)
[GIN-debug] PUT    /admin/v1/upstream/host/:id --> go-biz-admin/handlers.(*UpstreamProductHandler).UpdateProduct-fm (6 handlers)
[GIN-debug] DELETE /admin/v1/upstream/host/:id --> go-biz-admin/handlers.(*UpstreamProductHandler).DeleteProduct-fm (6 handlers)
[GIN-debug] GET    /admin/v1/upstream/host/status-options --> go-biz-admin/handlers.(*UpstreamProductHandler).GetStatusOptions-fm (6 handlers)
[GIN-debug] GET    /admin/v1/upstream/host/billing-cycle-options --> go-biz-admin/handlers.(*UpstreamProductHandler).GetBillingCycleOptions-fm (6 handlers)
[GIN-debug] [WARNING] You trusted all proxies, this is NOT safe. We recommend you to set a value.
Please check https://pkg.go.dev/github.com/gin-gonic/gin#readme-don-t-trust-all-proxies for details.
[GIN-debug] Listening and serving HTTP on :8081
[GIN-debug] [WARNING] Running in "debug" mode. Switch to "release" mode in production.
 - using env:	export GIN_MODE=release
 - using code:	gin.SetMode(gin.ReleaseMode)

[GIN-debug] POST   /api/auth/login           --> go-biz-admin/handlers.(*UserHandler).Login-fm (4 handlers)
[GIN-debug] POST   /api/auth/register        --> go-biz-admin/handlers.(*UserHandler).Register-fm (4 handlers)
[GIN-debug] GET    /api/users                --> go-biz-admin/handlers.(*UserHandler).GetUsers-fm (4 handlers)
[GIN-debug] POST   /api/users                --> go-biz-admin/handlers.(*UserHandler).Register-fm (4 handlers)
[GIN-debug] POST   /api/users/admin          --> go-biz-admin/handlers.(*UserHandler).CreateAdminAccount-fm (4 handlers)
[GIN-debug] GET    /api/user                 --> go-biz-admin/handlers.(*UserHandler).GetCurrentUser-fm (5 handlers)
[GIN-debug] GET    /api/suppliers            --> go-biz-admin/handlers.(*SystemHandler).GetSuppliers-fm (4 handlers)
[GIN-debug] GET    /api/suppliers/:id        --> go-biz-admin/handlers.(*SystemHandler).GetSupplier-fm (4 handlers)
[GIN-debug] POST   /api/suppliers            --> go-biz-admin/handlers.(*SystemHandler).CreateSupplier-fm (4 handlers)
[GIN-debug] DELETE /api/suppliers/:id        --> go-biz-admin/handlers.(*SystemHandler).DeleteSupplier-fm (4 handlers)
[GIN-debug] POST   /api/suppliers/:id/sync   --> go-biz-admin/handlers.(*SystemHandler).SyncSupplierInfo-fm (4 handlers)
[GIN-debug] POST   /api/suppliers/:id/sync-products --> go-biz-admin/handlers.(*SystemHandler).SyncProductsFromSupplier-fm (4 handlers)
[GIN-debug] GET    /api/zjmf/suppliers       --> go-biz-admin/handlers.(*ZJMFHandler).GetSuppliers-fm (4 handlers)
[GIN-debug] GET    /api/zjmf/user/:id        --> go-biz-admin/handlers.(*ZJMFHandler).GetUserDetail-fm (4 handlers)
[GIN-debug] POST   /api/zjmf/server          --> go-biz-admin/handlers.(*ZJMFHandler).CreateServer-fm (4 handlers)
[GIN-debug] POST   /api/zjmf/sync-servers    --> go-biz-admin/handlers.(*ZJMFHandler).SyncServers-fm (4 handlers)
[GIN-debug] POST   /api/zjmf/info            --> go-biz-admin/handlers.(*ZJMFHandler).GetInfo-fm (4 handlers)
[GIN-debug] POST   /api/zjmf/products        --> go-biz-admin/handlers.(*ZJMFHandler).GetProducts-fm (4 handlers)
[GIN-debug] GET    /api/tasks                --> go-biz-admin/handlers.(*SystemHandler).GetTasks-fm (5 handlers)
[GIN-debug] GET    /api/tasks/:id            --> go-biz-admin/handlers.(*SystemHandler).GetTask-fm (5 handlers)
[GIN-debug] POST   /api/tasks                --> go-biz-admin/handlers.(*SystemHandler).CreateTask-fm (5 handlers)
[GIN-debug] PUT    /api/tasks/:id            --> go-biz-admin/handlers.(*SystemHandler).UpdateTask-fm (5 handlers)
[GIN-debug] DELETE /api/tasks/:id            --> go-biz-admin/handlers.(*SystemHandler).DeleteTask-fm (5 handlers)
[GIN-debug] POST   /api/tasks/:id/run        --> go-biz-admin/handlers.(*SystemHandler).RunTask-fm (5 handlers)
[GIN-debug] GET    /api/orders/products      --> go-biz-admin/handlers.(*OrderHandler).GetProductOrders-fm (5 handlers)
[GIN-debug] GET    /api/orders/products/:id  --> go-biz-admin/handlers.(*OrderHandler).GetProductOrder-fm (5 handlers)
[GIN-debug] POST   /api/orders/products      --> go-biz-admin/handlers.(*OrderHandler).CreateProductOrder-fm (5 handlers)
[GIN-debug] PUT    /api/orders/products/:id  --> go-biz-admin/handlers.(*OrderHandler).UpdateProductOrder-fm (5 handlers)
[GIN-debug] GET    /api/orders/renewals      --> go-biz-admin/handlers.(*OrderHandler).GetRenewalOrders-fm (5 handlers)
[GIN-debug] GET    /api/orders/renewals/:id  --> go-biz-admin/handlers.(*OrderHandler).GetRenewalOrder-fm (5 handlers)
[GIN-debug] POST   /api/orders/renewals      --> go-biz-admin/handlers.(*OrderHandler).CreateRenewalOrder-fm (5 handlers)
[GIN-debug] PUT    /api/orders/renewals/:id  --> go-biz-admin/handlers.(*OrderHandler).UpdateRenewalOrder-fm (5 handlers)
[GIN-debug] GET    /api/finance/transactions --> go-biz-admin/handlers.(*FinanceHandler).GetTransactions-fm (5 handlers)
[GIN-debug] GET    /api/finance/transactions/:id --> go-biz-admin/handlers.(*FinanceHandler).GetTransaction-fm (5 handlers)
[GIN-debug] GET    /api/finance/bills        --> go-biz-admin/handlers.(*FinanceHandler).GetBills-fm (5 handlers)
[GIN-debug] GET    /api/finance/bills/:id    --> go-biz-admin/handlers.(*FinanceHandler).GetBill-fm (5 handlers)
[GIN-debug] PUT    /api/finance/bills/:id/pay --> go-biz-admin/handlers.(*FinanceHandler).PayBill-fm (5 handlers)
[GIN-debug] POST   /api/finance/bills        --> go-biz-admin/handlers.(*FinanceHandler).CreateBill-fm (5 handlers)
[GIN-debug] PUT    /api/finance/bills/:id    --> go-biz-admin/handlers.(*FinanceHandler).UpdateBill-fm (5 handlers)
[GIN-debug] GET    /api/tickets              --> go-biz-admin/handlers.(*TicketHandler).GetTickets-fm (5 handlers)
[GIN-debug] GET    /api/tickets/:id          --> go-biz-admin/handlers.(*TicketHandler).GetTicket-fm (5 handlers)
[GIN-debug] POST   /api/tickets              --> go-biz-admin/handlers.(*TicketHandler).CreateTicket-fm (5 handlers)
[GIN-debug] PUT    /api/tickets/:id          --> go-biz-admin/handlers.(*TicketHandler).UpdateTicket-fm (5 handlers)
[GIN-debug] GET    /api/tickets/stats        --> go-biz-admin/handlers.(*TicketHandler).GetTicketStats-fm (5 handlers)
[GIN-debug] GET    /api/system/settings      --> go-biz-admin/handlers.(*SystemHandler).GetSystemSettings-fm (5 handlers)
[GIN-debug] PUT    /api/system/settings      --> go-biz-admin/handlers.(*SystemHandler).UpdateSystemSettings-fm (5 handlers)
[GIN-debug] GET    /api/products             --> go-biz-admin/handlers.(*SystemHandler).GetProducts-fm (5 handlers)
[GIN-debug] GET    /api/products/:id         --> go-biz-admin/handlers.(*SystemHandler).GetProduct-fm (5 handlers)
[GIN-debug] POST   /api/products             --> go-biz-admin/handlers.(*SystemHandler).CreateProduct-fm (5 handlers)
[GIN-debug] PUT    /api/products/:id         --> go-biz-admin/handlers.(*SystemHandler).UpdateProduct-fm (5 handlers)
[GIN-debug] DELETE /api/products/:id         --> go-biz-admin/handlers.(*SystemHandler).DeleteProduct-fm (5 handlers)
[GIN-debug] GET    /admin/v1/supplier/:id    --> go-biz-admin/handlers.(*SystemHandler).AdminGetSupplierDetail-fm (6 handlers)
[GIN-debug] GET    /admin/v1/upstream/host   --> go-biz-admin/handlers.(*UpstreamProductHandler).GetProductList-fm (6 handlers)
[GIN-debug] GET    /admin/v1/upstream/host/:id --> go-biz-admin/handlers.(*UpstreamProductHandler).GetProductByID-fm (6 handlers)
[GIN-debug] POST   /admin/v1/upstream/host   --> go-biz-admin/handlers.(*UpstreamProductHandler).CreateProduct-fm (6 handlers)
[GIN-debug] PUT    /admin/v1/upstream/host/:id --> go-biz-admin/handlers.(*UpstreamProductHandler).UpdateProduct-fm (6 handlers)
[GIN-debug] DELETE /admin/v1/upstream/host/:id --> go-biz-admin/handlers.(*UpstreamProductHandler).DeleteProduct-fm (6 handlers)
[GIN-debug] GET    /admin/v1/upstream/host/status-options --> go-biz-admin/handlers.(*UpstreamProductHandler).GetStatusOptions-fm (6 handlers)
[GIN-debug] GET    /admin/v1/upstream/host/billing-cycle-options --> go-biz-admin/handlers.(*UpstreamProductHandler).GetBillingCycleOptions-fm (6 handlers)
[GIN-debug] [WARNING] You trusted all proxies, this is NOT safe. We recommend you to set a value.
Please check https://pkg.go.dev/github.com/gin-gonic/gin#readme-don-t-trust-all-proxies for details.
[GIN-debug] Listening and serving HTTP on :8081
[GIN] 2026/02/12 - 17:39:27 | 204 |            0s |             ::1 | OPTIONS  "/api/user"
[GIN] 2026/02/12 - 17:39:27 | 204 |            0s |             ::1 | OPTIONS  "/api/products"
[GIN] 2026/02/12 - 17:39:27 | 200 |       5.416ms |             ::1 | GET      "/api/user"
[GIN] 2026/02/12 - 17:39:27 | 200 |      9.6501ms |             ::1 | GET      "/api/products"
[GIN] 2026/02/12 - 17:39:31 | 204 |            0s |             ::1 | OPTIONS  "/api/user"
[GIN] 2026/02/12 - 17:39:31 | 200 |      5.1189ms |             ::1 | GET      "/api/user"
[GIN] 2026/02/12 - 17:39:31 | 200 |      5.5443ms |             ::1 | GET      "/api/user"
[GIN] 2026/02/12 - 17:39:31 | 200 |      5.2235ms |             ::1 | GET      "/api/user"
[GIN] 2026/02/12 - 17:39:32 | 200 |      5.5097ms |             ::1 | GET      "/api/user"
[GIN] 2026/02/12 - 17:39:32 | 204 |            0s |             ::1 | OPTIONS  "/api/suppliers?page=1&limit=10&status="
[GIN] 2026/02/12 - 17:39:32 | 200 |      3.4656ms |             ::1 | GET      "/api/suppliers?page=1&limit=10&status="
[GIN] 2026/02/12 - 17:40:05 | 204 |            0s |             ::1 | OPTIONS  "/api/products?page=1&limit=10"
[GIN] 2026/02/12 - 17:40:05 | 204 |            0s |             ::1 | OPTIONS  "/api/suppliers?page=1&limit=1000&status=active"
[GIN] 2026/02/12 - 17:40:05 | 200 |      2.9899ms |             ::1 | GET      "/api/products?page=1&limit=10"
[GIN] 2026/02/12 - 17:40:05 | 200 |      3.8734ms |             ::1 | GET      "/api/suppliers?page=1&limit=1000&status=active"
[GIN] 2026/02/12 - 17:40:06 | 204 |            0s |             ::1 | OPTIONS  "/api/servers?page=1&limit=10&status=&server_type="
[GIN] 2026/02/12 - 17:40:06 | 404 |            0s |             ::1 | GET      "/api/servers?page=1&limit=10&status=&server_type="
[GIN] 2026/02/12 - 17:40:07 | 204 |            0s |             ::1 | OPTIONS  "/api/products?page=1&limit=10"
[GIN] 2026/02/12 - 17:40:07 | 204 |            0s |             ::1 | OPTIONS  "/api/suppliers?page=1&limit=1000&status=active"
[GIN] 2026/02/12 - 17:40:07 | 200 |      2.2863ms |             ::1 | GET      "/api/products?page=1&limit=10"
[GIN] 2026/02/12 - 17:40:07 | 200 |      3.4628ms |             ::1 | GET      "/api/suppliers?page=1&limit=1000&status=active"
[GIN] 2026/02/12 - 17:40:07 | 204 |            0s |             ::1 | OPTIONS  "/api/suppliers?page=1&limit=10&status="
[GIN] 2026/02/12 - 17:40:07 | 200 |      2.9426ms |             ::1 | GET      "/api/suppliers?page=1&limit=10&status="
[GIN] 2026/02/12 - 17:40:12 | 204 |            0s |             ::1 | OPTIONS  "/api/suppliers?page=1&limit=10&status=&interface_type="
[GIN] 2026/02/12 - 17:40:12 | 200 |      2.9842ms |             ::1 | GET      "/api/suppliers?page=1&limit=10&status=&interface_type="
[GIN] 2026/02/12 - 17:40:31 | 204 |            0s |             ::1 | OPTIONS  "/api/suppliers?page=1&limit=10&status=&interface_type="
[GIN] 2026/02/12 - 17:40:31 | 200 |      3.5814ms |             ::1 | GET      "/api/suppliers?page=1&limit=10&status=&interface_type="
[GIN] 2026/02/12 - 17:40:43 | 204 |            0s |             ::1 | OPTIONS  "/api/products?page=1&limit=10"
[GIN] 2026/02/12 - 17:40:43 | 204 |            0s |             ::1 | OPTIONS  "/api/suppliers?page=1&limit=1000&status=active"
[GIN] 2026/02/12 - 17:40:43 | 200 |      2.5471ms |             ::1 | GET      "/api/products?page=1&limit=10"
[GIN] 2026/02/12 - 17:40:43 | 200 |      5.4911ms |             ::1 | GET      "/api/suppliers?page=1&limit=1000&status=active"
[GIN] 2026/02/12 - 17:40:44 | 204 |            0s |             ::1 | OPTIONS  "/api/suppliers?page=1&limit=10&status=&interface_type="
[GIN] 2026/02/12 - 17:40:44 | 200 |      2.2376ms |             ::1 | GET      "/api/suppliers?page=1&limit=10&status=&interface_type="
[GIN] 2026/02/12 - 17:41:01 | 204 |            0s |             ::1 | OPTIONS  "/api/products?page=1&limit=10"
[GIN] 2026/02/12 - 17:41:01 | 204 |            0s |             ::1 | OPTIONS  "/api/suppliers?page=1&limit=1000&status=active"
[GIN] 2026/02/12 - 17:41:01 | 200 |      2.2639ms |             ::1 | GET      "/api/products?page=1&limit=10"
[GIN] 2026/02/12 - 17:41:01 | 200 |      3.3606ms |             ::1 | GET      "/api/suppliers?page=1&limit=1000&status=active"
[GIN] 2026/02/12 - 17:41:02 | 204 |            0s |             ::1 | OPTIONS  "/api/suppliers?page=1&limit=10&status=&interface_type="
[GIN] 2026/02/12 - 17:41:02 | 200 |      2.8409ms |             ::1 | GET      "/api/suppliers?page=1&limit=10&status=&interface_type="
[GIN] 2026/02/12 - 17:41:02 | 204 |            0s |             ::1 | OPTIONS  "/api/products?page=1&limit=10"
[GIN] 2026/02/12 - 17:41:02 | 204 |            0s |             ::1 | OPTIONS  "/api/suppliers?page=1&limit=1000&status=active"
[GIN] 2026/02/12 - 17:41:02 | 200 |      2.1898ms |             ::1 | GET      "/api/products?page=1&limit=10"
[GIN] 2026/02/12 - 17:41:02 | 200 |      4.5966ms |             ::1 | GET      "/api/suppliers?page=1&limit=1000&status=active"
[GIN] 2026/02/12 - 17:41:03 | 204 |            0s |             ::1 | OPTIONS  "/api/servers?page=1&limit=10&status=&server_type="
[GIN] 2026/02/12 - 17:41:03 | 404 |            0s |             ::1 | GET      "/api/servers?page=1&limit=10&status=&server_type="
[GIN] 2026/02/12 - 17:41:04 | 204 |            0s |             ::1 | OPTIONS  "/api/products?page=1&limit=10"
[GIN] 2026/02/12 - 17:41:04 | 204 |            0s |             ::1 | OPTIONS  "/api/suppliers?page=1&limit=1000&status=active"
[GIN] 2026/02/12 - 17:41:04 | 200 |      1.6657ms |             ::1 | GET      "/api/products?page=1&limit=10"
[GIN] 2026/02/12 - 17:41:04 | 200 |      3.3391ms |             ::1 | GET      "/api/suppliers?page=1&limit=1000&status=active"
[GIN] 2026/02/12 - 17:41:05 | 204 |            0s |             ::1 | OPTIONS  "/api/products?page=1&limit=10"
[GIN] 2026/02/12 - 17:41:05 | 204 |            0s |             ::1 | OPTIONS  "/api/suppliers?page=1&limit=1000&status=active"
[GIN] 2026/02/12 - 17:41:05 | 200 |      1.8595ms |             ::1 | GET      "/api/products?page=1&limit=10"
[GIN] 2026/02/12 - 17:41:05 | 200 |      3.8975ms |             ::1 | GET      "/api/suppliers?page=1&limit=1000&status=active"
[GIN] 2026/02/12 - 17:41:05 | 204 |            0s |             ::1 | OPTIONS  "/api/suppliers?page=1&limit=10&status=&interface_type="
[GIN] 2026/02/12 - 17:41:05 | 200 |         2.4ms |             ::1 | GET      "/api/suppliers?page=1&limit=10&status=&interface_type="
[GIN] 2026/02/12 - 17:41:08 | 200 |      5.4666ms |             ::1 | GET      "/api/user"
[GIN] 2026/02/12 - 17:41:08 | 204 |            0s |             ::1 | OPTIONS  "/api/tasks?page=1&limit=10&status=&task_type="
[GIN] 2026/02/12 - 17:41:08 | 200 |      2.9951ms |             ::1 | GET      "/api/tasks?page=1&limit=10&status=&task_type="
[GIN-debug] [WARNING] Running in "debug" mode. Switch to "release" mode in production.
 - using env:	export GIN_MODE=release
 - using code:	gin.SetMode(gin.ReleaseMode)

[GIN-debug] POST   /api/auth/login           --> go-biz-admin/handlers.(*UserHandler).Login-fm (4 handlers)
[GIN-debug] POST   /api/auth/register        --> go-biz-admin/handlers.(*UserHandler).Register-fm (4 handlers)
[GIN-debug] GET    /api/users                --> go-biz-admin/handlers.(*UserHandler).GetUsers-fm (4 handlers)
[GIN-debug] POST   /api/users                --> go-biz-admin/handlers.(*UserHandler).Register-fm (4 handlers)
[GIN-debug] POST   /api/users/admin          --> go-biz-admin/handlers.(*UserHandler).CreateAdminAccount-fm (4 handlers)
[GIN-debug] GET    /api/user                 --> go-biz-admin/handlers.(*UserHandler).GetCurrentUser-fm (5 handlers)
[GIN-debug] GET    /api/suppliers            --> go-biz-admin/handlers.(*SystemHandler).GetSuppliers-fm (4 handlers)
[GIN-debug] GET    /api/suppliers/:id        --> go-biz-admin/handlers.(*SystemHandler).GetSupplier-fm (4 handlers)
[GIN-debug] POST   /api/suppliers            --> go-biz-admin/handlers.(*SystemHandler).CreateSupplier-fm (4 handlers)
[GIN-debug] DELETE /api/suppliers/:id        --> go-biz-admin/handlers.(*SystemHandler).DeleteSupplier-fm (4 handlers)
[GIN-debug] POST   /api/suppliers/:id/sync   --> go-biz-admin/handlers.(*SystemHandler).SyncSupplierInfo-fm (4 handlers)
[GIN-debug] POST   /api/suppliers/:id/sync-products --> go-biz-admin/handlers.(*SystemHandler).SyncProductsFromSupplier-fm (4 handlers)
[GIN-debug] GET    /api/zjmf/suppliers       --> go-biz-admin/handlers.(*ZJMFHandler).GetSuppliers-fm (4 handlers)
[GIN-debug] GET    /api/zjmf/user/:id        --> go-biz-admin/handlers.(*ZJMFHandler).GetUserDetail-fm (4 handlers)
[GIN-debug] POST   /api/zjmf/server          --> go-biz-admin/handlers.(*ZJMFHandler).CreateServer-fm (4 handlers)
[GIN-debug] POST   /api/zjmf/sync-servers    --> go-biz-admin/handlers.(*ZJMFHandler).SyncServers-fm (4 handlers)
[GIN-debug] POST   /api/zjmf/info            --> go-biz-admin/handlers.(*ZJMFHandler).GetInfo-fm (4 handlers)
[GIN-debug] POST   /api/zjmf/products        --> go-biz-admin/handlers.(*ZJMFHandler).GetProducts-fm (4 handlers)
[GIN-debug] GET    /api/tasks                --> go-biz-admin/handlers.(*SystemHandler).GetTasks-fm (5 handlers)
[GIN-debug] GET    /api/tasks/:id            --> go-biz-admin/handlers.(*SystemHandler).GetTask-fm (5 handlers)
[GIN-debug] POST   /api/tasks                --> go-biz-admin/handlers.(*SystemHandler).CreateTask-fm (5 handlers)
[GIN-debug] PUT    /api/tasks/:id            --> go-biz-admin/handlers.(*SystemHandler).UpdateTask-fm (5 handlers)
[GIN-debug] DELETE /api/tasks/:id            --> go-biz-admin/handlers.(*SystemHandler).DeleteTask-fm (5 handlers)
[GIN-debug] POST   /api/tasks/:id/run        --> go-biz-admin/handlers.(*SystemHandler).RunTask-fm (5 handlers)
[GIN-debug] GET    /api/orders/products      --> go-biz-admin/handlers.(*OrderHandler).GetProductOrders-fm (5 handlers)
[GIN-debug] GET    /api/orders/products/:id  --> go-biz-admin/handlers.(*OrderHandler).GetProductOrder-fm (5 handlers)
[GIN-debug] POST   /api/orders/products      --> go-biz-admin/handlers.(*OrderHandler).CreateProductOrder-fm (5 handlers)
[GIN-debug] PUT    /api/orders/products/:id  --> go-biz-admin/handlers.(*OrderHandler).UpdateProductOrder-fm (5 handlers)
[GIN-debug] GET    /api/orders/renewals      --> go-biz-admin/handlers.(*OrderHandler).GetRenewalOrders-fm (5 handlers)
[GIN-debug] GET    /api/orders/renewals/:id  --> go-biz-admin/handlers.(*OrderHandler).GetRenewalOrder-fm (5 handlers)
[GIN-debug] POST   /api/orders/renewals      --> go-biz-admin/handlers.(*OrderHandler).CreateRenewalOrder-fm (5 handlers)
[GIN-debug] PUT    /api/orders/renewals/:id  --> go-biz-admin/handlers.(*OrderHandler).UpdateRenewalOrder-fm (5 handlers)
[GIN-debug] GET    /api/finance/transactions --> go-biz-admin/handlers.(*FinanceHandler).GetTransactions-fm (5 handlers)
[GIN-debug] GET    /api/finance/transactions/:id --> go-biz-admin/handlers.(*FinanceHandler).GetTransaction-fm (5 handlers)
[GIN-debug] GET    /api/finance/bills        --> go-biz-admin/handlers.(*FinanceHandler).GetBills-fm (5 handlers)
[GIN-debug] GET    /api/finance/bills/:id    --> go-biz-admin/handlers.(*FinanceHandler).GetBill-fm (5 handlers)
[GIN-debug] PUT    /api/finance/bills/:id/pay --> go-biz-admin/handlers.(*FinanceHandler).PayBill-fm (5 handlers)
[GIN-debug] POST   /api/finance/bills        --> go-biz-admin/handlers.(*FinanceHandler).CreateBill-fm (5 handlers)
[GIN-debug] PUT    /api/finance/bills/:id    --> go-biz-admin/handlers.(*FinanceHandler).UpdateBill-fm (5 handlers)
[GIN-debug] GET    /api/tickets              --> go-biz-admin/handlers.(*TicketHandler).GetTickets-fm (5 handlers)
[GIN-debug] GET    /api/tickets/:id          --> go-biz-admin/handlers.(*TicketHandler).GetTicket-fm (5 handlers)
[GIN-debug] POST   /api/tickets              --> go-biz-admin/handlers.(*TicketHandler).CreateTicket-fm (5 handlers)
[GIN-debug] PUT    /api/tickets/:id          --> go-biz-admin/handlers.(*TicketHandler).UpdateTicket-fm (5 handlers)
[GIN-debug] GET    /api/tickets/stats        --> go-biz-admin/handlers.(*TicketHandler).GetTicketStats-fm (5 handlers)
[GIN-debug] GET    /api/system/settings      --> go-biz-admin/handlers.(*SystemHandler).GetSystemSettings-fm (5 handlers)
[GIN-debug] PUT    /api/system/settings      --> go-biz-admin/handlers.(*SystemHandler).UpdateSystemSettings-fm (5 handlers)
[GIN-debug] GET    /api/products             --> go-biz-admin/handlers.(*SystemHandler).GetProducts-fm (5 handlers)
[GIN-debug] GET    /api/products/:id         --> go-biz-admin/handlers.(*SystemHandler).GetProduct-fm (5 handlers)
[GIN-debug] POST   /api/products             --> go-biz-admin/handlers.(*SystemHandler).CreateProduct-fm (5 handlers)
[GIN-debug] PUT    /api/products/:id         --> go-biz-admin/handlers.(*SystemHandler).UpdateProduct-fm (5 handlers)
[GIN-debug] DELETE /api/products/:id         --> go-biz-admin/handlers.(*SystemHandler).DeleteProduct-fm (5 handlers)
[GIN-debug] GET    /admin/v1/supplier/:id    --> go-biz-admin/handlers.(*SystemHandler).AdminGetSupplierDetail-fm (6 handlers)
[GIN-debug] GET    /admin/v1/upstream/host   --> go-biz-admin/handlers.(*UpstreamProductHandler).GetProductList-fm (6 handlers)
[GIN-debug] GET    /admin/v1/upstream/host/:id --> go-biz-admin/handlers.(*UpstreamProductHandler).GetProductByID-fm (6 handlers)
[GIN-debug] POST   /admin/v1/upstream/host   --> go-biz-admin/handlers.(*UpstreamProductHandler).CreateProduct-fm (6 handlers)
[GIN-debug] PUT    /admin/v1/upstream/host/:id --> go-biz-admin/handlers.(*UpstreamProductHandler).UpdateProduct-fm (6 handlers)
[GIN-debug] DELETE /admin/v1/upstream/host/:id --> go-biz-admin/handlers.(*UpstreamProductHandler).DeleteProduct-fm (6 handlers)
[GIN-debug] GET    /admin/v1/upstream/host/status-options --> go-biz-admin/handlers.(*UpstreamProductHandler).GetStatusOptions-fm (6 handlers)
[GIN-debug] GET    /admin/v1/upstream/host/billing-cycle-options --> go-biz-admin/handlers.(*UpstreamProductHandler).GetBillingCycleOptions-fm (6 handlers)
[GIN-debug] [WARNING] You trusted all proxies, this is NOT safe. We recommend you to set a value.
Please check https://pkg.go.dev/github.com/gin-gonic/gin#readme-don-t-trust-all-proxies for details.
[GIN-debug] Listening and serving HTTP on :8081
[GIN-debug] [ERROR] listen tcp :8081: bind: Only one usage of each socket address (protocol/network address/port) is normally permitted.
[GIN-debug] [WARNING] Running in "debug" mode. Switch to "release" mode in production.
 - using env:	export GIN_MODE=release
 - using code:	gin.SetMode(gin.ReleaseMode)

[GIN-debug] POST   /api/auth/login           --> go-biz-admin/handlers.(*UserHandler).Login-fm (4 handlers)
[GIN-debug] POST   /api/auth/register        --> go-biz-admin/handlers.(*UserHandler).Register-fm (4 handlers)
[GIN-debug] GET    /api/users                --> go-biz-admin/handlers.(*UserHandler).GetUsers-fm (4 handlers)
[GIN-debug] POST   /api/users                --> go-biz-admin/handlers.(*UserHandler).Register-fm (4 handlers)
[GIN-debug] POST   /api/users/admin          --> go-biz-admin/handlers.(*UserHandler).CreateAdminAccount-fm (4 handlers)
[GIN-debug] GET    /api/user                 --> go-biz-admin/handlers.(*UserHandler).GetCurrentUser-fm (5 handlers)
[GIN-debug] GET    /api/suppliers            --> go-biz-admin/handlers.(*SystemHandler).GetSuppliers-fm (4 handlers)
[GIN-debug] GET    /api/suppliers/:id        --> go-biz-admin/handlers.(*SystemHandler).GetSupplier-fm (4 handlers)
[GIN-debug] POST   /api/suppliers            --> go-biz-admin/handlers.(*SystemHandler).CreateSupplier-fm (4 handlers)
[GIN-debug] DELETE /api/suppliers/:id        --> go-biz-admin/handlers.(*SystemHandler).DeleteSupplier-fm (4 handlers)
[GIN-debug] POST   /api/suppliers/:id/sync   --> go-biz-admin/handlers.(*SystemHandler).SyncSupplierInfo-fm (4 handlers)
[GIN-debug] POST   /api/suppliers/:id/sync-products --> go-biz-admin/handlers.(*SystemHandler).SyncProductsFromSupplier-fm (4 handlers)
[GIN-debug] GET    /api/zjmf/suppliers       --> go-biz-admin/handlers.(*ZJMFHandler).GetSuppliers-fm (4 handlers)
[GIN-debug] GET    /api/zjmf/user/:id        --> go-biz-admin/handlers.(*ZJMFHandler).GetUserDetail-fm (4 handlers)
[GIN-debug] POST   /api/zjmf/server          --> go-biz-admin/handlers.(*ZJMFHandler).CreateServer-fm (4 handlers)
[GIN-debug] POST   /api/zjmf/sync-servers    --> go-biz-admin/handlers.(*ZJMFHandler).SyncServers-fm (4 handlers)
[GIN-debug] POST   /api/zjmf/info            --> go-biz-admin/handlers.(*ZJMFHandler).GetInfo-fm (4 handlers)
[GIN-debug] POST   /api/zjmf/products        --> go-biz-admin/handlers.(*ZJMFHandler).GetProducts-fm (4 handlers)
[GIN-debug] GET    /api/tasks                --> go-biz-admin/handlers.(*SystemHandler).GetTasks-fm (5 handlers)
[GIN-debug] GET    /api/tasks/:id            --> go-biz-admin/handlers.(*SystemHandler).GetTask-fm (5 handlers)
[GIN-debug] POST   /api/tasks                --> go-biz-admin/handlers.(*SystemHandler).CreateTask-fm (5 handlers)
[GIN-debug] PUT    /api/tasks/:id            --> go-biz-admin/handlers.(*SystemHandler).UpdateTask-fm (5 handlers)
[GIN-debug] DELETE /api/tasks/:id            --> go-biz-admin/handlers.(*SystemHandler).DeleteTask-fm (5 handlers)
[GIN-debug] POST   /api/tasks/:id/run        --> go-biz-admin/handlers.(*SystemHandler).RunTask-fm (5 handlers)
[GIN-debug] GET    /api/orders/products      --> go-biz-admin/handlers.(*OrderHandler).GetProductOrders-fm (5 handlers)
[GIN-debug] GET    /api/orders/products/:id  --> go-biz-admin/handlers.(*OrderHandler).GetProductOrder-fm (5 handlers)
[GIN-debug] POST   /api/orders/products      --> go-biz-admin/handlers.(*OrderHandler).CreateProductOrder-fm (5 handlers)
[GIN-debug] PUT    /api/orders/products/:id  --> go-biz-admin/handlers.(*OrderHandler).UpdateProductOrder-fm (5 handlers)
[GIN-debug] GET    /api/orders/renewals      --> go-biz-admin/handlers.(*OrderHandler).GetRenewalOrders-fm (5 handlers)
[GIN-debug] GET    /api/orders/renewals/:id  --> go-biz-admin/handlers.(*OrderHandler).GetRenewalOrder-fm (5 handlers)
[GIN-debug] POST   /api/orders/renewals      --> go-biz-admin/handlers.(*OrderHandler).CreateRenewalOrder-fm (5 handlers)
[GIN-debug] PUT    /api/orders/renewals/:id  --> go-biz-admin/handlers.(*OrderHandler).UpdateRenewalOrder-fm (5 handlers)
[GIN-debug] GET    /api/finance/transactions --> go-biz-admin/handlers.(*FinanceHandler).GetTransactions-fm (5 handlers)
[GIN-debug] GET    /api/finance/transactions/:id --> go-biz-admin/handlers.(*FinanceHandler).GetTransaction-fm (5 handlers)
[GIN-debug] GET    /api/finance/bills        --> go-biz-admin/handlers.(*FinanceHandler).GetBills-fm (5 handlers)
[GIN-debug] GET    /api/finance/bills/:id    --> go-biz-admin/handlers.(*FinanceHandler).GetBill-fm (5 handlers)
[GIN-debug] PUT    /api/finance/bills/:id/pay --> go-biz-admin/handlers.(*FinanceHandler).PayBill-fm (5 handlers)
[GIN-debug] POST   /api/finance/bills        --> go-biz-admin/handlers.(*FinanceHandler).CreateBill-fm (5 handlers)
[GIN-debug] PUT    /api/finance/bills/:id    --> go-biz-admin/handlers.(*FinanceHandler).UpdateBill-fm (5 handlers)
[GIN-debug] GET    /api/tickets              --> go-biz-admin/handlers.(*TicketHandler).GetTickets-fm (5 handlers)
[GIN-debug] GET    /api/tickets/:id          --> go-biz-admin/handlers.(*TicketHandler).GetTicket-fm (5 handlers)
[GIN-debug] POST   /api/tickets              --> go-biz-admin/handlers.(*TicketHandler).CreateTicket-fm (5 handlers)
[GIN-debug] PUT    /api/tickets/:id          --> go-biz-admin/handlers.(*TicketHandler).UpdateTicket-fm (5 handlers)
[GIN-debug] GET    /api/tickets/stats        --> go-biz-admin/handlers.(*TicketHandler).GetTicketStats-fm (5 handlers)
[GIN-debug] GET    /api/system/settings      --> go-biz-admin/handlers.(*SystemHandler).GetSystemSettings-fm (5 handlers)
[GIN-debug] PUT    /api/system/settings      --> go-biz-admin/handlers.(*SystemHandler).UpdateSystemSettings-fm (5 handlers)
[GIN-debug] GET    /api/products             --> go-biz-admin/handlers.(*SystemHandler).GetProducts-fm (5 handlers)
[GIN-debug] GET    /api/products/:id         --> go-biz-admin/handlers.(*SystemHandler).GetProduct-fm (5 handlers)
[GIN-debug] POST   /api/products             --> go-biz-admin/handlers.(*SystemHandler).CreateProduct-fm (5 handlers)
[GIN-debug] PUT    /api/products/:id         --> go-biz-admin/handlers.(*SystemHandler).UpdateProduct-fm (5 handlers)
[GIN-debug] DELETE /api/products/:id         --> go-biz-admin/handlers.(*SystemHandler).DeleteProduct-fm (5 handlers)
[GIN-debug] GET    /admin/v1/supplier/:id    --> go-biz-admin/handlers.(*SystemHandler).AdminGetSupplierDetail-fm (6 handlers)
[GIN-debug] GET    /admin/v1/upstream/host   --> go-biz-admin/handlers.(*UpstreamProductHandler).GetProductList-fm (6 handlers)
[GIN-debug] GET    /admin/v1/upstream/host/:id --> go-biz-admin/handlers.(*UpstreamProductHandler).GetProductByID-fm (6 handlers)
[GIN-debug] POST   /admin/v1/upstream/host   --> go-biz-admin/handlers.(*UpstreamProductHandler).CreateProduct-fm (6 handlers)
[GIN-debug] PUT    /admin/v1/upstream/host/:id --> go-biz-admin/handlers.(*UpstreamProductHandler).UpdateProduct-fm (6 handlers)
[GIN-debug] DELETE /admin/v1/upstream/host/:id --> go-biz-admin/handlers.(*UpstreamProductHandler).DeleteProduct-fm (6 handlers)
[GIN-debug] GET    /admin/v1/upstream/host/status-options --> go-biz-admin/handlers.(*UpstreamProductHandler).GetStatusOptions-fm (6 handlers)
[GIN-debug] GET    /admin/v1/upstream/host/billing-cycle-options --> go-biz-admin/handlers.(*UpstreamProductHandler).GetBillingCycleOptions-fm (6 handlers)
[GIN-debug] [WARNING] You trusted all proxies, this is NOT safe. We recommend you to set a value.
Please check https://pkg.go.dev/github.com/gin-gonic/gin#readme-don-t-trust-all-proxies for details.
[GIN-debug] Listening and serving HTTP on :8081
[GIN-debug] [ERROR] listen tcp :8081: bind: Only one usage of each socket address (protocol/network address/port) is normally permitted.
[GIN-debug] [WARNING] Running in "debug" mode. Switch to "release" mode in production.
 - using env:	export GIN_MODE=release
 - using code:	gin.SetMode(gin.ReleaseMode)

[GIN-debug] POST   /api/auth/login           --> go-biz-admin/handlers.(*UserHandler).Login-fm (4 handlers)
[GIN-debug] POST   /api/auth/register        --> go-biz-admin/handlers.(*UserHandler).Register-fm (4 handlers)
[GIN-debug] GET    /api/users                --> go-biz-admin/handlers.(*UserHandler).GetUsers-fm (4 handlers)
[GIN-debug] POST   /api/users                --> go-biz-admin/handlers.(*UserHandler).Register-fm (4 handlers)
[GIN-debug] POST   /api/users/admin          --> go-biz-admin/handlers.(*UserHandler).CreateAdminAccount-fm (4 handlers)
[GIN-debug] GET    /api/user                 --> go-biz-admin/handlers.(*UserHandler).GetCurrentUser-fm (5 handlers)
[GIN-debug] GET    /api/suppliers            --> go-biz-admin/handlers.(*SystemHandler).GetSuppliers-fm (4 handlers)
[GIN-debug] GET    /api/suppliers/:id        --> go-biz-admin/handlers.(*SystemHandler).GetSupplier-fm (4 handlers)
[GIN-debug] POST   /api/suppliers            --> go-biz-admin/handlers.(*SystemHandler).CreateSupplier-fm (4 handlers)
[GIN-debug] DELETE /api/suppliers/:id        --> go-biz-admin/handlers.(*SystemHandler).DeleteSupplier-fm (4 handlers)
[GIN-debug] POST   /api/suppliers/:id/sync   --> go-biz-admin/handlers.(*SystemHandler).SyncSupplierInfo-fm (4 handlers)
[GIN-debug] POST   /api/suppliers/:id/sync-products --> go-biz-admin/handlers.(*SystemHandler).SyncProductsFromSupplier-fm (4 handlers)
[GIN-debug] GET    /api/zjmf/suppliers       --> go-biz-admin/handlers.(*ZJMFHandler).GetSuppliers-fm (4 handlers)
[GIN-debug] GET    /api/zjmf/user/:id        --> go-biz-admin/handlers.(*ZJMFHandler).GetUserDetail-fm (4 handlers)
[GIN-debug] POST   /api/zjmf/server          --> go-biz-admin/handlers.(*ZJMFHandler).CreateServer-fm (4 handlers)
[GIN-debug] POST   /api/zjmf/sync-servers    --> go-biz-admin/handlers.(*ZJMFHandler).SyncServers-fm (4 handlers)
[GIN-debug] POST   /api/zjmf/info            --> go-biz-admin/handlers.(*ZJMFHandler).GetInfo-fm (4 handlers)
[GIN-debug] POST   /api/zjmf/products        --> go-biz-admin/handlers.(*ZJMFHandler).GetProducts-fm (4 handlers)
[GIN-debug] GET    /api/tasks                --> go-biz-admin/handlers.(*SystemHandler).GetTasks-fm (5 handlers)
[GIN-debug] GET    /api/tasks/:id            --> go-biz-admin/handlers.(*SystemHandler).GetTask-fm (5 handlers)
[GIN-debug] POST   /api/tasks                --> go-biz-admin/handlers.(*SystemHandler).CreateTask-fm (5 handlers)
[GIN-debug] PUT    /api/tasks/:id            --> go-biz-admin/handlers.(*SystemHandler).UpdateTask-fm (5 handlers)
[GIN-debug] DELETE /api/tasks/:id            --> go-biz-admin/handlers.(*SystemHandler).DeleteTask-fm (5 handlers)
[GIN-debug] POST   /api/tasks/:id/run        --> go-biz-admin/handlers.(*SystemHandler).RunTask-fm (5 handlers)
[GIN-debug] GET    /api/orders/products      --> go-biz-admin/handlers.(*OrderHandler).GetProductOrders-fm (5 handlers)
[GIN-debug] GET    /api/orders/products/:id  --> go-biz-admin/handlers.(*OrderHandler).GetProductOrder-fm (5 handlers)
[GIN-debug] POST   /api/orders/products      --> go-biz-admin/handlers.(*OrderHandler).CreateProductOrder-fm (5 handlers)
[GIN-debug] PUT    /api/orders/products/:id  --> go-biz-admin/handlers.(*OrderHandler).UpdateProductOrder-fm (5 handlers)
[GIN-debug] GET    /api/orders/renewals      --> go-biz-admin/handlers.(*OrderHandler).GetRenewalOrders-fm (5 handlers)
[GIN-debug] GET    /api/orders/renewals/:id  --> go-biz-admin/handlers.(*OrderHandler).GetRenewalOrder-fm (5 handlers)
[GIN-debug] POST   /api/orders/renewals      --> go-biz-admin/handlers.(*OrderHandler).CreateRenewalOrder-fm (5 handlers)
[GIN-debug] PUT    /api/orders/renewals/:id  --> go-biz-admin/handlers.(*OrderHandler).UpdateRenewalOrder-fm (5 handlers)
[GIN-debug] GET    /api/finance/transactions --> go-biz-admin/handlers.(*FinanceHandler).GetTransactions-fm (5 handlers)
[GIN-debug] GET    /api/finance/transactions/:id --> go-biz-admin/handlers.(*FinanceHandler).GetTransaction-fm (5 handlers)
[GIN-debug] GET    /api/finance/bills        --> go-biz-admin/handlers.(*FinanceHandler).GetBills-fm (5 handlers)
[GIN-debug] GET    /api/finance/bills/:id    --> go-biz-admin/handlers.(*FinanceHandler).GetBill-fm (5 handlers)
[GIN-debug] PUT    /api/finance/bills/:id/pay --> go-biz-admin/handlers.(*FinanceHandler).PayBill-fm (5 handlers)
[GIN-debug] POST   /api/finance/bills        --> go-biz-admin/handlers.(*FinanceHandler).CreateBill-fm (5 handlers)
[GIN-debug] PUT    /api/finance/bills/:id    --> go-biz-admin/handlers.(*FinanceHandler).UpdateBill-fm (5 handlers)
[GIN-debug] GET    /api/tickets              --> go-biz-admin/handlers.(*TicketHandler).GetTickets-fm (5 handlers)
[GIN-debug] GET    /api/tickets/:id          --> go-biz-admin/handlers.(*TicketHandler).GetTicket-fm (5 handlers)
[GIN-debug] POST   /api/tickets              --> go-biz-admin/handlers.(*TicketHandler).CreateTicket-fm (5 handlers)
[GIN-debug] PUT    /api/tickets/:id          --> go-biz-admin/handlers.(*TicketHandler).UpdateTicket-fm (5 handlers)
[GIN-debug] GET    /api/tickets/stats        --> go-biz-admin/handlers.(*TicketHandler).GetTicketStats-fm (5 handlers)
[GIN-debug] GET    /api/system/settings      --> go-biz-admin/handlers.(*SystemHandler).GetSystemSettings-fm (5 handlers)
[GIN-debug] PUT    /api/system/settings      --> go-biz-admin/handlers.(*SystemHandler).UpdateSystemSettings-fm (5 handlers)
[GIN-debug] GET    /api/products             --> go-biz-admin/handlers.(*SystemHandler).GetProducts-fm (5 handlers)
[GIN-debug] GET    /api/products/:id         --> go-biz-admin/handlers.(*SystemHandler).GetProduct-fm (5 handlers)
[GIN-debug] POST   /api/products             --> go-biz-admin/handlers.(*SystemHandler).CreateProduct-fm (5 handlers)
[GIN-debug] PUT    /api/products/:id         --> go-biz-admin/handlers.(*SystemHandler).UpdateProduct-fm (5 handlers)
[GIN-debug] DELETE /api/products/:id         --> go-biz-admin/handlers.(*SystemHandler).DeleteProduct-fm (5 handlers)
[GIN-debug] GET    /admin/v1/supplier/:id    --> go-biz-admin/handlers.(*SystemHandler).AdminGetSupplierDetail-fm (6 handlers)
[GIN-debug] GET    /admin/v1/upstream/host   --> go-biz-admin/handlers.(*UpstreamProductHandler).GetProductList-fm (6 handlers)
[GIN-debug] GET    /admin/v1/upstream/host/:id --> go-biz-admin/handlers.(*UpstreamProductHandler).GetProductByID-fm (6 handlers)
[GIN-debug] POST   /admin/v1/upstream/host   --> go-biz-admin/handlers.(*UpstreamProductHandler).CreateProduct-fm (6 handlers)
[GIN-debug] PUT    /admin/v1/upstream/host/:id --> go-biz-admin/handlers.(*UpstreamProductHandler).UpdateProduct-fm (6 handlers)
[GIN-debug] DELETE /admin/v1/upstream/host/:id --> go-biz-admin/handlers.(*UpstreamProductHandler).DeleteProduct-fm (6 handlers)
[GIN-debug] GET    /admin/v1/upstream/host/status-options --> go-biz-admin/handlers.(*UpstreamProductHandler).GetStatusOptions-fm (6 handlers)
[GIN-debug] GET    /admin/v1/upstream/host/billing-cycle-options --> go-biz-admin/handlers.(*UpstreamProductHandler).GetBillingCycleOptions-fm (6 handlers)
[GIN-debug] [WARNING] You trusted all proxies, this is NOT safe. We recommend you to set a value.
Please check https://pkg.go.dev/github.com/gin-gonic/gin#readme-don-t-trust-all-proxies for details.
[GIN-debug] Listening and serving HTTP on :8081
[GIN] 2026/02/12 - 17:43:32 | 204 |            0s |             ::1 | OPTIONS  "/api/user"
[GIN] 2026/02/12 - 17:43:32 | 200 |      4.6646ms |             ::1 | GET      "/api/user"
[GIN] 2026/02/12 - 17:43:32 | 200 |     11.4532ms |             ::1 | GET      "/api/user"
[GIN] 2026/02/12 - 17:43:32 | 200 |      5.0191ms |             ::1 | GET      "/api/user"
[GIN] 2026/02/12 - 17:43:32 | 204 |            0s |             ::1 | OPTIONS  "/api/tasks?page=1&limit=10&status=&task_type="
[GIN] 2026/02/12 - 17:43:32 | 200 |       2.779ms |             ::1 | GET      "/api/tasks?page=1&limit=10&status=&task_type="
[GIN] 2026/02/12 - 17:43:42 | 200 |      5.1732ms |             ::1 | GET      "/api/user"
[GIN] 2026/02/12 - 17:43:42 | 204 |            0s |             ::1 | OPTIONS  "/api/suppliers?page=1&limit=10&status=&interface_type="
[GIN] 2026/02/12 - 17:43:42 | 200 |      3.0207ms |             ::1 | GET      "/api/suppliers?page=1&limit=10&status=&interface_type="
[GIN] 2026/02/12 - 17:43:43 | 204 |            0s |             ::1 | OPTIONS  "/api/products?page=1&limit=10"
[GIN] 2026/02/12 - 17:43:43 | 204 |            0s |             ::1 | OPTIONS  "/api/suppliers?page=1&limit=1000&status=active"
[GIN] 2026/02/12 - 17:43:43 | 200 |      1.6164ms |             ::1 | GET      "/api/products?page=1&limit=10"
[GIN] 2026/02/12 - 17:43:43 | 200 |      4.3654ms |             ::1 | GET      "/api/suppliers?page=1&limit=1000&status=active"
[GIN] 2026/02/12 - 17:43:44 | 204 |            0s |             ::1 | OPTIONS  "/api/products?page=1&limit=10"
[GIN] 2026/02/12 - 17:43:44 | 200 |      2.4149ms |             ::1 | GET      "/api/products?page=1&limit=10"
[GIN] 2026/02/12 - 17:43:46 | 204 |            0s |             ::1 | OPTIONS  "/api/suppliers?page=1&limit=10&status=&interface_type="
[GIN] 2026/02/12 - 17:43:46 | 200 |      3.0417ms |             ::1 | GET      "/api/suppliers?page=1&limit=10&status=&interface_type="
[GIN] 2026/02/12 - 17:43:47 | 204 |            0s |             ::1 | OPTIONS  "/api/products?page=1&limit=10"
[GIN] 2026/02/12 - 17:43:47 | 204 |            0s |             ::1 | OPTIONS  "/api/suppliers?page=1&limit=1000&status=active"
[GIN] 2026/02/12 - 17:43:47 | 200 |      3.0835ms |             ::1 | GET      "/api/products?page=1&limit=10"
[GIN] 2026/02/12 - 17:43:47 | 200 |      5.8957ms |             ::1 | GET      "/api/suppliers?page=1&limit=1000&status=active"
[GIN] 2026/02/12 - 17:43:49 | 204 |       936.1µs |             ::1 | OPTIONS  "/api/suppliers?page=1&limit=10&status=&interface_type="
[GIN] 2026/02/12 - 17:43:49 | 200 |      3.0758ms |             ::1 | GET      "/api/suppliers?page=1&limit=10&status=&interface_type="
[GIN] 2026/02/12 - 17:47:05 | 204 |            0s |             ::1 | OPTIONS  "/api/suppliers"
[GIN] 2026/02/12 - 17:47:05 | 400 |            0s |             ::1 | POST     "/api/suppliers"
[GIN] 2026/02/12 - 17:47:49 | 204 |            0s |             ::1 | OPTIONS  "/api/suppliers"
[GIN] 2026/02/12 - 17:47:49 | 400 |            0s |             ::1 | POST     "/api/suppliers"
[GIN] 2026/02/12 - 17:48:14 | 204 |            0s |             ::1 | OPTIONS  "/api/suppliers?page=1&limit=10&status=&interface_type="
[GIN] 2026/02/12 - 17:48:14 | 200 |      2.8234ms |             ::1 | GET      "/api/suppliers?page=1&limit=10&status=&interface_type="
[GIN] 2026/02/12 - 17:49:33 | 204 |            0s |             ::1 | OPTIONS  "/api/user"
[GIN] 2026/02/12 - 17:49:33 | 200 |      4.6641ms |             ::1 | GET      "/api/user"
[GIN] 2026/02/12 - 17:49:33 | 200 |      4.7206ms |             ::1 | GET      "/api/user"
[GIN] 2026/02/12 - 17:49:33 | 200 |      5.0084ms |             ::1 | GET      "/api/user"
[GIN] 2026/02/12 - 17:49:33 | 204 |            0s |             ::1 | OPTIONS  "/api/suppliers?page=1&limit=10&status=&interface_type="
[GIN] 2026/02/12 - 17:49:33 | 200 |      2.3809ms |             ::1 | GET      "/api/suppliers?page=1&limit=10&status=&interface_type="
[GIN-debug] [WARNING] Running in "debug" mode. Switch to "release" mode in production.
 - using env:	export GIN_MODE=release
 - using code:	gin.SetMode(gin.ReleaseMode)

[GIN-debug] POST   /api/auth/login           --> go-biz-admin/handlers.(*UserHandler).Login-fm (4 handlers)
[GIN-debug] POST   /api/auth/register        --> go-biz-admin/handlers.(*UserHandler).Register-fm (4 handlers)
[GIN-debug] GET    /api/users                --> go-biz-admin/handlers.(*UserHandler).GetUsers-fm (4 handlers)
[GIN-debug] POST   /api/users                --> go-biz-admin/handlers.(*UserHandler).Register-fm (4 handlers)
[GIN-debug] POST   /api/users/admin          --> go-biz-admin/handlers.(*UserHandler).CreateAdminAccount-fm (4 handlers)
[GIN-debug] GET    /api/user                 --> go-biz-admin/handlers.(*UserHandler).GetCurrentUser-fm (5 handlers)
[GIN-debug] GET    /api/suppliers            --> go-biz-admin/handlers.(*SystemHandler).GetSuppliers-fm (4 handlers)
[GIN-debug] GET    /api/suppliers/:id        --> go-biz-admin/handlers.(*SystemHandler).GetSupplier-fm (4 handlers)
[GIN-debug] POST   /api/suppliers            --> go-biz-admin/handlers.(*SystemHandler).CreateSupplier-fm (4 handlers)
[GIN-debug] DELETE /api/suppliers/:id        --> go-biz-admin/handlers.(*SystemHandler).DeleteSupplier-fm (4 handlers)
[GIN-debug] POST   /api/suppliers/:id/sync   --> go-biz-admin/handlers.(*SystemHandler).SyncSupplierInfo-fm (4 handlers)
[GIN-debug] POST   /api/suppliers/:id/sync-products --> go-biz-admin/handlers.(*SystemHandler).SyncProductsFromSupplier-fm (4 handlers)
[GIN-debug] GET    /api/zjmf/suppliers       --> go-biz-admin/handlers.(*ZJMFHandler).GetSuppliers-fm (4 handlers)
[GIN-debug] GET    /api/zjmf/user/:id        --> go-biz-admin/handlers.(*ZJMFHandler).GetUserDetail-fm (4 handlers)
[GIN-debug] POST   /api/zjmf/server          --> go-biz-admin/handlers.(*ZJMFHandler).CreateServer-fm (4 handlers)
[GIN-debug] POST   /api/zjmf/sync-servers    --> go-biz-admin/handlers.(*ZJMFHandler).SyncServers-fm (4 handlers)
[GIN-debug] POST   /api/zjmf/info            --> go-biz-admin/handlers.(*ZJMFHandler).GetInfo-fm (4 handlers)
[GIN-debug] POST   /api/zjmf/products        --> go-biz-admin/handlers.(*ZJMFHandler).GetProducts-fm (4 handlers)
[GIN-debug] GET    /api/tasks                --> go-biz-admin/handlers.(*SystemHandler).GetTasks-fm (5 handlers)
[GIN-debug] GET    /api/tasks/:id            --> go-biz-admin/handlers.(*SystemHandler).GetTask-fm (5 handlers)
[GIN-debug] POST   /api/tasks                --> go-biz-admin/handlers.(*SystemHandler).CreateTask-fm (5 handlers)
[GIN-debug] PUT    /api/tasks/:id            --> go-biz-admin/handlers.(*SystemHandler).UpdateTask-fm (5 handlers)
[GIN-debug] DELETE /api/tasks/:id            --> go-biz-admin/handlers.(*SystemHandler).DeleteTask-fm (5 handlers)
[GIN-debug] POST   /api/tasks/:id/run        --> go-biz-admin/handlers.(*SystemHandler).RunTask-fm (5 handlers)
[GIN-debug] GET    /api/orders/products      --> go-biz-admin/handlers.(*OrderHandler).GetProductOrders-fm (5 handlers)
[GIN-debug] GET    /api/orders/products/:id  --> go-biz-admin/handlers.(*OrderHandler).GetProductOrder-fm (5 handlers)
[GIN-debug] POST   /api/orders/products      --> go-biz-admin/handlers.(*OrderHandler).CreateProductOrder-fm (5 handlers)
[GIN-debug] PUT    /api/orders/products/:id  --> go-biz-admin/handlers.(*OrderHandler).UpdateProductOrder-fm (5 handlers)
[GIN-debug] GET    /api/orders/renewals      --> go-biz-admin/handlers.(*OrderHandler).GetRenewalOrders-fm (5 handlers)
[GIN-debug] GET    /api/orders/renewals/:id  --> go-biz-admin/handlers.(*OrderHandler).GetRenewalOrder-fm (5 handlers)
[GIN-debug] POST   /api/orders/renewals      --> go-biz-admin/handlers.(*OrderHandler).CreateRenewalOrder-fm (5 handlers)
[GIN-debug] PUT    /api/orders/renewals/:id  --> go-biz-admin/handlers.(*OrderHandler).UpdateRenewalOrder-fm (5 handlers)
[GIN-debug] GET    /api/finance/transactions --> go-biz-admin/handlers.(*FinanceHandler).GetTransactions-fm (5 handlers)
[GIN-debug] GET    /api/finance/transactions/:id --> go-biz-admin/handlers.(*FinanceHandler).GetTransaction-fm (5 handlers)
[GIN-debug] GET    /api/finance/bills        --> go-biz-admin/handlers.(*FinanceHandler).GetBills-fm (5 handlers)
[GIN-debug] GET    /api/finance/bills/:id    --> go-biz-admin/handlers.(*FinanceHandler).GetBill-fm (5 handlers)
[GIN-debug] PUT    /api/finance/bills/:id/pay --> go-biz-admin/handlers.(*FinanceHandler).PayBill-fm (5 handlers)
[GIN-debug] POST   /api/finance/bills        --> go-biz-admin/handlers.(*FinanceHandler).CreateBill-fm (5 handlers)
[GIN-debug] PUT    /api/finance/bills/:id    --> go-biz-admin/handlers.(*FinanceHandler).UpdateBill-fm (5 handlers)
[GIN-debug] GET    /api/tickets              --> go-biz-admin/handlers.(*TicketHandler).GetTickets-fm (5 handlers)
[GIN-debug] GET    /api/tickets/:id          --> go-biz-admin/handlers.(*TicketHandler).GetTicket-fm (5 handlers)
[GIN-debug] POST   /api/tickets              --> go-biz-admin/handlers.(*TicketHandler).CreateTicket-fm (5 handlers)
[GIN-debug] PUT    /api/tickets/:id          --> go-biz-admin/handlers.(*TicketHandler).UpdateTicket-fm (5 handlers)
[GIN-debug] GET    /api/tickets/stats        --> go-biz-admin/handlers.(*TicketHandler).GetTicketStats-fm (5 handlers)
[GIN-debug] GET    /api/system/settings      --> go-biz-admin/handlers.(*SystemHandler).GetSystemSettings-fm (5 handlers)
[GIN-debug] PUT    /api/system/settings      --> go-biz-admin/handlers.(*SystemHandler).UpdateSystemSettings-fm (5 handlers)
[GIN-debug] GET    /api/products             --> go-biz-admin/handlers.(*SystemHandler).GetProducts-fm (5 handlers)
[GIN-debug] GET    /api/products/:id         --> go-biz-admin/handlers.(*SystemHandler).GetProduct-fm (5 handlers)
[GIN-debug] POST   /api/products             --> go-biz-admin/handlers.(*SystemHandler).CreateProduct-fm (5 handlers)
[GIN-debug] PUT    /api/products/:id         --> go-biz-admin/handlers.(*SystemHandler).UpdateProduct-fm (5 handlers)
[GIN-debug] DELETE /api/products/:id         --> go-biz-admin/handlers.(*SystemHandler).DeleteProduct-fm (5 handlers)
[GIN-debug] GET    /admin/v1/supplier/:id    --> go-biz-admin/handlers.(*SystemHandler).AdminGetSupplierDetail-fm (6 handlers)
[GIN-debug] GET    /admin/v1/upstream/host   --> go-biz-admin/handlers.(*UpstreamProductHandler).GetProductList-fm (6 handlers)
[GIN-debug] GET    /admin/v1/upstream/host/:id --> go-biz-admin/handlers.(*UpstreamProductHandler).GetProductByID-fm (6 handlers)
[GIN-debug] POST   /admin/v1/upstream/host   --> go-biz-admin/handlers.(*UpstreamProductHandler).CreateProduct-fm (6 handlers)
[GIN-debug] PUT    /admin/v1/upstream/host/:id --> go-biz-admin/handlers.(*UpstreamProductHandler).UpdateProduct-fm (6 handlers)
[GIN-debug] DELETE /admin/v1/upstream/host/:id --> go-biz-admin/handlers.(*UpstreamProductHandler).DeleteProduct-fm (6 handlers)
[GIN-debug] GET    /admin/v1/upstream/host/status-options --> go-biz-admin/handlers.(*UpstreamProductHandler).GetStatusOptions-fm (6 handlers)
[GIN-debug] GET    /admin/v1/upstream/host/billing-cycle-options --> go-biz-admin/handlers.(*UpstreamProductHandler).GetBillingCycleOptions-fm (6 handlers)
[GIN-debug] [WARNING] You trusted all proxies, this is NOT safe. We recommend you to set a value.
Please check https://pkg.go.dev/github.com/gin-gonic/gin#readme-don-t-trust-all-proxies for details.
[GIN-debug] Listening and serving HTTP on :8081
[GIN-debug] [ERROR] listen tcp :8081: bind: Only one usage of each socket address (protocol/network address/port) is normally permitted.
[GIN-debug] [WARNING] Running in "debug" mode. Switch to "release" mode in production.
 - using env:	export GIN_MODE=release
 - using code:	gin.SetMode(gin.ReleaseMode)

[GIN-debug] POST   /api/auth/login           --> go-biz-admin/handlers.(*UserHandler).Login-fm (4 handlers)
[GIN-debug] POST   /api/auth/register        --> go-biz-admin/handlers.(*UserHandler).Register-fm (4 handlers)
[GIN-debug] GET    /api/users                --> go-biz-admin/handlers.(*UserHandler).GetUsers-fm (4 handlers)
[GIN-debug] POST   /api/users                --> go-biz-admin/handlers.(*UserHandler).Register-fm (4 handlers)
[GIN-debug] POST   /api/users/admin          --> go-biz-admin/handlers.(*UserHandler).CreateAdminAccount-fm (4 handlers)
[GIN-debug] GET    /api/user                 --> go-biz-admin/handlers.(*UserHandler).GetCurrentUser-fm (5 handlers)
[GIN-debug] GET    /api/suppliers            --> go-biz-admin/handlers.(*SystemHandler).GetSuppliers-fm (4 handlers)
[GIN-debug] GET    /api/suppliers/:id        --> go-biz-admin/handlers.(*SystemHandler).GetSupplier-fm (4 handlers)
[GIN-debug] POST   /api/suppliers            --> go-biz-admin/handlers.(*SystemHandler).CreateSupplier-fm (4 handlers)
[GIN-debug] DELETE /api/suppliers/:id        --> go-biz-admin/handlers.(*SystemHandler).DeleteSupplier-fm (4 handlers)
[GIN-debug] POST   /api/suppliers/:id/sync   --> go-biz-admin/handlers.(*SystemHandler).SyncSupplierInfo-fm (4 handlers)
[GIN-debug] POST   /api/suppliers/:id/sync-products --> go-biz-admin/handlers.(*SystemHandler).SyncProductsFromSupplier-fm (4 handlers)
[GIN-debug] GET    /api/zjmf/suppliers       --> go-biz-admin/handlers.(*ZJMFHandler).GetSuppliers-fm (4 handlers)
[GIN-debug] GET    /api/zjmf/user/:id        --> go-biz-admin/handlers.(*ZJMFHandler).GetUserDetail-fm (4 handlers)
[GIN-debug] POST   /api/zjmf/server          --> go-biz-admin/handlers.(*ZJMFHandler).CreateServer-fm (4 handlers)
[GIN-debug] POST   /api/zjmf/sync-servers    --> go-biz-admin/handlers.(*ZJMFHandler).SyncServers-fm (4 handlers)
[GIN-debug] POST   /api/zjmf/info            --> go-biz-admin/handlers.(*ZJMFHandler).GetInfo-fm (4 handlers)
[GIN-debug] POST   /api/zjmf/products        --> go-biz-admin/handlers.(*ZJMFHandler).GetProducts-fm (4 handlers)
[GIN-debug] GET    /api/tasks                --> go-biz-admin/handlers.(*SystemHandler).GetTasks-fm (5 handlers)
[GIN-debug] GET    /api/tasks/:id            --> go-biz-admin/handlers.(*SystemHandler).GetTask-fm (5 handlers)
[GIN-debug] POST   /api/tasks                --> go-biz-admin/handlers.(*SystemHandler).CreateTask-fm (5 handlers)
[GIN-debug] PUT    /api/tasks/:id            --> go-biz-admin/handlers.(*SystemHandler).UpdateTask-fm (5 handlers)
[GIN-debug] DELETE /api/tasks/:id            --> go-biz-admin/handlers.(*SystemHandler).DeleteTask-fm (5 handlers)
[GIN-debug] POST   /api/tasks/:id/run        --> go-biz-admin/handlers.(*SystemHandler).RunTask-fm (5 handlers)
[GIN-debug] GET    /api/orders/products      --> go-biz-admin/handlers.(*OrderHandler).GetProductOrders-fm (5 handlers)
[GIN-debug] GET    /api/orders/products/:id  --> go-biz-admin/handlers.(*OrderHandler).GetProductOrder-fm (5 handlers)
[GIN-debug] POST   /api/orders/products      --> go-biz-admin/handlers.(*OrderHandler).CreateProductOrder-fm (5 handlers)
[GIN-debug] PUT    /api/orders/products/:id  --> go-biz-admin/handlers.(*OrderHandler).UpdateProductOrder-fm (5 handlers)
[GIN-debug] GET    /api/orders/renewals      --> go-biz-admin/handlers.(*OrderHandler).GetRenewalOrders-fm (5 handlers)
[GIN-debug] GET    /api/orders/renewals/:id  --> go-biz-admin/handlers.(*OrderHandler).GetRenewalOrder-fm (5 handlers)
[GIN-debug] POST   /api/orders/renewals      --> go-biz-admin/handlers.(*OrderHandler).CreateRenewalOrder-fm (5 handlers)
[GIN-debug] PUT    /api/orders/renewals/:id  --> go-biz-admin/handlers.(*OrderHandler).UpdateRenewalOrder-fm (5 handlers)
[GIN-debug] GET    /api/finance/transactions --> go-biz-admin/handlers.(*FinanceHandler).GetTransactions-fm (5 handlers)
[GIN-debug] GET    /api/finance/transactions/:id --> go-biz-admin/handlers.(*FinanceHandler).GetTransaction-fm (5 handlers)
[GIN-debug] GET    /api/finance/bills        --> go-biz-admin/handlers.(*FinanceHandler).GetBills-fm (5 handlers)
[GIN-debug] GET    /api/finance/bills/:id    --> go-biz-admin/handlers.(*FinanceHandler).GetBill-fm (5 handlers)
[GIN-debug] PUT    /api/finance/bills/:id/pay --> go-biz-admin/handlers.(*FinanceHandler).PayBill-fm (5 handlers)
[GIN-debug] POST   /api/finance/bills        --> go-biz-admin/handlers.(*FinanceHandler).CreateBill-fm (5 handlers)
[GIN-debug] PUT    /api/finance/bills/:id    --> go-biz-admin/handlers.(*FinanceHandler).UpdateBill-fm (5 handlers)
[GIN-debug] GET    /api/tickets              --> go-biz-admin/handlers.(*TicketHandler).GetTickets-fm (5 handlers)
[GIN-debug] GET    /api/tickets/:id          --> go-biz-admin/handlers.(*TicketHandler).GetTicket-fm (5 handlers)
[GIN-debug] POST   /api/tickets              --> go-biz-admin/handlers.(*TicketHandler).CreateTicket-fm (5 handlers)
[GIN-debug] PUT    /api/tickets/:id          --> go-biz-admin/handlers.(*TicketHandler).UpdateTicket-fm (5 handlers)
[GIN-debug] GET    /api/tickets/stats        --> go-biz-admin/handlers.(*TicketHandler).GetTicketStats-fm (5 handlers)
[GIN-debug] GET    /api/system/settings      --> go-biz-admin/handlers.(*SystemHandler).GetSystemSettings-fm (5 handlers)
[GIN-debug] PUT    /api/system/settings      --> go-biz-admin/handlers.(*SystemHandler).UpdateSystemSettings-fm (5 handlers)
[GIN-debug] GET    /api/products             --> go-biz-admin/handlers.(*SystemHandler).GetProducts-fm (5 handlers)
[GIN-debug] GET    /api/products/:id         --> go-biz-admin/handlers.(*SystemHandler).GetProduct-fm (5 handlers)
[GIN-debug] POST   /api/products             --> go-biz-admin/handlers.(*SystemHandler).CreateProduct-fm (5 handlers)
[GIN-debug] PUT    /api/products/:id         --> go-biz-admin/handlers.(*SystemHandler).UpdateProduct-fm (5 handlers)
[GIN-debug] DELETE /api/products/:id         --> go-biz-admin/handlers.(*SystemHandler).DeleteProduct-fm (5 handlers)
[GIN-debug] GET    /admin/v1/supplier/:id    --> go-biz-admin/handlers.(*SystemHandler).AdminGetSupplierDetail-fm (6 handlers)
[GIN-debug] GET    /admin/v1/upstream/host   --> go-biz-admin/handlers.(*UpstreamProductHandler).GetProductList-fm (6 handlers)
[GIN-debug] GET    /admin/v1/upstream/host/:id --> go-biz-admin/handlers.(*UpstreamProductHandler).GetProductByID-fm (6 handlers)
[GIN-debug] POST   /admin/v1/upstream/host   --> go-biz-admin/handlers.(*UpstreamProductHandler).CreateProduct-fm (6 handlers)
[GIN-debug] PUT    /admin/v1/upstream/host/:id --> go-biz-admin/handlers.(*UpstreamProductHandler).UpdateProduct-fm (6 handlers)
[GIN-debug] DELETE /admin/v1/upstream/host/:id --> go-biz-admin/handlers.(*UpstreamProductHandler).DeleteProduct-fm (6 handlers)
[GIN-debug] GET    /admin/v1/upstream/host/status-options --> go-biz-admin/handlers.(*UpstreamProductHandler).GetStatusOptions-fm (6 handlers)
[GIN-debug] GET    /admin/v1/upstream/host/billing-cycle-options --> go-biz-admin/handlers.(*UpstreamProductHandler).GetBillingCycleOptions-fm (6 handlers)
[GIN-debug] [WARNING] You trusted all proxies, this is NOT safe. We recommend you to set a value.
Please check https://pkg.go.dev/github.com/gin-gonic/gin#readme-don-t-trust-all-proxies for details.
[GIN-debug] Listening and serving HTTP on :8081
[GIN-debug] [WARNING] Running in "debug" mode. Switch to "release" mode in production.
 - using env:	export GIN_MODE=release
 - using code:	gin.SetMode(gin.ReleaseMode)

[GIN-debug] POST   /api/auth/login           --> go-biz-admin/handlers.(*UserHandler).Login-fm (4 handlers)
[GIN-debug] POST   /api/auth/register        --> go-biz-admin/handlers.(*UserHandler).Register-fm (4 handlers)
[GIN-debug] GET    /api/users                --> go-biz-admin/handlers.(*UserHandler).GetUsers-fm (4 handlers)
[GIN-debug] POST   /api/users                --> go-biz-admin/handlers.(*UserHandler).Register-fm (4 handlers)
[GIN-debug] POST   /api/users/admin          --> go-biz-admin/handlers.(*UserHandler).CreateAdminAccount-fm (4 handlers)
[GIN-debug] GET    /api/user                 --> go-biz-admin/handlers.(*UserHandler).GetCurrentUser-fm (5 handlers)
[GIN-debug] GET    /api/suppliers            --> go-biz-admin/handlers.(*SystemHandler).GetSuppliers-fm (4 handlers)
[GIN-debug] GET    /api/suppliers/:id        --> go-biz-admin/handlers.(*SystemHandler).GetSupplier-fm (4 handlers)
[GIN-debug] POST   /api/suppliers            --> go-biz-admin/handlers.(*SystemHandler).CreateSupplier-fm (4 handlers)
[GIN-debug] DELETE /api/suppliers/:id        --> go-biz-admin/handlers.(*SystemHandler).DeleteSupplier-fm (4 handlers)
[GIN-debug] POST   /api/suppliers/:id/sync   --> go-biz-admin/handlers.(*SystemHandler).SyncSupplierInfo-fm (4 handlers)
[GIN-debug] POST   /api/suppliers/:id/sync-products --> go-biz-admin/handlers.(*SystemHandler).SyncProductsFromSupplier-fm (4 handlers)
[GIN-debug] GET    /api/zjmf/suppliers       --> go-biz-admin/handlers.(*ZJMFHandler).GetSuppliers-fm (4 handlers)
[GIN-debug] GET    /api/zjmf/user/:id        --> go-biz-admin/handlers.(*ZJMFHandler).GetUserDetail-fm (4 handlers)
[GIN-debug] POST   /api/zjmf/server          --> go-biz-admin/handlers.(*ZJMFHandler).CreateServer-fm (4 handlers)
[GIN-debug] POST   /api/zjmf/sync-servers    --> go-biz-admin/handlers.(*ZJMFHandler).SyncServers-fm (4 handlers)
[GIN-debug] POST   /api/zjmf/info            --> go-biz-admin/handlers.(*ZJMFHandler).GetInfo-fm (4 handlers)
[GIN-debug] POST   /api/zjmf/products        --> go-biz-admin/handlers.(*ZJMFHandler).GetProducts-fm (4 handlers)
[GIN-debug] GET    /api/tasks                --> go-biz-admin/handlers.(*SystemHandler).GetTasks-fm (5 handlers)
[GIN-debug] GET    /api/tasks/:id            --> go-biz-admin/handlers.(*SystemHandler).GetTask-fm (5 handlers)
[GIN-debug] POST   /api/tasks                --> go-biz-admin/handlers.(*SystemHandler).CreateTask-fm (5 handlers)
[GIN-debug] PUT    /api/tasks/:id            --> go-biz-admin/handlers.(*SystemHandler).UpdateTask-fm (5 handlers)
[GIN-debug] DELETE /api/tasks/:id            --> go-biz-admin/handlers.(*SystemHandler).DeleteTask-fm (5 handlers)
[GIN-debug] POST   /api/tasks/:id/run        --> go-biz-admin/handlers.(*SystemHandler).RunTask-fm (5 handlers)
[GIN-debug] GET    /api/orders/products      --> go-biz-admin/handlers.(*OrderHandler).GetProductOrders-fm (5 handlers)
[GIN-debug] GET    /api/orders/products/:id  --> go-biz-admin/handlers.(*OrderHandler).GetProductOrder-fm (5 handlers)
[GIN-debug] POST   /api/orders/products      --> go-biz-admin/handlers.(*OrderHandler).CreateProductOrder-fm (5 handlers)
[GIN-debug] PUT    /api/orders/products/:id  --> go-biz-admin/handlers.(*OrderHandler).UpdateProductOrder-fm (5 handlers)
[GIN-debug] GET    /api/orders/renewals      --> go-biz-admin/handlers.(*OrderHandler).GetRenewalOrders-fm (5 handlers)
[GIN-debug] GET    /api/orders/renewals/:id  --> go-biz-admin/handlers.(*OrderHandler).GetRenewalOrder-fm (5 handlers)
[GIN-debug] POST   /api/orders/renewals      --> go-biz-admin/handlers.(*OrderHandler).CreateRenewalOrder-fm (5 handlers)
[GIN-debug] PUT    /api/orders/renewals/:id  --> go-biz-admin/handlers.(*OrderHandler).UpdateRenewalOrder-fm (5 handlers)
[GIN-debug] GET    /api/finance/transactions --> go-biz-admin/handlers.(*FinanceHandler).GetTransactions-fm (5 handlers)
[GIN-debug] GET    /api/finance/transactions/:id --> go-biz-admin/handlers.(*FinanceHandler).GetTransaction-fm (5 handlers)
[GIN-debug] GET    /api/finance/bills        --> go-biz-admin/handlers.(*FinanceHandler).GetBills-fm (5 handlers)
[GIN-debug] GET    /api/finance/bills/:id    --> go-biz-admin/handlers.(*FinanceHandler).GetBill-fm (5 handlers)
[GIN-debug] PUT    /api/finance/bills/:id/pay --> go-biz-admin/handlers.(*FinanceHandler).PayBill-fm (5 handlers)
[GIN-debug] POST   /api/finance/bills        --> go-biz-admin/handlers.(*FinanceHandler).CreateBill-fm (5 handlers)
[GIN-debug] PUT    /api/finance/bills/:id    --> go-biz-admin/handlers.(*FinanceHandler).UpdateBill-fm (5 handlers)
[GIN-debug] GET    /api/tickets              --> go-biz-admin/handlers.(*TicketHandler).GetTickets-fm (5 handlers)
[GIN-debug] GET    /api/tickets/:id          --> go-biz-admin/handlers.(*TicketHandler).GetTicket-fm (5 handlers)
[GIN-debug] POST   /api/tickets              --> go-biz-admin/handlers.(*TicketHandler).CreateTicket-fm (5 handlers)
[GIN-debug] PUT    /api/tickets/:id          --> go-biz-admin/handlers.(*TicketHandler).UpdateTicket-fm (5 handlers)
[GIN-debug] GET    /api/tickets/stats        --> go-biz-admin/handlers.(*TicketHandler).GetTicketStats-fm (5 handlers)
[GIN-debug] GET    /api/system/settings      --> go-biz-admin/handlers.(*SystemHandler).GetSystemSettings-fm (5 handlers)
[GIN-debug] PUT    /api/system/settings      --> go-biz-admin/handlers.(*SystemHandler).UpdateSystemSettings-fm (5 handlers)
[GIN-debug] GET    /api/products             --> go-biz-admin/handlers.(*SystemHandler).GetProducts-fm (5 handlers)
[GIN-debug] GET    /api/products/:id         --> go-biz-admin/handlers.(*SystemHandler).GetProduct-fm (5 handlers)
[GIN-debug] POST   /api/products             --> go-biz-admin/handlers.(*SystemHandler).CreateProduct-fm (5 handlers)
[GIN-debug] PUT    /api/products/:id         --> go-biz-admin/handlers.(*SystemHandler).UpdateProduct-fm (5 handlers)
[GIN-debug] DELETE /api/products/:id         --> go-biz-admin/handlers.(*SystemHandler).DeleteProduct-fm (5 handlers)
[GIN-debug] GET    /admin/v1/supplier/:id    --> go-biz-admin/handlers.(*SystemHandler).AdminGetSupplierDetail-fm (6 handlers)
[GIN-debug] GET    /admin/v1/upstream/host   --> go-biz-admin/handlers.(*UpstreamProductHandler).GetProductList-fm (6 handlers)
[GIN-debug] GET    /admin/v1/upstream/host/:id --> go-biz-admin/handlers.(*UpstreamProductHandler).GetProductByID-fm (6 handlers)
[GIN-debug] POST   /admin/v1/upstream/host   --> go-biz-admin/handlers.(*UpstreamProductHandler).CreateProduct-fm (6 handlers)
[GIN-debug] PUT    /admin/v1/upstream/host/:id --> go-biz-admin/handlers.(*UpstreamProductHandler).UpdateProduct-fm (6 handlers)
[GIN-debug] DELETE /admin/v1/upstream/host/:id --> go-biz-admin/handlers.(*UpstreamProductHandler).DeleteProduct-fm (6 handlers)
[GIN-debug] GET    /admin/v1/upstream/host/status-options --> go-biz-admin/handlers.(*UpstreamProductHandler).GetStatusOptions-fm (6 handlers)
[GIN-debug] GET    /admin/v1/upstream/host/billing-cycle-options --> go-biz-admin/handlers.(*UpstreamProductHandler).GetBillingCycleOptions-fm (6 handlers)
[GIN-debug] [WARNING] You trusted all proxies, this is NOT safe. We recommend you to set a value.
Please check https://pkg.go.dev/github.com/gin-gonic/gin#readme-don-t-trust-all-proxies for details.
[GIN-debug] Listening and serving HTTP on :8081
[GIN] 2026/02/12 - 17:50:35 | 204 |            0s |             ::1 | OPTIONS  "/api/suppliers"
[GIN] 2026/02/12 - 17:50:35 | 201 |     98.0045ms |             ::1 | POST     "/api/suppliers"
[GIN] 2026/02/12 - 17:50:35 | 204 |            0s |             ::1 | OPTIONS  "/api/suppliers?page=1&limit=10&status=&interface_type="
[GIN] 2026/02/12 - 17:50:35 | 200 |      3.3371ms |             ::1 | GET      "/api/suppliers?page=1&limit=10&status=&interface_type="
[GIN] 2026/02/12 - 17:50:49 | 204 |            0s |             ::1 | OPTIONS  "/api/products?page=1&limit=10"
[GIN] 2026/02/12 - 17:50:49 | 204 |            0s |             ::1 | OPTIONS  "/api/suppliers?page=1&limit=1000&status=active"
[GIN] 2026/02/12 - 17:50:49 | 200 |      2.9291ms |             ::1 | GET      "/api/products?page=1&limit=10"
[GIN] 2026/02/12 - 17:50:49 | 200 |      12.056ms |             ::1 | GET      "/api/suppliers?page=1&limit=1000&status=active"
[GIN] 2026/02/12 - 17:50:51 | 204 |            0s |             ::1 | OPTIONS  "/api/products?page=1&limit=10"
[GIN] 2026/02/12 - 17:50:51 | 200 |       3.022ms |             ::1 | GET      "/api/products?page=1&limit=10"
[GIN] 2026/02/12 - 17:50:55 | 204 |            0s |             ::1 | OPTIONS  "/api/suppliers/1/sync-products"
[GIN] 2026/02/12 - 17:50:55 | 500 |    109.8203ms |             ::1 | POST     "/api/suppliers/1/sync-products"
[GIN-debug] [WARNING] Running in "debug" mode. Switch to "release" mode in production.
 - using env:	export GIN_MODE=release
 - using code:	gin.SetMode(gin.ReleaseMode)

[GIN-debug] POST   /api/auth/login           --> go-biz-admin/handlers.(*UserHandler).Login-fm (4 handlers)
[GIN-debug] POST   /api/auth/register        --> go-biz-admin/handlers.(*UserHandler).Register-fm (4 handlers)
[GIN-debug] GET    /api/users                --> go-biz-admin/handlers.(*UserHandler).GetUsers-fm (4 handlers)
[GIN-debug] POST   /api/users                --> go-biz-admin/handlers.(*UserHandler).Register-fm (4 handlers)
[GIN-debug] POST   /api/users/admin          --> go-biz-admin/handlers.(*UserHandler).CreateAdminAccount-fm (4 handlers)
[GIN-debug] GET    /api/user                 --> go-biz-admin/handlers.(*UserHandler).GetCurrentUser-fm (5 handlers)
[GIN-debug] GET    /api/suppliers            --> go-biz-admin/handlers.(*SystemHandler).GetSuppliers-fm (4 handlers)
[GIN-debug] GET    /api/suppliers/:id        --> go-biz-admin/handlers.(*SystemHandler).GetSupplier-fm (4 handlers)
[GIN-debug] POST   /api/suppliers            --> go-biz-admin/handlers.(*SystemHandler).CreateSupplier-fm (4 handlers)
[GIN-debug] DELETE /api/suppliers/:id        --> go-biz-admin/handlers.(*SystemHandler).DeleteSupplier-fm (4 handlers)
[GIN-debug] POST   /api/suppliers/:id/sync   --> go-biz-admin/handlers.(*SystemHandler).SyncSupplierInfo-fm (4 handlers)
[GIN-debug] POST   /api/suppliers/:id/sync-products --> go-biz-admin/handlers.(*SystemHandler).SyncProductsFromSupplier-fm (4 handlers)
[GIN-debug] GET    /api/zjmf/suppliers       --> go-biz-admin/handlers.(*ZJMFHandler).GetSuppliers-fm (4 handlers)
[GIN-debug] GET    /api/zjmf/user/:id        --> go-biz-admin/handlers.(*ZJMFHandler).GetUserDetail-fm (4 handlers)
[GIN-debug] POST   /api/zjmf/server          --> go-biz-admin/handlers.(*ZJMFHandler).CreateServer-fm (4 handlers)
[GIN-debug] POST   /api/zjmf/sync-servers    --> go-biz-admin/handlers.(*ZJMFHandler).SyncServers-fm (4 handlers)
[GIN-debug] POST   /api/zjmf/info            --> go-biz-admin/handlers.(*ZJMFHandler).GetInfo-fm (4 handlers)
[GIN-debug] POST   /api/zjmf/products        --> go-biz-admin/handlers.(*ZJMFHandler).GetProducts-fm (4 handlers)
[GIN-debug] GET    /api/tasks                --> go-biz-admin/handlers.(*SystemHandler).GetTasks-fm (5 handlers)
[GIN-debug] GET    /api/tasks/:id            --> go-biz-admin/handlers.(*SystemHandler).GetTask-fm (5 handlers)
[GIN-debug] POST   /api/tasks                --> go-biz-admin/handlers.(*SystemHandler).CreateTask-fm (5 handlers)
[GIN-debug] PUT    /api/tasks/:id            --> go-biz-admin/handlers.(*SystemHandler).UpdateTask-fm (5 handlers)
[GIN-debug] DELETE /api/tasks/:id            --> go-biz-admin/handlers.(*SystemHandler).DeleteTask-fm (5 handlers)
[GIN-debug] POST   /api/tasks/:id/run        --> go-biz-admin/handlers.(*SystemHandler).RunTask-fm (5 handlers)
[GIN-debug] GET    /api/orders/products      --> go-biz-admin/handlers.(*OrderHandler).GetProductOrders-fm (5 handlers)
[GIN-debug] GET    /api/orders/products/:id  --> go-biz-admin/handlers.(*OrderHandler).GetProductOrder-fm (5 handlers)
[GIN-debug] POST   /api/orders/products      --> go-biz-admin/handlers.(*OrderHandler).CreateProductOrder-fm (5 handlers)
[GIN-debug] PUT    /api/orders/products/:id  --> go-biz-admin/handlers.(*OrderHandler).UpdateProductOrder-fm (5 handlers)
[GIN-debug] GET    /api/orders/renewals      --> go-biz-admin/handlers.(*OrderHandler).GetRenewalOrders-fm (5 handlers)
[GIN-debug] GET    /api/orders/renewals/:id  --> go-biz-admin/handlers.(*OrderHandler).GetRenewalOrder-fm (5 handlers)
[GIN-debug] POST   /api/orders/renewals      --> go-biz-admin/handlers.(*OrderHandler).CreateRenewalOrder-fm (5 handlers)
[GIN-debug] PUT    /api/orders/renewals/:id  --> go-biz-admin/handlers.(*OrderHandler).UpdateRenewalOrder-fm (5 handlers)
[GIN-debug] GET    /api/finance/transactions --> go-biz-admin/handlers.(*FinanceHandler).GetTransactions-fm (5 handlers)
[GIN-debug] GET    /api/finance/transactions/:id --> go-biz-admin/handlers.(*FinanceHandler).GetTransaction-fm (5 handlers)
[GIN-debug] GET    /api/finance/bills        --> go-biz-admin/handlers.(*FinanceHandler).GetBills-fm (5 handlers)
[GIN-debug] GET    /api/finance/bills/:id    --> go-biz-admin/handlers.(*FinanceHandler).GetBill-fm (5 handlers)
[GIN-debug] PUT    /api/finance/bills/:id/pay --> go-biz-admin/handlers.(*FinanceHandler).PayBill-fm (5 handlers)
[GIN-debug] POST   /api/finance/bills        --> go-biz-admin/handlers.(*FinanceHandler).CreateBill-fm (5 handlers)
[GIN-debug] PUT    /api/finance/bills/:id    --> go-biz-admin/handlers.(*FinanceHandler).UpdateBill-fm (5 handlers)
[GIN-debug] GET    /api/tickets              --> go-biz-admin/handlers.(*TicketHandler).GetTickets-fm (5 handlers)
[GIN-debug] GET    /api/tickets/:id          --> go-biz-admin/handlers.(*TicketHandler).GetTicket-fm (5 handlers)
[GIN-debug] POST   /api/tickets              --> go-biz-admin/handlers.(*TicketHandler).CreateTicket-fm (5 handlers)
[GIN-debug] PUT    /api/tickets/:id          --> go-biz-admin/handlers.(*TicketHandler).UpdateTicket-fm (5 handlers)
[GIN-debug] GET    /api/tickets/stats        --> go-biz-admin/handlers.(*TicketHandler).GetTicketStats-fm (5 handlers)
[GIN-debug] GET    /api/system/settings      --> go-biz-admin/handlers.(*SystemHandler).GetSystemSettings-fm (5 handlers)
[GIN-debug] PUT    /api/system/settings      --> go-biz-admin/handlers.(*SystemHandler).UpdateSystemSettings-fm (5 handlers)
[GIN-debug] GET    /api/products             --> go-biz-admin/handlers.(*SystemHandler).GetProducts-fm (5 handlers)
[GIN-debug] GET    /api/products/:id         --> go-biz-admin/handlers.(*SystemHandler).GetProduct-fm (5 handlers)
[GIN-debug] POST   /api/products             --> go-biz-admin/handlers.(*SystemHandler).CreateProduct-fm (5 handlers)
[GIN-debug] PUT    /api/products/:id         --> go-biz-admin/handlers.(*SystemHandler).UpdateProduct-fm (5 handlers)
[GIN-debug] DELETE /api/products/:id         --> go-biz-admin/handlers.(*SystemHandler).DeleteProduct-fm (5 handlers)
[GIN-debug] GET    /admin/v1/supplier/:id    --> go-biz-admin/handlers.(*SystemHandler).AdminGetSupplierDetail-fm (6 handlers)
[GIN-debug] GET    /admin/v1/upstream/host   --> go-biz-admin/handlers.(*UpstreamProductHandler).GetProductList-fm (6 handlers)
[GIN-debug] GET    /admin/v1/upstream/host/:id --> go-biz-admin/handlers.(*UpstreamProductHandler).GetProductByID-fm (6 handlers)
[GIN-debug] POST   /admin/v1/upstream/host   --> go-biz-admin/handlers.(*UpstreamProductHandler).CreateProduct-fm (6 handlers)
[GIN-debug] PUT    /admin/v1/upstream/host/:id --> go-biz-admin/handlers.(*UpstreamProductHandler).UpdateProduct-fm (6 handlers)
[GIN-debug] DELETE /admin/v1/upstream/host/:id --> go-biz-admin/handlers.(*UpstreamProductHandler).DeleteProduct-fm (6 handlers)
[GIN-debug] GET    /admin/v1/upstream/host/status-options --> go-biz-admin/handlers.(*UpstreamProductHandler).GetStatusOptions-fm (6 handlers)
[GIN-debug] GET    /admin/v1/upstream/host/billing-cycle-options --> go-biz-admin/handlers.(*UpstreamProductHandler).GetBillingCycleOptions-fm (6 handlers)
[GIN-debug] [WARNING] You trusted all proxies, this is NOT safe. We recommend you to set a value.
Please check https://pkg.go.dev/github.com/gin-gonic/gin#readme-don-t-trust-all-proxies for details.
[GIN-debug] Listening and serving HTTP on :8081
[GIN] 2026/02/12 - 18:14:31 | 204 |      1.0748ms |             ::1 | OPTIONS  "/api/user"
[GIN] 2026/02/12 - 18:14:31 | 204 |            0s |             ::1 | OPTIONS  "/api/products"
[GIN] 2026/02/12 - 18:14:31 | 200 |      10.229ms |             ::1 | GET      "/api/products"
[GIN] 2026/02/12 - 18:14:31 | 200 |     19.5384ms |             ::1 | GET      "/api/user"
[GIN] 2026/02/12 - 18:14:34 | 204 |            0s |             ::1 | OPTIONS  "/api/user"
[GIN] 2026/02/12 - 18:14:34 | 200 |      6.7057ms |             ::1 | GET      "/api/user"
[GIN] 2026/02/12 - 18:14:34 | 200 |     12.6994ms |             ::1 | GET      "/api/user"
[GIN] 2026/02/12 - 18:14:34 | 200 |      4.7113ms |             ::1 | GET      "/api/user"
[GIN] 2026/02/12 - 18:14:35 | 200 |      4.4807ms |             ::1 | GET      "/api/user"
[GIN] 2026/02/12 - 18:14:35 | 204 |            0s |             ::1 | OPTIONS  "/api/suppliers?page=1&limit=10&status=&interface_type="
[GIN] 2026/02/12 - 18:14:35 | 200 |      2.7409ms |             ::1 | GET      "/api/suppliers?page=1&limit=10&status=&interface_type="
[GIN] 2026/02/12 - 18:14:37 | 204 |            0s |             ::1 | OPTIONS  "/api/products?page=1&limit=10"
[GIN] 2026/02/12 - 18:14:37 | 204 |            0s |             ::1 | OPTIONS  "/api/suppliers?page=1&limit=1000&status=active"
[GIN] 2026/02/12 - 18:14:37 | 200 |      3.2541ms |             ::1 | GET      "/api/products?page=1&limit=10"
[GIN] 2026/02/12 - 18:14:37 | 200 |      5.0373ms |             ::1 | GET      "/api/suppliers?page=1&limit=1000&status=active"
[GIN] 2026/02/12 - 18:14:37 | 204 |      1.3753ms |             ::1 | OPTIONS  "/api/suppliers?page=1&limit=10&status=&interface_type="
[GIN] 2026/02/12 - 18:14:37 | 200 |      3.0873ms |             ::1 | GET      "/api/suppliers?page=1&limit=10&status=&interface_type="
[GIN] 2026/02/12 - 18:14:38 | 204 |            0s |             ::1 | OPTIONS  "/api/products?page=1&limit=10"
[GIN] 2026/02/12 - 18:14:38 | 204 |            0s |             ::1 | OPTIONS  "/api/suppliers?page=1&limit=1000&status=active"
[GIN] 2026/02/12 - 18:14:38 | 200 |      2.7144ms |             ::1 | GET      "/api/products?page=1&limit=10"
[GIN] 2026/02/12 - 18:14:38 | 200 |      4.8864ms |             ::1 | GET      "/api/suppliers?page=1&limit=1000&status=active"
[GIN] 2026/02/12 - 18:14:43 | 204 |            0s |             ::1 | OPTIONS  "/api/suppliers/1/sync-products"
[GIN] 2026/02/12 - 18:14:43 | 500 |    181.2466ms |             ::1 | POST     "/api/suppliers/1/sync-products"
[GIN-debug] [WARNING] Running in "debug" mode. Switch to "release" mode in production.
 - using env:	export GIN_MODE=release
 - using code:	gin.SetMode(gin.ReleaseMode)

[GIN-debug] POST   /api/auth/login           --> go-biz-admin/handlers.(*UserHandler).Login-fm (4 handlers)
[GIN-debug] POST   /api/auth/register        --> go-biz-admin/handlers.(*UserHandler).Register-fm (4 handlers)
[GIN-debug] GET    /api/users                --> go-biz-admin/handlers.(*UserHandler).GetUsers-fm (4 handlers)
[GIN-debug] POST   /api/users                --> go-biz-admin/handlers.(*UserHandler).Register-fm (4 handlers)
[GIN-debug] POST   /api/users/admin          --> go-biz-admin/handlers.(*UserHandler).CreateAdminAccount-fm (4 handlers)
[GIN-debug] GET    /api/user                 --> go-biz-admin/handlers.(*UserHandler).GetCurrentUser-fm (5 handlers)
[GIN-debug] GET    /api/suppliers            --> go-biz-admin/handlers.(*SystemHandler).GetSuppliers-fm (4 handlers)
[GIN-debug] GET    /api/suppliers/:id        --> go-biz-admin/handlers.(*SystemHandler).GetSupplier-fm (4 handlers)
[GIN-debug] POST   /api/suppliers            --> go-biz-admin/handlers.(*SystemHandler).CreateSupplier-fm (4 handlers)
[GIN-debug] DELETE /api/suppliers/:id        --> go-biz-admin/handlers.(*SystemHandler).DeleteSupplier-fm (4 handlers)
[GIN-debug] POST   /api/suppliers/:id/sync   --> go-biz-admin/handlers.(*SystemHandler).SyncSupplierInfo-fm (4 handlers)
[GIN-debug] POST   /api/suppliers/:id/sync-products --> go-biz-admin/handlers.(*SystemHandler).SyncProductsFromSupplier-fm (4 handlers)
[GIN-debug] GET    /api/zjmf/suppliers       --> go-biz-admin/handlers.(*ZJMFHandler).GetSuppliers-fm (4 handlers)
[GIN-debug] GET    /api/zjmf/user/:id        --> go-biz-admin/handlers.(*ZJMFHandler).GetUserDetail-fm (4 handlers)
[GIN-debug] POST   /api/zjmf/server          --> go-biz-admin/handlers.(*ZJMFHandler).CreateServer-fm (4 handlers)
[GIN-debug] POST   /api/zjmf/sync-servers    --> go-biz-admin/handlers.(*ZJMFHandler).SyncServers-fm (4 handlers)
[GIN-debug] POST   /api/zjmf/info            --> go-biz-admin/handlers.(*ZJMFHandler).GetInfo-fm (4 handlers)
[GIN-debug] POST   /api/zjmf/products        --> go-biz-admin/handlers.(*ZJMFHandler).GetProducts-fm (4 handlers)
[GIN-debug] GET    /api/tasks                --> go-biz-admin/handlers.(*SystemHandler).GetTasks-fm (5 handlers)
[GIN-debug] GET    /api/tasks/:id            --> go-biz-admin/handlers.(*SystemHandler).GetTask-fm (5 handlers)
[GIN-debug] POST   /api/tasks                --> go-biz-admin/handlers.(*SystemHandler).CreateTask-fm (5 handlers)
[GIN-debug] PUT    /api/tasks/:id            --> go-biz-admin/handlers.(*SystemHandler).UpdateTask-fm (5 handlers)
[GIN-debug] DELETE /api/tasks/:id            --> go-biz-admin/handlers.(*SystemHandler).DeleteTask-fm (5 handlers)
[GIN-debug] POST   /api/tasks/:id/run        --> go-biz-admin/handlers.(*SystemHandler).RunTask-fm (5 handlers)
[GIN-debug] GET    /api/orders/products      --> go-biz-admin/handlers.(*OrderHandler).GetProductOrders-fm (5 handlers)
[GIN-debug] GET    /api/orders/products/:id  --> go-biz-admin/handlers.(*OrderHandler).GetProductOrder-fm (5 handlers)
[GIN-debug] POST   /api/orders/products      --> go-biz-admin/handlers.(*OrderHandler).CreateProductOrder-fm (5 handlers)
[GIN-debug] PUT    /api/orders/products/:id  --> go-biz-admin/handlers.(*OrderHandler).UpdateProductOrder-fm (5 handlers)
[GIN-debug] GET    /api/orders/renewals      --> go-biz-admin/handlers.(*OrderHandler).GetRenewalOrders-fm (5 handlers)
[GIN-debug] GET    /api/orders/renewals/:id  --> go-biz-admin/handlers.(*OrderHandler).GetRenewalOrder-fm (5 handlers)
[GIN-debug] POST   /api/orders/renewals      --> go-biz-admin/handlers.(*OrderHandler).CreateRenewalOrder-fm (5 handlers)
[GIN-debug] PUT    /api/orders/renewals/:id  --> go-biz-admin/handlers.(*OrderHandler).UpdateRenewalOrder-fm (5 handlers)
[GIN-debug] GET    /api/finance/transactions --> go-biz-admin/handlers.(*FinanceHandler).GetTransactions-fm (5 handlers)
[GIN-debug] GET    /api/finance/transactions/:id --> go-biz-admin/handlers.(*FinanceHandler).GetTransaction-fm (5 handlers)
[GIN-debug] GET    /api/finance/bills        --> go-biz-admin/handlers.(*FinanceHandler).GetBills-fm (5 handlers)
[GIN-debug] GET    /api/finance/bills/:id    --> go-biz-admin/handlers.(*FinanceHandler).GetBill-fm (5 handlers)
[GIN-debug] PUT    /api/finance/bills/:id/pay --> go-biz-admin/handlers.(*FinanceHandler).PayBill-fm (5 handlers)
[GIN-debug] POST   /api/finance/bills        --> go-biz-admin/handlers.(*FinanceHandler).CreateBill-fm (5 handlers)
[GIN-debug] PUT    /api/finance/bills/:id    --> go-biz-admin/handlers.(*FinanceHandler).UpdateBill-fm (5 handlers)
[GIN-debug] GET    /api/tickets              --> go-biz-admin/handlers.(*TicketHandler).GetTickets-fm (5 handlers)
[GIN-debug] GET    /api/tickets/:id          --> go-biz-admin/handlers.(*TicketHandler).GetTicket-fm (5 handlers)
[GIN-debug] POST   /api/tickets              --> go-biz-admin/handlers.(*TicketHandler).CreateTicket-fm (5 handlers)
[GIN-debug] PUT    /api/tickets/:id          --> go-biz-admin/handlers.(*TicketHandler).UpdateTicket-fm (5 handlers)
[GIN-debug] GET    /api/tickets/stats        --> go-biz-admin/handlers.(*TicketHandler).GetTicketStats-fm (5 handlers)
[GIN-debug] GET    /api/system/settings      --> go-biz-admin/handlers.(*SystemHandler).GetSystemSettings-fm (5 handlers)
[GIN-debug] PUT    /api/system/settings      --> go-biz-admin/handlers.(*SystemHandler).UpdateSystemSettings-fm (5 handlers)
[GIN-debug] GET    /api/products             --> go-biz-admin/handlers.(*SystemHandler).GetProducts-fm (5 handlers)
[GIN-debug] GET    /api/products/:id         --> go-biz-admin/handlers.(*SystemHandler).GetProduct-fm (5 handlers)
[GIN-debug] POST   /api/products             --> go-biz-admin/handlers.(*SystemHandler).CreateProduct-fm (5 handlers)
[GIN-debug] PUT    /api/products/:id         --> go-biz-admin/handlers.(*SystemHandler).UpdateProduct-fm (5 handlers)
[GIN-debug] DELETE /api/products/:id         --> go-biz-admin/handlers.(*SystemHandler).DeleteProduct-fm (5 handlers)
[GIN-debug] GET    /admin/v1/supplier/:id    --> go-biz-admin/handlers.(*SystemHandler).AdminGetSupplierDetail-fm (6 handlers)
[GIN-debug] GET    /admin/v1/upstream/host   --> go-biz-admin/handlers.(*UpstreamProductHandler).GetProductList-fm (6 handlers)
[GIN-debug] GET    /admin/v1/upstream/host/:id --> go-biz-admin/handlers.(*UpstreamProductHandler).GetProductByID-fm (6 handlers)
[GIN-debug] POST   /admin/v1/upstream/host   --> go-biz-admin/handlers.(*UpstreamProductHandler).CreateProduct-fm (6 handlers)
[GIN-debug] PUT    /admin/v1/upstream/host/:id --> go-biz-admin/handlers.(*UpstreamProductHandler).UpdateProduct-fm (6 handlers)
[GIN-debug] DELETE /admin/v1/upstream/host/:id --> go-biz-admin/handlers.(*UpstreamProductHandler).DeleteProduct-fm (6 handlers)
[GIN-debug] GET    /admin/v1/upstream/host/status-options --> go-biz-admin/handlers.(*UpstreamProductHandler).GetStatusOptions-fm (6 handlers)
[GIN-debug] GET    /admin/v1/upstream/host/billing-cycle-options --> go-biz-admin/handlers.(*UpstreamProductHandler).GetBillingCycleOptions-fm (6 handlers)
[GIN-debug] [WARNING] You trusted all proxies, this is NOT safe. We recommend you to set a value.
Please check https://pkg.go.dev/github.com/gin-gonic/gin#readme-don-t-trust-all-proxies for details.
[GIN-debug] Listening and serving HTTP on :8081
[GIN-debug] [ERROR] listen tcp :8081: bind: Only one usage of each socket address (protocol/network address/port) is normally permitted.
[GIN-debug] [WARNING] Running in "debug" mode. Switch to "release" mode in production.
 - using env:	export GIN_MODE=release
 - using code:	gin.SetMode(gin.ReleaseMode)

[GIN-debug] POST   /api/auth/login           --> go-biz-admin/handlers.(*UserHandler).Login-fm (4 handlers)
[GIN-debug] POST   /api/auth/register        --> go-biz-admin/handlers.(*UserHandler).Register-fm (4 handlers)
[GIN-debug] GET    /api/users                --> go-biz-admin/handlers.(*UserHandler).GetUsers-fm (4 handlers)
[GIN-debug] POST   /api/users                --> go-biz-admin/handlers.(*UserHandler).Register-fm (4 handlers)
[GIN-debug] POST   /api/users/admin          --> go-biz-admin/handlers.(*UserHandler).CreateAdminAccount-fm (4 handlers)
[GIN-debug] GET    /api/user                 --> go-biz-admin/handlers.(*UserHandler).GetCurrentUser-fm (5 handlers)
[GIN-debug] GET    /api/suppliers            --> go-biz-admin/handlers.(*SystemHandler).GetSuppliers-fm (4 handlers)
[GIN-debug] GET    /api/suppliers/:id        --> go-biz-admin/handlers.(*SystemHandler).GetSupplier-fm (4 handlers)
[GIN-debug] POST   /api/suppliers            --> go-biz-admin/handlers.(*SystemHandler).CreateSupplier-fm (4 handlers)
[GIN-debug] DELETE /api/suppliers/:id        --> go-biz-admin/handlers.(*SystemHandler).DeleteSupplier-fm (4 handlers)
[GIN-debug] POST   /api/suppliers/:id/sync   --> go-biz-admin/handlers.(*SystemHandler).SyncSupplierInfo-fm (4 handlers)
[GIN-debug] POST   /api/suppliers/:id/sync-products --> go-biz-admin/handlers.(*SystemHandler).SyncProductsFromSupplier-fm (4 handlers)
[GIN-debug] GET    /api/zjmf/suppliers       --> go-biz-admin/handlers.(*ZJMFHandler).GetSuppliers-fm (4 handlers)
[GIN-debug] GET    /api/zjmf/user/:id        --> go-biz-admin/handlers.(*ZJMFHandler).GetUserDetail-fm (4 handlers)
[GIN-debug] POST   /api/zjmf/server          --> go-biz-admin/handlers.(*ZJMFHandler).CreateServer-fm (4 handlers)
[GIN-debug] POST   /api/zjmf/sync-servers    --> go-biz-admin/handlers.(*ZJMFHandler).SyncServers-fm (4 handlers)
[GIN-debug] POST   /api/zjmf/info            --> go-biz-admin/handlers.(*ZJMFHandler).GetInfo-fm (4 handlers)
[GIN-debug] POST   /api/zjmf/products        --> go-biz-admin/handlers.(*ZJMFHandler).GetProducts-fm (4 handlers)
[GIN-debug] GET    /api/tasks                --> go-biz-admin/handlers.(*SystemHandler).GetTasks-fm (5 handlers)
[GIN-debug] GET    /api/tasks/:id            --> go-biz-admin/handlers.(*SystemHandler).GetTask-fm (5 handlers)
[GIN-debug] POST   /api/tasks                --> go-biz-admin/handlers.(*SystemHandler).CreateTask-fm (5 handlers)
[GIN-debug] PUT    /api/tasks/:id            --> go-biz-admin/handlers.(*SystemHandler).UpdateTask-fm (5 handlers)
[GIN-debug] DELETE /api/tasks/:id            --> go-biz-admin/handlers.(*SystemHandler).DeleteTask-fm (5 handlers)
[GIN-debug] POST   /api/tasks/:id/run        --> go-biz-admin/handlers.(*SystemHandler).RunTask-fm (5 handlers)
[GIN-debug] GET    /api/orders/products      --> go-biz-admin/handlers.(*OrderHandler).GetProductOrders-fm (5 handlers)
[GIN-debug] GET    /api/orders/products/:id  --> go-biz-admin/handlers.(*OrderHandler).GetProductOrder-fm (5 handlers)
[GIN-debug] POST   /api/orders/products      --> go-biz-admin/handlers.(*OrderHandler).CreateProductOrder-fm (5 handlers)
[GIN-debug] PUT    /api/orders/products/:id  --> go-biz-admin/handlers.(*OrderHandler).UpdateProductOrder-fm (5 handlers)
[GIN-debug] GET    /api/orders/renewals      --> go-biz-admin/handlers.(*OrderHandler).GetRenewalOrders-fm (5 handlers)
[GIN-debug] GET    /api/orders/renewals/:id  --> go-biz-admin/handlers.(*OrderHandler).GetRenewalOrder-fm (5 handlers)
[GIN-debug] POST   /api/orders/renewals      --> go-biz-admin/handlers.(*OrderHandler).CreateRenewalOrder-fm (5 handlers)
[GIN-debug] PUT    /api/orders/renewals/:id  --> go-biz-admin/handlers.(*OrderHandler).UpdateRenewalOrder-fm (5 handlers)
[GIN-debug] GET    /api/finance/transactions --> go-biz-admin/handlers.(*FinanceHandler).GetTransactions-fm (5 handlers)
[GIN-debug] GET    /api/finance/transactions/:id --> go-biz-admin/handlers.(*FinanceHandler).GetTransaction-fm (5 handlers)
[GIN-debug] GET    /api/finance/bills        --> go-biz-admin/handlers.(*FinanceHandler).GetBills-fm (5 handlers)
[GIN-debug] GET    /api/finance/bills/:id    --> go-biz-admin/handlers.(*FinanceHandler).GetBill-fm (5 handlers)
[GIN-debug] PUT    /api/finance/bills/:id/pay --> go-biz-admin/handlers.(*FinanceHandler).PayBill-fm (5 handlers)
[GIN-debug] POST   /api/finance/bills        --> go-biz-admin/handlers.(*FinanceHandler).CreateBill-fm (5 handlers)
[GIN-debug] PUT    /api/finance/bills/:id    --> go-biz-admin/handlers.(*FinanceHandler).UpdateBill-fm (5 handlers)
[GIN-debug] GET    /api/tickets              --> go-biz-admin/handlers.(*TicketHandler).GetTickets-fm (5 handlers)
[GIN-debug] GET    /api/tickets/:id          --> go-biz-admin/handlers.(*TicketHandler).GetTicket-fm (5 handlers)
[GIN-debug] POST   /api/tickets              --> go-biz-admin/handlers.(*TicketHandler).CreateTicket-fm (5 handlers)
[GIN-debug] PUT    /api/tickets/:id          --> go-biz-admin/handlers.(*TicketHandler).UpdateTicket-fm (5 handlers)
[GIN-debug] GET    /api/tickets/stats        --> go-biz-admin/handlers.(*TicketHandler).GetTicketStats-fm (5 handlers)
[GIN-debug] GET    /api/system/settings      --> go-biz-admin/handlers.(*SystemHandler).GetSystemSettings-fm (5 handlers)
[GIN-debug] PUT    /api/system/settings      --> go-biz-admin/handlers.(*SystemHandler).UpdateSystemSettings-fm (5 handlers)
[GIN-debug] GET    /api/products             --> go-biz-admin/handlers.(*SystemHandler).GetProducts-fm (5 handlers)
[GIN-debug] GET    /api/products/:id         --> go-biz-admin/handlers.(*SystemHandler).GetProduct-fm (5 handlers)
[GIN-debug] POST   /api/products             --> go-biz-admin/handlers.(*SystemHandler).CreateProduct-fm (5 handlers)
[GIN-debug] PUT    /api/products/:id         --> go-biz-admin/handlers.(*SystemHandler).UpdateProduct-fm (5 handlers)
[GIN-debug] DELETE /api/products/:id         --> go-biz-admin/handlers.(*SystemHandler).DeleteProduct-fm (5 handlers)
[GIN-debug] GET    /admin/v1/supplier/:id    --> go-biz-admin/handlers.(*SystemHandler).AdminGetSupplierDetail-fm (6 handlers)
[GIN-debug] GET    /admin/v1/upstream/host   --> go-biz-admin/handlers.(*UpstreamProductHandler).GetProductList-fm (6 handlers)
[GIN-debug] GET    /admin/v1/upstream/host/:id --> go-biz-admin/handlers.(*UpstreamProductHandler).GetProductByID-fm (6 handlers)
[GIN-debug] POST   /admin/v1/upstream/host   --> go-biz-admin/handlers.(*UpstreamProductHandler).CreateProduct-fm (6 handlers)
[GIN-debug] PUT    /admin/v1/upstream/host/:id --> go-biz-admin/handlers.(*UpstreamProductHandler).UpdateProduct-fm (6 handlers)
[GIN-debug] DELETE /admin/v1/upstream/host/:id --> go-biz-admin/handlers.(*UpstreamProductHandler).DeleteProduct-fm (6 handlers)
[GIN-debug] GET    /admin/v1/upstream/host/status-options --> go-biz-admin/handlers.(*UpstreamProductHandler).GetStatusOptions-fm (6 handlers)
[GIN-debug] GET    /admin/v1/upstream/host/billing-cycle-options --> go-biz-admin/handlers.(*UpstreamProductHandler).GetBillingCycleOptions-fm (6 handlers)
[GIN-debug] [WARNING] You trusted all proxies, this is NOT safe. We recommend you to set a value.
Please check https://pkg.go.dev/github.com/gin-gonic/gin#readme-don-t-trust-all-proxies for details.
[GIN-debug] Listening and serving HTTP on :8081
[GIN] 2026/02/12 - 18:20:49 | 204 |            0s |             ::1 | OPTIONS  "/api/suppliers/1/sync-products"
[GIN] 2026/02/12 - 18:20:49 | 500 |     95.3874ms |             ::1 | POST     "/api/suppliers/1/sync-products"
[GIN] 2026/02/12 - 18:22:37 | 204 |            0s |             ::1 | OPTIONS  "/api/suppliers/1/sync-products"
[GIN] 2026/02/12 - 18:22:37 | 500 |      83.111ms |             ::1 | POST     "/api/suppliers/1/sync-products"
[GIN] 2026/02/12 - 18:23:02 | 204 |            0s |             ::1 | OPTIONS  "/api/suppliers/1/sync-products"
[GIN] 2026/02/12 - 18:23:02 | 500 |     25.7979ms |             ::1 | POST     "/api/suppliers/1/sync-products"
[GIN] 2026/02/12 - 18:23:05 | 204 |            0s |             ::1 | OPTIONS  "/api/suppliers/1/sync-products"
[GIN] 2026/02/12 - 18:23:05 | 500 |     26.8389ms |             ::1 | POST     "/api/suppliers/1/sync-products"
[GIN] 2026/02/12 - 18:23:10 | 204 |            0s |             ::1 | OPTIONS  "/api/suppliers?page=1&limit=10&status=&interface_type="
[GIN] 2026/02/12 - 18:23:10 | 200 |      2.7392ms |             ::1 | GET      "/api/suppliers?page=1&limit=10&status=&interface_type="
[GIN] 2026/02/12 - 18:23:11 | 204 |            0s |             ::1 | OPTIONS  "/api/products?page=1&limit=10"
[GIN] 2026/02/12 - 18:23:11 | 204 |            0s |             ::1 | OPTIONS  "/api/suppliers?page=1&limit=1000&status=active"
[GIN] 2026/02/12 - 18:23:11 | 200 |      2.7365ms |             ::1 | GET      "/api/products?page=1&limit=10"
[GIN] 2026/02/12 - 18:23:11 | 200 |     10.9187ms |             ::1 | GET      "/api/suppliers?page=1&limit=1000&status=active"
[GIN] 2026/02/12 - 18:23:12 | 204 |            0s |             ::1 | OPTIONS  "/api/suppliers?page=1&limit=10&status=&interface_type="
[GIN] 2026/02/12 - 18:23:12 | 200 |      2.8101ms |             ::1 | GET      "/api/suppliers?page=1&limit=10&status=&interface_type="
[GIN-debug] [WARNING] Running in "debug" mode. Switch to "release" mode in production.
 - using env:	export GIN_MODE=release
 - using code:	gin.SetMode(gin.ReleaseMode)

[GIN-debug] POST   /api/auth/login           --> go-biz-admin/handlers.(*UserHandler).Login-fm (4 handlers)
[GIN-debug] POST   /api/auth/register        --> go-biz-admin/handlers.(*UserHandler).Register-fm (4 handlers)
[GIN-debug] GET    /api/users                --> go-biz-admin/handlers.(*UserHandler).GetUsers-fm (4 handlers)
[GIN-debug] POST   /api/users                --> go-biz-admin/handlers.(*UserHandler).Register-fm (4 handlers)
[GIN-debug] POST   /api/users/admin          --> go-biz-admin/handlers.(*UserHandler).CreateAdminAccount-fm (4 handlers)
[GIN-debug] GET    /api/user                 --> go-biz-admin/handlers.(*UserHandler).GetCurrentUser-fm (5 handlers)
[GIN-debug] GET    /api/suppliers            --> go-biz-admin/handlers.(*SystemHandler).GetSuppliers-fm (4 handlers)
[GIN-debug] GET    /api/suppliers/:id        --> go-biz-admin/handlers.(*SystemHandler).GetSupplier-fm (4 handlers)
[GIN-debug] POST   /api/suppliers            --> go-biz-admin/handlers.(*SystemHandler).CreateSupplier-fm (4 handlers)
[GIN-debug] DELETE /api/suppliers/:id        --> go-biz-admin/handlers.(*SystemHandler).DeleteSupplier-fm (4 handlers)
[GIN-debug] POST   /api/suppliers/:id/sync   --> go-biz-admin/handlers.(*SystemHandler).SyncSupplierInfo-fm (4 handlers)
[GIN-debug] POST   /api/suppliers/:id/sync-products --> go-biz-admin/handlers.(*SystemHandler).SyncProductsFromSupplier-fm (4 handlers)
[GIN-debug] GET    /api/zjmf/suppliers       --> go-biz-admin/handlers.(*ZJMFHandler).GetSuppliers-fm (4 handlers)
[GIN-debug] GET    /api/zjmf/user/:id        --> go-biz-admin/handlers.(*ZJMFHandler).GetUserDetail-fm (4 handlers)
[GIN-debug] POST   /api/zjmf/server          --> go-biz-admin/handlers.(*ZJMFHandler).CreateServer-fm (4 handlers)
[GIN-debug] POST   /api/zjmf/sync-servers    --> go-biz-admin/handlers.(*ZJMFHandler).SyncServers-fm (4 handlers)
[GIN-debug] POST   /api/zjmf/info            --> go-biz-admin/handlers.(*ZJMFHandler).GetInfo-fm (4 handlers)
[GIN-debug] POST   /api/zjmf/products        --> go-biz-admin/handlers.(*ZJMFHandler).GetProducts-fm (4 handlers)
[GIN-debug] GET    /api/tasks                --> go-biz-admin/handlers.(*SystemHandler).GetTasks-fm (5 handlers)
[GIN-debug] GET    /api/tasks/:id            --> go-biz-admin/handlers.(*SystemHandler).GetTask-fm (5 handlers)
[GIN-debug] POST   /api/tasks                --> go-biz-admin/handlers.(*SystemHandler).CreateTask-fm (5 handlers)
[GIN-debug] PUT    /api/tasks/:id            --> go-biz-admin/handlers.(*SystemHandler).UpdateTask-fm (5 handlers)
[GIN-debug] DELETE /api/tasks/:id            --> go-biz-admin/handlers.(*SystemHandler).DeleteTask-fm (5 handlers)
[GIN-debug] POST   /api/tasks/:id/run        --> go-biz-admin/handlers.(*SystemHandler).RunTask-fm (5 handlers)
[GIN-debug] GET    /api/orders/products      --> go-biz-admin/handlers.(*OrderHandler).GetProductOrders-fm (5 handlers)
[GIN-debug] GET    /api/orders/products/:id  --> go-biz-admin/handlers.(*OrderHandler).GetProductOrder-fm (5 handlers)
[GIN-debug] POST   /api/orders/products      --> go-biz-admin/handlers.(*OrderHandler).CreateProductOrder-fm (5 handlers)
[GIN-debug] PUT    /api/orders/products/:id  --> go-biz-admin/handlers.(*OrderHandler).UpdateProductOrder-fm (5 handlers)
[GIN-debug] GET    /api/orders/renewals      --> go-biz-admin/handlers.(*OrderHandler).GetRenewalOrders-fm (5 handlers)
[GIN-debug] GET    /api/orders/renewals/:id  --> go-biz-admin/handlers.(*OrderHandler).GetRenewalOrder-fm (5 handlers)
[GIN-debug] POST   /api/orders/renewals      --> go-biz-admin/handlers.(*OrderHandler).CreateRenewalOrder-fm (5 handlers)
[GIN-debug] PUT    /api/orders/renewals/:id  --> go-biz-admin/handlers.(*OrderHandler).UpdateRenewalOrder-fm (5 handlers)
[GIN-debug] GET    /api/finance/transactions --> go-biz-admin/handlers.(*FinanceHandler).GetTransactions-fm (5 handlers)
[GIN-debug] GET    /api/finance/transactions/:id --> go-biz-admin/handlers.(*FinanceHandler).GetTransaction-fm (5 handlers)
[GIN-debug] GET    /api/finance/bills        --> go-biz-admin/handlers.(*FinanceHandler).GetBills-fm (5 handlers)
[GIN-debug] GET    /api/finance/bills/:id    --> go-biz-admin/handlers.(*FinanceHandler).GetBill-fm (5 handlers)
[GIN-debug] PUT    /api/finance/bills/:id/pay --> go-biz-admin/handlers.(*FinanceHandler).PayBill-fm (5 handlers)
[GIN-debug] POST   /api/finance/bills        --> go-biz-admin/handlers.(*FinanceHandler).CreateBill-fm (5 handlers)
[GIN-debug] PUT    /api/finance/bills/:id    --> go-biz-admin/handlers.(*FinanceHandler).UpdateBill-fm (5 handlers)
[GIN-debug] GET    /api/tickets              --> go-biz-admin/handlers.(*TicketHandler).GetTickets-fm (5 handlers)
[GIN-debug] GET    /api/tickets/:id          --> go-biz-admin/handlers.(*TicketHandler).GetTicket-fm (5 handlers)
[GIN-debug] POST   /api/tickets              --> go-biz-admin/handlers.(*TicketHandler).CreateTicket-fm (5 handlers)
[GIN-debug] PUT    /api/tickets/:id          --> go-biz-admin/handlers.(*TicketHandler).UpdateTicket-fm (5 handlers)
[GIN-debug] GET    /api/tickets/stats        --> go-biz-admin/handlers.(*TicketHandler).GetTicketStats-fm (5 handlers)
[GIN-debug] GET    /api/system/settings      --> go-biz-admin/handlers.(*SystemHandler).GetSystemSettings-fm (5 handlers)
[GIN-debug] PUT    /api/system/settings      --> go-biz-admin/handlers.(*SystemHandler).UpdateSystemSettings-fm (5 handlers)
[GIN-debug] GET    /api/products             --> go-biz-admin/handlers.(*SystemHandler).GetProducts-fm (5 handlers)
[GIN-debug] GET    /api/products/:id         --> go-biz-admin/handlers.(*SystemHandler).GetProduct-fm (5 handlers)
[GIN-debug] POST   /api/products             --> go-biz-admin/handlers.(*SystemHandler).CreateProduct-fm (5 handlers)
[GIN-debug] PUT    /api/products/:id         --> go-biz-admin/handlers.(*SystemHandler).UpdateProduct-fm (5 handlers)
[GIN-debug] DELETE /api/products/:id         --> go-biz-admin/handlers.(*SystemHandler).DeleteProduct-fm (5 handlers)
[GIN-debug] GET    /admin/v1/supplier/:id    --> go-biz-admin/handlers.(*SystemHandler).AdminGetSupplierDetail-fm (6 handlers)
[GIN-debug] GET    /admin/v1/upstream/host   --> go-biz-admin/handlers.(*UpstreamProductHandler).GetProductList-fm (6 handlers)
[GIN-debug] GET    /admin/v1/upstream/host/:id --> go-biz-admin/handlers.(*UpstreamProductHandler).GetProductByID-fm (6 handlers)
[GIN-debug] POST   /admin/v1/upstream/host   --> go-biz-admin/handlers.(*UpstreamProductHandler).CreateProduct-fm (6 handlers)
[GIN-debug] PUT    /admin/v1/upstream/host/:id --> go-biz-admin/handlers.(*UpstreamProductHandler).UpdateProduct-fm (6 handlers)
[GIN-debug] DELETE /admin/v1/upstream/host/:id --> go-biz-admin/handlers.(*UpstreamProductHandler).DeleteProduct-fm (6 handlers)
[GIN-debug] GET    /admin/v1/upstream/host/status-options --> go-biz-admin/handlers.(*UpstreamProductHandler).GetStatusOptions-fm (6 handlers)
[GIN-debug] GET    /admin/v1/upstream/host/billing-cycle-options --> go-biz-admin/handlers.(*UpstreamProductHandler).GetBillingCycleOptions-fm (6 handlers)
[GIN-debug] [WARNING] You trusted all proxies, this is NOT safe. We recommend you to set a value.
Please check https://pkg.go.dev/github.com/gin-gonic/gin#readme-don-t-trust-all-proxies for details.
[GIN-debug] Listening and serving HTTP on :8081
[GIN] 2026/02/12 - 18:23:42 | 204 |            0s |             ::1 | OPTIONS  "/api/user"
[GIN] 2026/02/12 - 18:23:42 | 200 |      6.1236ms |             ::1 | GET      "/api/user"
[GIN] 2026/02/12 - 18:23:42 | 200 |     11.5499ms |             ::1 | GET      "/api/user"
[GIN] 2026/02/12 - 18:23:42 | 200 |       4.804ms |             ::1 | GET      "/api/user"
[GIN] 2026/02/12 - 18:23:42 | 204 |            0s |             ::1 | OPTIONS  "/api/suppliers?page=1&limit=10&status=&interface_type="
[GIN] 2026/02/12 - 18:23:42 | 200 |      2.1991ms |             ::1 | GET      "/api/suppliers?page=1&limit=10&status=&interface_type="
[GIN] 2026/02/12 - 18:23:43 | 204 |            0s |             ::1 | OPTIONS  "/api/products?page=1&limit=10"
[GIN] 2026/02/12 - 18:23:43 | 204 |            0s |             ::1 | OPTIONS  "/api/suppliers?page=1&limit=1000&status=active"
[GIN] 2026/02/12 - 18:23:43 | 200 |       3.096ms |             ::1 | GET      "/api/products?page=1&limit=10"
[GIN] 2026/02/12 - 18:23:43 | 200 |      4.6019ms |             ::1 | GET      "/api/suppliers?page=1&limit=1000&status=active"
[GIN] 2026/02/12 - 18:23:46 | 204 |       817.9µs |             ::1 | OPTIONS  "/api/suppliers/1/sync-products"
[GIN] 2026/02/12 - 18:23:47 | 500 |    106.2796ms |             ::1 | POST     "/api/suppliers/1/sync-products"
[GIN] 2026/02/12 - 18:23:49 | 204 |            0s |             ::1 | OPTIONS  "/api/servers?page=1&limit=10&status=&server_type="
[GIN] 2026/02/12 - 18:23:49 | 404 |            0s |             ::1 | GET      "/api/servers?page=1&limit=10&status=&server_type="
[GIN] 2026/02/12 - 18:23:49 | 204 |            0s |             ::1 | OPTIONS  "/api/products?page=1&limit=10"
[GIN] 2026/02/12 - 18:23:49 | 204 |            0s |             ::1 | OPTIONS  "/api/suppliers?page=1&limit=1000&status=active"
[GIN] 2026/02/12 - 18:23:49 | 200 |      3.0067ms |             ::1 | GET      "/api/products?page=1&limit=10"
[GIN] 2026/02/12 - 18:23:49 | 200 |      4.2692ms |             ::1 | GET      "/api/suppliers?page=1&limit=1000&status=active"
[GIN] 2026/02/12 - 18:23:50 | 204 |            0s |             ::1 | OPTIONS  "/api/suppliers?page=1&limit=10&status=&interface_type="
[GIN] 2026/02/12 - 18:23:50 | 200 |      3.4915ms |             ::1 | GET      "/api/suppliers?page=1&limit=10&status=&interface_type="
[GIN] 2026/02/12 - 18:24:26 | 404 |            0s |             ::1 | GET      "/api/servers?page=1&limit=10&status=&server_type="
[GIN] 2026/02/12 - 18:24:26 | 404 |            0s |             ::1 | GET      "/favicon.ico"
[GIN-debug] [WARNING] Running in "debug" mode. Switch to "release" mode in production.
 - using env:	export GIN_MODE=release
 - using code:	gin.SetMode(gin.ReleaseMode)

[GIN-debug] POST   /api/auth/login           --> go-biz-admin/handlers.(*UserHandler).Login-fm (4 handlers)
[GIN-debug] POST   /api/auth/register        --> go-biz-admin/handlers.(*UserHandler).Register-fm (4 handlers)
[GIN-debug] GET    /api/users                --> go-biz-admin/handlers.(*UserHandler).GetUsers-fm (4 handlers)
[GIN-debug] POST   /api/users                --> go-biz-admin/handlers.(*UserHandler).Register-fm (4 handlers)
[GIN-debug] POST   /api/users/admin          --> go-biz-admin/handlers.(*UserHandler).CreateAdminAccount-fm (4 handlers)
[GIN-debug] GET    /api/user                 --> go-biz-admin/handlers.(*UserHandler).GetCurrentUser-fm (5 handlers)
[GIN-debug] GET    /api/suppliers            --> go-biz-admin/handlers.(*SystemHandler).GetSuppliers-fm (4 handlers)
[GIN-debug] GET    /api/suppliers/:id        --> go-biz-admin/handlers.(*SystemHandler).GetSupplier-fm (4 handlers)
[GIN-debug] POST   /api/suppliers            --> go-biz-admin/handlers.(*SystemHandler).CreateSupplier-fm (4 handlers)
[GIN-debug] DELETE /api/suppliers/:id        --> go-biz-admin/handlers.(*SystemHandler).DeleteSupplier-fm (4 handlers)
[GIN-debug] POST   /api/suppliers/:id/sync   --> go-biz-admin/handlers.(*SystemHandler).SyncSupplierInfo-fm (4 handlers)
[GIN-debug] POST   /api/suppliers/:id/sync-products --> go-biz-admin/handlers.(*SystemHandler).SyncProductsFromSupplier-fm (4 handlers)
[GIN-debug] GET    /api/zjmf/suppliers       --> go-biz-admin/handlers.(*ZJMFHandler).GetSuppliers-fm (4 handlers)
[GIN-debug] GET    /api/zjmf/user/:id        --> go-biz-admin/handlers.(*ZJMFHandler).GetUserDetail-fm (4 handlers)
[GIN-debug] POST   /api/zjmf/server          --> go-biz-admin/handlers.(*ZJMFHandler).CreateServer-fm (4 handlers)
[GIN-debug] POST   /api/zjmf/sync-servers    --> go-biz-admin/handlers.(*ZJMFHandler).SyncServers-fm (4 handlers)
[GIN-debug] POST   /api/zjmf/info            --> go-biz-admin/handlers.(*ZJMFHandler).GetInfo-fm (4 handlers)
[GIN-debug] POST   /api/zjmf/products        --> go-biz-admin/handlers.(*ZJMFHandler).GetProducts-fm (4 handlers)
[GIN-debug] GET    /api/tasks                --> go-biz-admin/handlers.(*SystemHandler).GetTasks-fm (5 handlers)
[GIN-debug] GET    /api/tasks/:id            --> go-biz-admin/handlers.(*SystemHandler).GetTask-fm (5 handlers)
[GIN-debug] POST   /api/tasks                --> go-biz-admin/handlers.(*SystemHandler).CreateTask-fm (5 handlers)
[GIN-debug] PUT    /api/tasks/:id            --> go-biz-admin/handlers.(*SystemHandler).UpdateTask-fm (5 handlers)
[GIN-debug] DELETE /api/tasks/:id            --> go-biz-admin/handlers.(*SystemHandler).DeleteTask-fm (5 handlers)
[GIN-debug] POST   /api/tasks/:id/run        --> go-biz-admin/handlers.(*SystemHandler).RunTask-fm (5 handlers)
[GIN-debug] GET    /api/orders/products      --> go-biz-admin/handlers.(*OrderHandler).GetProductOrders-fm (5 handlers)
[GIN-debug] GET    /api/orders/products/:id  --> go-biz-admin/handlers.(*OrderHandler).GetProductOrder-fm (5 handlers)
[GIN-debug] POST   /api/orders/products      --> go-biz-admin/handlers.(*OrderHandler).CreateProductOrder-fm (5 handlers)
[GIN-debug] PUT    /api/orders/products/:id  --> go-biz-admin/handlers.(*OrderHandler).UpdateProductOrder-fm (5 handlers)
[GIN-debug] GET    /api/orders/renewals      --> go-biz-admin/handlers.(*OrderHandler).GetRenewalOrders-fm (5 handlers)
[GIN-debug] GET    /api/orders/renewals/:id  --> go-biz-admin/handlers.(*OrderHandler).GetRenewalOrder-fm (5 handlers)
[GIN-debug] POST   /api/orders/renewals      --> go-biz-admin/handlers.(*OrderHandler).CreateRenewalOrder-fm (5 handlers)
[GIN-debug] PUT    /api/orders/renewals/:id  --> go-biz-admin/handlers.(*OrderHandler).UpdateRenewalOrder-fm (5 handlers)
[GIN-debug] GET    /api/finance/transactions --> go-biz-admin/handlers.(*FinanceHandler).GetTransactions-fm (5 handlers)
[GIN-debug] GET    /api/finance/transactions/:id --> go-biz-admin/handlers.(*FinanceHandler).GetTransaction-fm (5 handlers)
[GIN-debug] GET    /api/finance/bills        --> go-biz-admin/handlers.(*FinanceHandler).GetBills-fm (5 handlers)
[GIN-debug] GET    /api/finance/bills/:id    --> go-biz-admin/handlers.(*FinanceHandler).GetBill-fm (5 handlers)
[GIN-debug] PUT    /api/finance/bills/:id/pay --> go-biz-admin/handlers.(*FinanceHandler).PayBill-fm (5 handlers)
[GIN-debug] POST   /api/finance/bills        --> go-biz-admin/handlers.(*FinanceHandler).CreateBill-fm (5 handlers)
[GIN-debug] PUT    /api/finance/bills/:id    --> go-biz-admin/handlers.(*FinanceHandler).UpdateBill-fm (5 handlers)
[GIN-debug] GET    /api/tickets              --> go-biz-admin/handlers.(*TicketHandler).GetTickets-fm (5 handlers)
[GIN-debug] GET    /api/tickets/:id          --> go-biz-admin/handlers.(*TicketHandler).GetTicket-fm (5 handlers)
[GIN-debug] POST   /api/tickets              --> go-biz-admin/handlers.(*TicketHandler).CreateTicket-fm (5 handlers)
[GIN-debug] PUT    /api/tickets/:id          --> go-biz-admin/handlers.(*TicketHandler).UpdateTicket-fm (5 handlers)
[GIN-debug] GET    /api/tickets/stats        --> go-biz-admin/handlers.(*TicketHandler).GetTicketStats-fm (5 handlers)
[GIN-debug] GET    /api/system/settings      --> go-biz-admin/handlers.(*SystemHandler).GetSystemSettings-fm (5 handlers)
[GIN-debug] PUT    /api/system/settings      --> go-biz-admin/handlers.(*SystemHandler).UpdateSystemSettings-fm (5 handlers)
[GIN-debug] GET    /api/products             --> go-biz-admin/handlers.(*SystemHandler).GetProducts-fm (5 handlers)
[GIN-debug] GET    /api/products/:id         --> go-biz-admin/handlers.(*SystemHandler).GetProduct-fm (5 handlers)
[GIN-debug] POST   /api/products             --> go-biz-admin/handlers.(*SystemHandler).CreateProduct-fm (5 handlers)
[GIN-debug] PUT    /api/products/:id         --> go-biz-admin/handlers.(*SystemHandler).UpdateProduct-fm (5 handlers)
[GIN-debug] DELETE /api/products/:id         --> go-biz-admin/handlers.(*SystemHandler).DeleteProduct-fm (5 handlers)
[GIN-debug] GET    /admin/v1/supplier/:id    --> go-biz-admin/handlers.(*SystemHandler).AdminGetSupplierDetail-fm (6 handlers)
[GIN-debug] GET    /admin/v1/upstream/host   --> go-biz-admin/handlers.(*UpstreamProductHandler).GetProductList-fm (6 handlers)
[GIN-debug] GET    /admin/v1/upstream/host/:id --> go-biz-admin/handlers.(*UpstreamProductHandler).GetProductByID-fm (6 handlers)
[GIN-debug] POST   /admin/v1/upstream/host   --> go-biz-admin/handlers.(*UpstreamProductHandler).CreateProduct-fm (6 handlers)
[GIN-debug] PUT    /admin/v1/upstream/host/:id --> go-biz-admin/handlers.(*UpstreamProductHandler).UpdateProduct-fm (6 handlers)
[GIN-debug] DELETE /admin/v1/upstream/host/:id --> go-biz-admin/handlers.(*UpstreamProductHandler).DeleteProduct-fm (6 handlers)
[GIN-debug] GET    /admin/v1/upstream/host/status-options --> go-biz-admin/handlers.(*UpstreamProductHandler).GetStatusOptions-fm (6 handlers)
[GIN-debug] GET    /admin/v1/upstream/host/billing-cycle-options --> go-biz-admin/handlers.(*UpstreamProductHandler).GetBillingCycleOptions-fm (6 handlers)
[GIN-debug] [WARNING] You trusted all proxies, this is NOT safe. We recommend you to set a value.
Please check https://pkg.go.dev/github.com/gin-gonic/gin#readme-don-t-trust-all-proxies for details.
[GIN-debug] Listening and serving HTTP on :8081
[GIN] 2026/02/12 - 18:26:57 | 204 |            0s |             ::1 | OPTIONS  "/api/user"
[GIN] 2026/02/12 - 18:26:57 | 200 |      4.9902ms |             ::1 | GET      "/api/user"
[GIN] 2026/02/12 - 18:26:57 | 200 |     14.1424ms |             ::1 | GET      "/api/user"
[GIN] 2026/02/12 - 18:26:57 | 200 |      4.5556ms |             ::1 | GET      "/api/user"
[GIN] 2026/02/12 - 18:26:57 | 204 |            0s |             ::1 | OPTIONS  "/api/suppliers?page=1&limit=10&status=&interface_type="
[GIN] 2026/02/12 - 18:26:57 | 200 |      3.0188ms |             ::1 | GET      "/api/suppliers?page=1&limit=10&status=&interface_type="
[GIN] 2026/02/12 - 18:27:00 | 204 |            0s |             ::1 | OPTIONS  "/api/user"
[GIN] 2026/02/12 - 18:27:00 | 200 |      4.8373ms |             ::1 | GET      "/api/user"
[GIN] 2026/02/12 - 18:27:00 | 200 |      4.5464ms |             ::1 | GET      "/api/user"
[GIN] 2026/02/12 - 18:27:00 | 200 |      5.9054ms |             ::1 | GET      "/api/user"
[GIN] 2026/02/12 - 18:27:00 | 204 |            0s |             ::1 | OPTIONS  "/api/suppliers?page=1&limit=10&status=&interface_type="
[GIN] 2026/02/12 - 18:27:00 | 200 |      2.9586ms |             ::1 | GET      "/api/suppliers?page=1&limit=10&status=&interface_type="
[GIN] 2026/02/12 - 18:27:00 | 204 |            0s |             ::1 | OPTIONS  "/api/user"
[GIN] 2026/02/12 - 18:27:00 | 200 |      4.2457ms |             ::1 | GET      "/api/user"
[GIN] 2026/02/12 - 18:27:00 | 200 |      4.6074ms |             ::1 | GET      "/api/user"
[GIN] 2026/02/12 - 18:27:00 | 200 |      5.1441ms |             ::1 | GET      "/api/user"
[GIN] 2026/02/12 - 18:27:00 | 204 |            0s |             ::1 | OPTIONS  "/api/suppliers?page=1&limit=10&status=&interface_type="
[GIN] 2026/02/12 - 18:27:00 | 200 |      2.9345ms |             ::1 | GET      "/api/suppliers?page=1&limit=10&status=&interface_type="
[GIN] 2026/02/12 - 18:27:02 | 204 |            0s |             ::1 | OPTIONS  "/api/products?page=1&limit=10"
[GIN] 2026/02/12 - 18:27:02 | 204 |            0s |             ::1 | OPTIONS  "/api/suppliers?page=1&limit=1000&status=active"
[GIN] 2026/02/12 - 18:27:02 | 200 |      2.5179ms |             ::1 | GET      "/api/products?page=1&limit=10"
[GIN] 2026/02/12 - 18:27:02 | 200 |      4.6912ms |             ::1 | GET      "/api/suppliers?page=1&limit=1000&status=active"
[GIN] 2026/02/12 - 18:27:05 | 204 |            0s |             ::1 | OPTIONS  "/api/suppliers/1/sync-products"
[GIN] 2026/02/12 - 18:27:06 | 500 |    977.5316ms |             ::1 | POST     "/api/suppliers/1/sync-products"
[GIN-debug] [WARNING] Running in "debug" mode. Switch to "release" mode in production.
 - using env:	export GIN_MODE=release
 - using code:	gin.SetMode(gin.ReleaseMode)

[GIN-debug] POST   /api/auth/login           --> go-biz-admin/handlers.(*UserHandler).Login-fm (4 handlers)
[GIN-debug] POST   /api/auth/register        --> go-biz-admin/handlers.(*UserHandler).Register-fm (4 handlers)
[GIN-debug] GET    /api/users                --> go-biz-admin/handlers.(*UserHandler).GetUsers-fm (4 handlers)
[GIN-debug] POST   /api/users                --> go-biz-admin/handlers.(*UserHandler).Register-fm (4 handlers)
[GIN-debug] POST   /api/users/admin          --> go-biz-admin/handlers.(*UserHandler).CreateAdminAccount-fm (4 handlers)
[GIN-debug] GET    /api/user                 --> go-biz-admin/handlers.(*UserHandler).GetCurrentUser-fm (5 handlers)
[GIN-debug] GET    /api/suppliers            --> go-biz-admin/handlers.(*SystemHandler).GetSuppliers-fm (4 handlers)
[GIN-debug] GET    /api/suppliers/:id        --> go-biz-admin/handlers.(*SystemHandler).GetSupplier-fm (4 handlers)
[GIN-debug] POST   /api/suppliers            --> go-biz-admin/handlers.(*SystemHandler).CreateSupplier-fm (4 handlers)
[GIN-debug] DELETE /api/suppliers/:id        --> go-biz-admin/handlers.(*SystemHandler).DeleteSupplier-fm (4 handlers)
[GIN-debug] POST   /api/suppliers/:id/sync   --> go-biz-admin/handlers.(*SystemHandler).SyncSupplierInfo-fm (4 handlers)
[GIN-debug] POST   /api/suppliers/:id/sync-products --> go-biz-admin/handlers.(*SystemHandler).SyncProductsFromSupplier-fm (4 handlers)
[GIN-debug] GET    /api/zjmf/suppliers       --> go-biz-admin/handlers.(*ZJMFHandler).GetSuppliers-fm (4 handlers)
[GIN-debug] GET    /api/zjmf/user/:id        --> go-biz-admin/handlers.(*ZJMFHandler).GetUserDetail-fm (4 handlers)
[GIN-debug] POST   /api/zjmf/server          --> go-biz-admin/handlers.(*ZJMFHandler).CreateServer-fm (4 handlers)
[GIN-debug] POST   /api/zjmf/sync-servers    --> go-biz-admin/handlers.(*ZJMFHandler).SyncServers-fm (4 handlers)
[GIN-debug] POST   /api/zjmf/info            --> go-biz-admin/handlers.(*ZJMFHandler).GetInfo-fm (4 handlers)
[GIN-debug] POST   /api/zjmf/products        --> go-biz-admin/handlers.(*ZJMFHandler).GetProducts-fm (4 handlers)
[GIN-debug] GET    /api/tasks                --> go-biz-admin/handlers.(*SystemHandler).GetTasks-fm (5 handlers)
[GIN-debug] GET    /api/tasks/:id            --> go-biz-admin/handlers.(*SystemHandler).GetTask-fm (5 handlers)
[GIN-debug] POST   /api/tasks                --> go-biz-admin/handlers.(*SystemHandler).CreateTask-fm (5 handlers)
[GIN-debug] PUT    /api/tasks/:id            --> go-biz-admin/handlers.(*SystemHandler).UpdateTask-fm (5 handlers)
[GIN-debug] DELETE /api/tasks/:id            --> go-biz-admin/handlers.(*SystemHandler).DeleteTask-fm (5 handlers)
[GIN-debug] POST   /api/tasks/:id/run        --> go-biz-admin/handlers.(*SystemHandler).RunTask-fm (5 handlers)
[GIN-debug] GET    /api/orders/products      --> go-biz-admin/handlers.(*OrderHandler).GetProductOrders-fm (5 handlers)
[GIN-debug] GET    /api/orders/products/:id  --> go-biz-admin/handlers.(*OrderHandler).GetProductOrder-fm (5 handlers)
[GIN-debug] POST   /api/orders/products      --> go-biz-admin/handlers.(*OrderHandler).CreateProductOrder-fm (5 handlers)
[GIN-debug] PUT    /api/orders/products/:id  --> go-biz-admin/handlers.(*OrderHandler).UpdateProductOrder-fm (5 handlers)
[GIN-debug] GET    /api/orders/renewals      --> go-biz-admin/handlers.(*OrderHandler).GetRenewalOrders-fm (5 handlers)
[GIN-debug] GET    /api/orders/renewals/:id  --> go-biz-admin/handlers.(*OrderHandler).GetRenewalOrder-fm (5 handlers)
[GIN-debug] POST   /api/orders/renewals      --> go-biz-admin/handlers.(*OrderHandler).CreateRenewalOrder-fm (5 handlers)
[GIN-debug] PUT    /api/orders/renewals/:id  --> go-biz-admin/handlers.(*OrderHandler).UpdateRenewalOrder-fm (5 handlers)
[GIN-debug] GET    /api/finance/transactions --> go-biz-admin/handlers.(*FinanceHandler).GetTransactions-fm (5 handlers)
[GIN-debug] GET    /api/finance/transactions/:id --> go-biz-admin/handlers.(*FinanceHandler).GetTransaction-fm (5 handlers)
[GIN-debug] GET    /api/finance/bills        --> go-biz-admin/handlers.(*FinanceHandler).GetBills-fm (5 handlers)
[GIN-debug] GET    /api/finance/bills/:id    --> go-biz-admin/handlers.(*FinanceHandler).GetBill-fm (5 handlers)
[GIN-debug] PUT    /api/finance/bills/:id/pay --> go-biz-admin/handlers.(*FinanceHandler).PayBill-fm (5 handlers)
[GIN-debug] POST   /api/finance/bills        --> go-biz-admin/handlers.(*FinanceHandler).CreateBill-fm (5 handlers)
[GIN-debug] PUT    /api/finance/bills/:id    --> go-biz-admin/handlers.(*FinanceHandler).UpdateBill-fm (5 handlers)
[GIN-debug] GET    /api/tickets              --> go-biz-admin/handlers.(*TicketHandler).GetTickets-fm (5 handlers)
[GIN-debug] GET    /api/tickets/:id          --> go-biz-admin/handlers.(*TicketHandler).GetTicket-fm (5 handlers)
[GIN-debug] POST   /api/tickets              --> go-biz-admin/handlers.(*TicketHandler).CreateTicket-fm (5 handlers)
[GIN-debug] PUT    /api/tickets/:id          --> go-biz-admin/handlers.(*TicketHandler).UpdateTicket-fm (5 handlers)
[GIN-debug] GET    /api/tickets/stats        --> go-biz-admin/handlers.(*TicketHandler).GetTicketStats-fm (5 handlers)
[GIN-debug] GET    /api/system/settings      --> go-biz-admin/handlers.(*SystemHandler).GetSystemSettings-fm (5 handlers)
[GIN-debug] PUT    /api/system/settings      --> go-biz-admin/handlers.(*SystemHandler).UpdateSystemSettings-fm (5 handlers)
[GIN-debug] GET    /api/products             --> go-biz-admin/handlers.(*SystemHandler).GetProducts-fm (5 handlers)
[GIN-debug] GET    /api/products/:id         --> go-biz-admin/handlers.(*SystemHandler).GetProduct-fm (5 handlers)
[GIN-debug] POST   /api/products             --> go-biz-admin/handlers.(*SystemHandler).CreateProduct-fm (5 handlers)
[GIN-debug] PUT    /api/products/:id         --> go-biz-admin/handlers.(*SystemHandler).UpdateProduct-fm (5 handlers)
[GIN-debug] DELETE /api/products/:id         --> go-biz-admin/handlers.(*SystemHandler).DeleteProduct-fm (5 handlers)
[GIN-debug] GET    /admin/v1/supplier/:id    --> go-biz-admin/handlers.(*SystemHandler).AdminGetSupplierDetail-fm (6 handlers)
[GIN-debug] GET    /admin/v1/upstream/host   --> go-biz-admin/handlers.(*UpstreamProductHandler).GetProductList-fm (6 handlers)
[GIN-debug] GET    /admin/v1/upstream/host/:id --> go-biz-admin/handlers.(*UpstreamProductHandler).GetProductByID-fm (6 handlers)
[GIN-debug] POST   /admin/v1/upstream/host   --> go-biz-admin/handlers.(*UpstreamProductHandler).CreateProduct-fm (6 handlers)
[GIN-debug] PUT    /admin/v1/upstream/host/:id --> go-biz-admin/handlers.(*UpstreamProductHandler).UpdateProduct-fm (6 handlers)
[GIN-debug] DELETE /admin/v1/upstream/host/:id --> go-biz-admin/handlers.(*UpstreamProductHandler).DeleteProduct-fm (6 handlers)
[GIN-debug] GET    /admin/v1/upstream/host/status-options --> go-biz-admin/handlers.(*UpstreamProductHandler).GetStatusOptions-fm (6 handlers)
[GIN-debug] GET    /admin/v1/upstream/host/billing-cycle-options --> go-biz-admin/handlers.(*UpstreamProductHandler).GetBillingCycleOptions-fm (6 handlers)
[GIN-debug] [WARNING] You trusted all proxies, this is NOT safe. We recommend you to set a value.
Please check https://pkg.go.dev/github.com/gin-gonic/gin#readme-don-t-trust-all-proxies for details.
[GIN-debug] Listening and serving HTTP on :8081
[GIN] 2026/02/12 - 18:29:13 | 204 |            0s |             ::1 | OPTIONS  "/api/suppliers/1/sync-products"
[GIN] 2026/02/12 - 18:29:13 | 500 |     95.4894ms |             ::1 | POST     "/api/suppliers/1/sync-products"
[GIN] 2026/02/12 - 18:30:31 | 204 |            0s |             ::1 | OPTIONS  "/api/suppliers/1/sync-products"
[GIN] 2026/02/12 - 18:30:31 | 500 |     74.6984ms |             ::1 | POST     "/api/suppliers/1/sync-products"
[GIN-debug] [WARNING] Running in "debug" mode. Switch to "release" mode in production.
 - using env:	export GIN_MODE=release
 - using code:	gin.SetMode(gin.ReleaseMode)

[GIN-debug] POST   /api/auth/login           --> go-biz-admin/handlers.(*UserHandler).Login-fm (4 handlers)
[GIN-debug] POST   /api/auth/register        --> go-biz-admin/handlers.(*UserHandler).Register-fm (4 handlers)
[GIN-debug] GET    /api/users                --> go-biz-admin/handlers.(*UserHandler).GetUsers-fm (4 handlers)
[GIN-debug] POST   /api/users                --> go-biz-admin/handlers.(*UserHandler).Register-fm (4 handlers)
[GIN-debug] POST   /api/users/admin          --> go-biz-admin/handlers.(*UserHandler).CreateAdminAccount-fm (4 handlers)
[GIN-debug] GET    /api/user                 --> go-biz-admin/handlers.(*UserHandler).GetCurrentUser-fm (5 handlers)
[GIN-debug] GET    /api/suppliers            --> go-biz-admin/handlers.(*SystemHandler).GetSuppliers-fm (4 handlers)
[GIN-debug] GET    /api/suppliers/:id        --> go-biz-admin/handlers.(*SystemHandler).GetSupplier-fm (4 handlers)
[GIN-debug] POST   /api/suppliers            --> go-biz-admin/handlers.(*SystemHandler).CreateSupplier-fm (4 handlers)
[GIN-debug] DELETE /api/suppliers/:id        --> go-biz-admin/handlers.(*SystemHandler).DeleteSupplier-fm (4 handlers)
[GIN-debug] POST   /api/suppliers/:id/sync   --> go-biz-admin/handlers.(*SystemHandler).SyncSupplierInfo-fm (4 handlers)
[GIN-debug] POST   /api/suppliers/:id/sync-products --> go-biz-admin/handlers.(*SystemHandler).SyncProductsFromSupplier-fm (4 handlers)
[GIN-debug] GET    /api/zjmf/suppliers       --> go-biz-admin/handlers.(*ZJMFHandler).GetSuppliers-fm (4 handlers)
[GIN-debug] GET    /api/zjmf/user/:id        --> go-biz-admin/handlers.(*ZJMFHandler).GetUserDetail-fm (4 handlers)
[GIN-debug] POST   /api/zjmf/server          --> go-biz-admin/handlers.(*ZJMFHandler).CreateServer-fm (4 handlers)
[GIN-debug] POST   /api/zjmf/sync-servers    --> go-biz-admin/handlers.(*ZJMFHandler).SyncServers-fm (4 handlers)
[GIN-debug] POST   /api/zjmf/info            --> go-biz-admin/handlers.(*ZJMFHandler).GetInfo-fm (4 handlers)
[GIN-debug] POST   /api/zjmf/products        --> go-biz-admin/handlers.(*ZJMFHandler).GetProducts-fm (4 handlers)
[GIN-debug] GET    /api/tasks                --> go-biz-admin/handlers.(*SystemHandler).GetTasks-fm (5 handlers)
[GIN-debug] GET    /api/tasks/:id            --> go-biz-admin/handlers.(*SystemHandler).GetTask-fm (5 handlers)
[GIN-debug] POST   /api/tasks                --> go-biz-admin/handlers.(*SystemHandler).CreateTask-fm (5 handlers)
[GIN-debug] PUT    /api/tasks/:id            --> go-biz-admin/handlers.(*SystemHandler).UpdateTask-fm (5 handlers)
[GIN-debug] DELETE /api/tasks/:id            --> go-biz-admin/handlers.(*SystemHandler).DeleteTask-fm (5 handlers)
[GIN-debug] POST   /api/tasks/:id/run        --> go-biz-admin/handlers.(*SystemHandler).RunTask-fm (5 handlers)
[GIN-debug] GET    /api/orders/products      --> go-biz-admin/handlers.(*OrderHandler).GetProductOrders-fm (5 handlers)
[GIN-debug] GET    /api/orders/products/:id  --> go-biz-admin/handlers.(*OrderHandler).GetProductOrder-fm (5 handlers)
[GIN-debug] POST   /api/orders/products      --> go-biz-admin/handlers.(*OrderHandler).CreateProductOrder-fm (5 handlers)
[GIN-debug] PUT    /api/orders/products/:id  --> go-biz-admin/handlers.(*OrderHandler).UpdateProductOrder-fm (5 handlers)
[GIN-debug] GET    /api/orders/renewals      --> go-biz-admin/handlers.(*OrderHandler).GetRenewalOrders-fm (5 handlers)
[GIN-debug] GET    /api/orders/renewals/:id  --> go-biz-admin/handlers.(*OrderHandler).GetRenewalOrder-fm (5 handlers)
[GIN-debug] POST   /api/orders/renewals      --> go-biz-admin/handlers.(*OrderHandler).CreateRenewalOrder-fm (5 handlers)
[GIN-debug] PUT    /api/orders/renewals/:id  --> go-biz-admin/handlers.(*OrderHandler).UpdateRenewalOrder-fm (5 handlers)
[GIN-debug] GET    /api/finance/transactions --> go-biz-admin/handlers.(*FinanceHandler).GetTransactions-fm (5 handlers)
[GIN-debug] GET    /api/finance/transactions/:id --> go-biz-admin/handlers.(*FinanceHandler).GetTransaction-fm (5 handlers)
[GIN-debug] GET    /api/finance/bills        --> go-biz-admin/handlers.(*FinanceHandler).GetBills-fm (5 handlers)
[GIN-debug] GET    /api/finance/bills/:id    --> go-biz-admin/handlers.(*FinanceHandler).GetBill-fm (5 handlers)
[GIN-debug] PUT    /api/finance/bills/:id/pay --> go-biz-admin/handlers.(*FinanceHandler).PayBill-fm (5 handlers)
[GIN-debug] POST   /api/finance/bills        --> go-biz-admin/handlers.(*FinanceHandler).CreateBill-fm (5 handlers)
[GIN-debug] PUT    /api/finance/bills/:id    --> go-biz-admin/handlers.(*FinanceHandler).UpdateBill-fm (5 handlers)
[GIN-debug] GET    /api/tickets              --> go-biz-admin/handlers.(*TicketHandler).GetTickets-fm (5 handlers)
[GIN-debug] GET    /api/tickets/:id          --> go-biz-admin/handlers.(*TicketHandler).GetTicket-fm (5 handlers)
[GIN-debug] POST   /api/tickets              --> go-biz-admin/handlers.(*TicketHandler).CreateTicket-fm (5 handlers)
[GIN-debug] PUT    /api/tickets/:id          --> go-biz-admin/handlers.(*TicketHandler).UpdateTicket-fm (5 handlers)
[GIN-debug] GET    /api/tickets/stats        --> go-biz-admin/handlers.(*TicketHandler).GetTicketStats-fm (5 handlers)
[GIN-debug] GET    /api/system/settings      --> go-biz-admin/handlers.(*SystemHandler).GetSystemSettings-fm (5 handlers)
[GIN-debug] PUT    /api/system/settings      --> go-biz-admin/handlers.(*SystemHandler).UpdateSystemSettings-fm (5 handlers)
[GIN-debug] GET    /api/products             --> go-biz-admin/handlers.(*SystemHandler).GetProducts-fm (5 handlers)
[GIN-debug] GET    /api/products/:id         --> go-biz-admin/handlers.(*SystemHandler).GetProduct-fm (5 handlers)
[GIN-debug] POST   /api/products             --> go-biz-admin/handlers.(*SystemHandler).CreateProduct-fm (5 handlers)
[GIN-debug] PUT    /api/products/:id         --> go-biz-admin/handlers.(*SystemHandler).UpdateProduct-fm (5 handlers)
[GIN-debug] DELETE /api/products/:id         --> go-biz-admin/handlers.(*SystemHandler).DeleteProduct-fm (5 handlers)
[GIN-debug] GET    /admin/v1/supplier/:id    --> go-biz-admin/handlers.(*SystemHandler).AdminGetSupplierDetail-fm (6 handlers)
[GIN-debug] GET    /admin/v1/upstream/host   --> go-biz-admin/handlers.(*UpstreamProductHandler).GetProductList-fm (6 handlers)
[GIN-debug] GET    /admin/v1/upstream/host/:id --> go-biz-admin/handlers.(*UpstreamProductHandler).GetProductByID-fm (6 handlers)
[GIN-debug] POST   /admin/v1/upstream/host   --> go-biz-admin/handlers.(*UpstreamProductHandler).CreateProduct-fm (6 handlers)
[GIN-debug] PUT    /admin/v1/upstream/host/:id --> go-biz-admin/handlers.(*UpstreamProductHandler).UpdateProduct-fm (6 handlers)
[GIN-debug] DELETE /admin/v1/upstream/host/:id --> go-biz-admin/handlers.(*UpstreamProductHandler).DeleteProduct-fm (6 handlers)
[GIN-debug] GET    /admin/v1/upstream/host/status-options --> go-biz-admin/handlers.(*UpstreamProductHandler).GetStatusOptions-fm (6 handlers)
[GIN-debug] GET    /admin/v1/upstream/host/billing-cycle-options --> go-biz-admin/handlers.(*UpstreamProductHandler).GetBillingCycleOptions-fm (6 handlers)
[GIN-debug] [WARNING] You trusted all proxies, this is NOT safe. We recommend you to set a value.
Please check https://pkg.go.dev/github.com/gin-gonic/gin#readme-don-t-trust-all-proxies for details.
[GIN-debug] Listening and serving HTTP on :8081
[GIN] 2026/02/12 - 18:32:23 | 204 |            0s |             ::1 | OPTIONS  "/api/suppliers/1/sync-products"
[GIN] 2026/02/12 - 18:32:23 | 500 |    153.5991ms |             ::1 | POST     "/api/suppliers/1/sync-products"
[GIN-debug] [WARNING] Running in "debug" mode. Switch to "release" mode in production.
 - using env:	export GIN_MODE=release
 - using code:	gin.SetMode(gin.ReleaseMode)

[GIN-debug] POST   /api/auth/login           --> go-biz-admin/handlers.(*UserHandler).Login-fm (4 handlers)
[GIN-debug] POST   /api/auth/register        --> go-biz-admin/handlers.(*UserHandler).Register-fm (4 handlers)
[GIN-debug] GET    /api/users                --> go-biz-admin/handlers.(*UserHandler).GetUsers-fm (4 handlers)
[GIN-debug] POST   /api/users                --> go-biz-admin/handlers.(*UserHandler).Register-fm (4 handlers)
[GIN-debug] POST   /api/users/admin          --> go-biz-admin/handlers.(*UserHandler).CreateAdminAccount-fm (4 handlers)
[GIN-debug] GET    /api/user                 --> go-biz-admin/handlers.(*UserHandler).GetCurrentUser-fm (5 handlers)
[GIN-debug] GET    /api/suppliers            --> go-biz-admin/handlers.(*SystemHandler).GetSuppliers-fm (4 handlers)
[GIN-debug] GET    /api/suppliers/:id        --> go-biz-admin/handlers.(*SystemHandler).GetSupplier-fm (4 handlers)
[GIN-debug] POST   /api/suppliers            --> go-biz-admin/handlers.(*SystemHandler).CreateSupplier-fm (4 handlers)
[GIN-debug] DELETE /api/suppliers/:id        --> go-biz-admin/handlers.(*SystemHandler).DeleteSupplier-fm (4 handlers)
[GIN-debug] POST   /api/suppliers/:id/sync   --> go-biz-admin/handlers.(*SystemHandler).SyncSupplierInfo-fm (4 handlers)
[GIN-debug] POST   /api/suppliers/:id/sync-products --> go-biz-admin/handlers.(*SystemHandler).SyncProductsFromSupplier-fm (4 handlers)
[GIN-debug] GET    /api/zjmf/suppliers       --> go-biz-admin/handlers.(*ZJMFHandler).GetSuppliers-fm (4 handlers)
[GIN-debug] GET    /api/zjmf/user/:id        --> go-biz-admin/handlers.(*ZJMFHandler).GetUserDetail-fm (4 handlers)
[GIN-debug] POST   /api/zjmf/server          --> go-biz-admin/handlers.(*ZJMFHandler).CreateServer-fm (4 handlers)
[GIN-debug] POST   /api/zjmf/sync-servers    --> go-biz-admin/handlers.(*ZJMFHandler).SyncServers-fm (4 handlers)
[GIN-debug] POST   /api/zjmf/info            --> go-biz-admin/handlers.(*ZJMFHandler).GetInfo-fm (4 handlers)
[GIN-debug] POST   /api/zjmf/products        --> go-biz-admin/handlers.(*ZJMFHandler).GetProducts-fm (4 handlers)
[GIN-debug] GET    /api/tasks                --> go-biz-admin/handlers.(*SystemHandler).GetTasks-fm (5 handlers)
[GIN-debug] GET    /api/tasks/:id            --> go-biz-admin/handlers.(*SystemHandler).GetTask-fm (5 handlers)
[GIN-debug] POST   /api/tasks                --> go-biz-admin/handlers.(*SystemHandler).CreateTask-fm (5 handlers)
[GIN-debug] PUT    /api/tasks/:id            --> go-biz-admin/handlers.(*SystemHandler).UpdateTask-fm (5 handlers)
[GIN-debug] DELETE /api/tasks/:id            --> go-biz-admin/handlers.(*SystemHandler).DeleteTask-fm (5 handlers)
[GIN-debug] POST   /api/tasks/:id/run        --> go-biz-admin/handlers.(*SystemHandler).RunTask-fm (5 handlers)
[GIN-debug] GET    /api/orders/products      --> go-biz-admin/handlers.(*OrderHandler).GetProductOrders-fm (5 handlers)
[GIN-debug] GET    /api/orders/products/:id  --> go-biz-admin/handlers.(*OrderHandler).GetProductOrder-fm (5 handlers)
[GIN-debug] POST   /api/orders/products      --> go-biz-admin/handlers.(*OrderHandler).CreateProductOrder-fm (5 handlers)
[GIN-debug] PUT    /api/orders/products/:id  --> go-biz-admin/handlers.(*OrderHandler).UpdateProductOrder-fm (5 handlers)
[GIN-debug] GET    /api/orders/renewals      --> go-biz-admin/handlers.(*OrderHandler).GetRenewalOrders-fm (5 handlers)
[GIN-debug] GET    /api/orders/renewals/:id  --> go-biz-admin/handlers.(*OrderHandler).GetRenewalOrder-fm (5 handlers)
[GIN-debug] POST   /api/orders/renewals      --> go-biz-admin/handlers.(*OrderHandler).CreateRenewalOrder-fm (5 handlers)
[GIN-debug] PUT    /api/orders/renewals/:id  --> go-biz-admin/handlers.(*OrderHandler).UpdateRenewalOrder-fm (5 handlers)
[GIN-debug] GET    /api/finance/transactions --> go-biz-admin/handlers.(*FinanceHandler).GetTransactions-fm (5 handlers)
[GIN-debug] GET    /api/finance/transactions/:id --> go-biz-admin/handlers.(*FinanceHandler).GetTransaction-fm (5 handlers)
[GIN-debug] GET    /api/finance/bills        --> go-biz-admin/handlers.(*FinanceHandler).GetBills-fm (5 handlers)
[GIN-debug] GET    /api/finance/bills/:id    --> go-biz-admin/handlers.(*FinanceHandler).GetBill-fm (5 handlers)
[GIN-debug] PUT    /api/finance/bills/:id/pay --> go-biz-admin/handlers.(*FinanceHandler).PayBill-fm (5 handlers)
[GIN-debug] POST   /api/finance/bills        --> go-biz-admin/handlers.(*FinanceHandler).CreateBill-fm (5 handlers)
[GIN-debug] PUT    /api/finance/bills/:id    --> go-biz-admin/handlers.(*FinanceHandler).UpdateBill-fm (5 handlers)
[GIN-debug] GET    /api/tickets              --> go-biz-admin/handlers.(*TicketHandler).GetTickets-fm (5 handlers)
[GIN-debug] GET    /api/tickets/:id          --> go-biz-admin/handlers.(*TicketHandler).GetTicket-fm (5 handlers)
[GIN-debug] POST   /api/tickets              --> go-biz-admin/handlers.(*TicketHandler).CreateTicket-fm (5 handlers)
[GIN-debug] PUT    /api/tickets/:id          --> go-biz-admin/handlers.(*TicketHandler).UpdateTicket-fm (5 handlers)
[GIN-debug] GET    /api/tickets/stats        --> go-biz-admin/handlers.(*TicketHandler).GetTicketStats-fm (5 handlers)
[GIN-debug] GET    /api/system/settings      --> go-biz-admin/handlers.(*SystemHandler).GetSystemSettings-fm (5 handlers)
[GIN-debug] PUT    /api/system/settings      --> go-biz-admin/handlers.(*SystemHandler).UpdateSystemSettings-fm (5 handlers)
[GIN-debug] GET    /api/products             --> go-biz-admin/handlers.(*SystemHandler).GetProducts-fm (5 handlers)
[GIN-debug] GET    /api/products/:id         --> go-biz-admin/handlers.(*SystemHandler).GetProduct-fm (5 handlers)
[GIN-debug] POST   /api/products             --> go-biz-admin/handlers.(*SystemHandler).CreateProduct-fm (5 handlers)
[GIN-debug] PUT    /api/products/:id         --> go-biz-admin/handlers.(*SystemHandler).UpdateProduct-fm (5 handlers)
[GIN-debug] DELETE /api/products/:id         --> go-biz-admin/handlers.(*SystemHandler).DeleteProduct-fm (5 handlers)
[GIN-debug] GET    /admin/v1/supplier/:id    --> go-biz-admin/handlers.(*SystemHandler).AdminGetSupplierDetail-fm (6 handlers)
[GIN-debug] GET    /admin/v1/upstream/host   --> go-biz-admin/handlers.(*UpstreamProductHandler).GetProductList-fm (6 handlers)
[GIN-debug] GET    /admin/v1/upstream/host/:id --> go-biz-admin/handlers.(*UpstreamProductHandler).GetProductByID-fm (6 handlers)
[GIN-debug] POST   /admin/v1/upstream/host   --> go-biz-admin/handlers.(*UpstreamProductHandler).CreateProduct-fm (6 handlers)
[GIN-debug] PUT    /admin/v1/upstream/host/:id --> go-biz-admin/handlers.(*UpstreamProductHandler).UpdateProduct-fm (6 handlers)
[GIN-debug] DELETE /admin/v1/upstream/host/:id --> go-biz-admin/handlers.(*UpstreamProductHandler).DeleteProduct-fm (6 handlers)
[GIN-debug] GET    /admin/v1/upstream/host/status-options --> go-biz-admin/handlers.(*UpstreamProductHandler).GetStatusOptions-fm (6 handlers)
[GIN-debug] GET    /admin/v1/upstream/host/billing-cycle-options --> go-biz-admin/handlers.(*UpstreamProductHandler).GetBillingCycleOptions-fm (6 handlers)
[GIN-debug] [WARNING] You trusted all proxies, this is NOT safe. We recommend you to set a value.
Please check https://pkg.go.dev/github.com/gin-gonic/gin#readme-don-t-trust-all-proxies for details.
[GIN-debug] Listening and serving HTTP on :8081
[GIN] 2026/02/12 - 18:34:13 | 204 |            0s |             ::1 | OPTIONS  "/api/suppliers?page=1&limit=10&status=&interface_type="
[GIN] 2026/02/12 - 18:34:13 | 200 |      3.7709ms |             ::1 | GET      "/api/suppliers?page=1&limit=10&status=&interface_type="
[GIN] 2026/02/12 - 18:35:59 | 204 |            0s |             ::1 | OPTIONS  "/api/products?page=1&limit=10"
[GIN] 2026/02/12 - 18:35:59 | 204 |            0s |             ::1 | OPTIONS  "/api/suppliers?page=1&limit=1000&status=active"
[GIN] 2026/02/12 - 18:35:59 | 200 |      3.2017ms |             ::1 | GET      "/api/products?page=1&limit=10"
[GIN] 2026/02/12 - 18:35:59 | 200 |      11.229ms |             ::1 | GET      "/api/suppliers?page=1&limit=1000&status=active"
[GIN] 2026/02/12 - 18:36:05 | 204 |            0s |             ::1 | OPTIONS  "/api/suppliers/1/sync-products"
[GIN] 2026/02/12 - 18:36:05 | 500 |    170.9556ms |             ::1 | POST     "/api/suppliers/1/sync-products"
[GIN-debug] [WARNING] Running in "debug" mode. Switch to "release" mode in production.
 - using env:	export GIN_MODE=release
 - using code:	gin.SetMode(gin.ReleaseMode)

[GIN-debug] POST   /api/auth/login           --> go-biz-admin/handlers.(*UserHandler).Login-fm (4 handlers)
[GIN-debug] POST   /api/auth/register        --> go-biz-admin/handlers.(*UserHandler).Register-fm (4 handlers)
[GIN-debug] GET    /api/users                --> go-biz-admin/handlers.(*UserHandler).GetUsers-fm (4 handlers)
[GIN-debug] POST   /api/users                --> go-biz-admin/handlers.(*UserHandler).Register-fm (4 handlers)
[GIN-debug] POST   /api/users/admin          --> go-biz-admin/handlers.(*UserHandler).CreateAdminAccount-fm (4 handlers)
[GIN-debug] GET    /api/user                 --> go-biz-admin/handlers.(*UserHandler).GetCurrentUser-fm (5 handlers)
[GIN-debug] GET    /api/suppliers            --> go-biz-admin/handlers.(*SystemHandler).GetSuppliers-fm (4 handlers)
[GIN-debug] GET    /api/suppliers/:id        --> go-biz-admin/handlers.(*SystemHandler).GetSupplier-fm (4 handlers)
[GIN-debug] POST   /api/suppliers            --> go-biz-admin/handlers.(*SystemHandler).CreateSupplier-fm (4 handlers)
[GIN-debug] DELETE /api/suppliers/:id        --> go-biz-admin/handlers.(*SystemHandler).DeleteSupplier-fm (4 handlers)
[GIN-debug] POST   /api/suppliers/:id/sync   --> go-biz-admin/handlers.(*SystemHandler).SyncSupplierInfo-fm (4 handlers)
[GIN-debug] POST   /api/suppliers/:id/sync-products --> go-biz-admin/handlers.(*SystemHandler).SyncProductsFromSupplier-fm (4 handlers)
[GIN-debug] GET    /api/zjmf/suppliers       --> go-biz-admin/handlers.(*ZJMFHandler).GetSuppliers-fm (4 handlers)
[GIN-debug] GET    /api/zjmf/user/:id        --> go-biz-admin/handlers.(*ZJMFHandler).GetUserDetail-fm (4 handlers)
[GIN-debug] POST   /api/zjmf/server          --> go-biz-admin/handlers.(*ZJMFHandler).CreateServer-fm (4 handlers)
[GIN-debug] POST   /api/zjmf/sync-servers    --> go-biz-admin/handlers.(*ZJMFHandler).SyncServers-fm (4 handlers)
[GIN-debug] POST   /api/zjmf/info            --> go-biz-admin/handlers.(*ZJMFHandler).GetInfo-fm (4 handlers)
[GIN-debug] POST   /api/zjmf/products        --> go-biz-admin/handlers.(*ZJMFHandler).GetProducts-fm (4 handlers)
[GIN-debug] GET    /api/tasks                --> go-biz-admin/handlers.(*SystemHandler).GetTasks-fm (5 handlers)
[GIN-debug] GET    /api/tasks/:id            --> go-biz-admin/handlers.(*SystemHandler).GetTask-fm (5 handlers)
[GIN-debug] POST   /api/tasks                --> go-biz-admin/handlers.(*SystemHandler).CreateTask-fm (5 handlers)
[GIN-debug] PUT    /api/tasks/:id            --> go-biz-admin/handlers.(*SystemHandler).UpdateTask-fm (5 handlers)
[GIN-debug] DELETE /api/tasks/:id            --> go-biz-admin/handlers.(*SystemHandler).DeleteTask-fm (5 handlers)
[GIN-debug] POST   /api/tasks/:id/run        --> go-biz-admin/handlers.(*SystemHandler).RunTask-fm (5 handlers)
[GIN-debug] GET    /api/orders/products      --> go-biz-admin/handlers.(*OrderHandler).GetProductOrders-fm (5 handlers)
[GIN-debug] GET    /api/orders/products/:id  --> go-biz-admin/handlers.(*OrderHandler).GetProductOrder-fm (5 handlers)
[GIN-debug] POST   /api/orders/products      --> go-biz-admin/handlers.(*OrderHandler).CreateProductOrder-fm (5 handlers)
[GIN-debug] PUT    /api/orders/products/:id  --> go-biz-admin/handlers.(*OrderHandler).UpdateProductOrder-fm (5 handlers)
[GIN-debug] GET    /api/orders/renewals      --> go-biz-admin/handlers.(*OrderHandler).GetRenewalOrders-fm (5 handlers)
[GIN-debug] GET    /api/orders/renewals/:id  --> go-biz-admin/handlers.(*OrderHandler).GetRenewalOrder-fm (5 handlers)
[GIN-debug] POST   /api/orders/renewals      --> go-biz-admin/handlers.(*OrderHandler).CreateRenewalOrder-fm (5 handlers)
[GIN-debug] PUT    /api/orders/renewals/:id  --> go-biz-admin/handlers.(*OrderHandler).UpdateRenewalOrder-fm (5 handlers)
[GIN-debug] GET    /api/finance/transactions --> go-biz-admin/handlers.(*FinanceHandler).GetTransactions-fm (5 handlers)
[GIN-debug] GET    /api/finance/transactions/:id --> go-biz-admin/handlers.(*FinanceHandler).GetTransaction-fm (5 handlers)
[GIN-debug] GET    /api/finance/bills        --> go-biz-admin/handlers.(*FinanceHandler).GetBills-fm (5 handlers)
[GIN-debug] GET    /api/finance/bills/:id    --> go-biz-admin/handlers.(*FinanceHandler).GetBill-fm (5 handlers)
[GIN-debug] PUT    /api/finance/bills/:id/pay --> go-biz-admin/handlers.(*FinanceHandler).PayBill-fm (5 handlers)
[GIN-debug] POST   /api/finance/bills        --> go-biz-admin/handlers.(*FinanceHandler).CreateBill-fm (5 handlers)
[GIN-debug] PUT    /api/finance/bills/:id    --> go-biz-admin/handlers.(*FinanceHandler).UpdateBill-fm (5 handlers)
[GIN-debug] GET    /api/tickets              --> go-biz-admin/handlers.(*TicketHandler).GetTickets-fm (5 handlers)
[GIN-debug] GET    /api/tickets/:id          --> go-biz-admin/handlers.(*TicketHandler).GetTicket-fm (5 handlers)
[GIN-debug] POST   /api/tickets              --> go-biz-admin/handlers.(*TicketHandler).CreateTicket-fm (5 handlers)
[GIN-debug] PUT    /api/tickets/:id          --> go-biz-admin/handlers.(*TicketHandler).UpdateTicket-fm (5 handlers)
[GIN-debug] GET    /api/tickets/stats        --> go-biz-admin/handlers.(*TicketHandler).GetTicketStats-fm (5 handlers)
[GIN-debug] GET    /api/system/settings      --> go-biz-admin/handlers.(*SystemHandler).GetSystemSettings-fm (5 handlers)
[GIN-debug] PUT    /api/system/settings      --> go-biz-admin/handlers.(*SystemHandler).UpdateSystemSettings-fm (5 handlers)
[GIN-debug] GET    /api/products             --> go-biz-admin/handlers.(*SystemHandler).GetProducts-fm (5 handlers)
[GIN-debug] GET    /api/products/:id         --> go-biz-admin/handlers.(*SystemHandler).GetProduct-fm (5 handlers)
[GIN-debug] POST   /api/products             --> go-biz-admin/handlers.(*SystemHandler).CreateProduct-fm (5 handlers)
[GIN-debug] PUT    /api/products/:id         --> go-biz-admin/handlers.(*SystemHandler).UpdateProduct-fm (5 handlers)
[GIN-debug] DELETE /api/products/:id         --> go-biz-admin/handlers.(*SystemHandler).DeleteProduct-fm (5 handlers)
[GIN-debug] GET    /admin/v1/supplier/:id    --> go-biz-admin/handlers.(*SystemHandler).AdminGetSupplierDetail-fm (6 handlers)
[GIN-debug] GET    /admin/v1/upstream/host   --> go-biz-admin/handlers.(*UpstreamProductHandler).GetProductList-fm (6 handlers)
[GIN-debug] GET    /admin/v1/upstream/host/:id --> go-biz-admin/handlers.(*UpstreamProductHandler).GetProductByID-fm (6 handlers)
[GIN-debug] POST   /admin/v1/upstream/host   --> go-biz-admin/handlers.(*UpstreamProductHandler).CreateProduct-fm (6 handlers)
[GIN-debug] PUT    /admin/v1/upstream/host/:id --> go-biz-admin/handlers.(*UpstreamProductHandler).UpdateProduct-fm (6 handlers)
[GIN-debug] DELETE /admin/v1/upstream/host/:id --> go-biz-admin/handlers.(*UpstreamProductHandler).DeleteProduct-fm (6 handlers)
[GIN-debug] GET    /admin/v1/upstream/host/status-options --> go-biz-admin/handlers.(*UpstreamProductHandler).GetStatusOptions-fm (6 handlers)
[GIN-debug] GET    /admin/v1/upstream/host/billing-cycle-options --> go-biz-admin/handlers.(*UpstreamProductHandler).GetBillingCycleOptions-fm (6 handlers)
[GIN-debug] [WARNING] You trusted all proxies, this is NOT safe. We recommend you to set a value.
Please check https://pkg.go.dev/github.com/gin-gonic/gin#readme-don-t-trust-all-proxies for details.
[GIN-debug] Listening and serving HTTP on :8081
[GIN] 2026/02/12 - 18:37:39 | 204 |            0s |             ::1 | OPTIONS  "/api/suppliers/1/sync-products"
[GIN] 2026/02/12 - 18:37:39 | 500 |    251.6072ms |             ::1 | POST     "/api/suppliers/1/sync-products"
[GIN-debug] [WARNING] Running in "debug" mode. Switch to "release" mode in production.
 - using env:	export GIN_MODE=release
 - using code:	gin.SetMode(gin.ReleaseMode)

[GIN-debug] POST   /api/auth/login           --> go-biz-admin/handlers.(*UserHandler).Login-fm (4 handlers)
[GIN-debug] POST   /api/auth/register        --> go-biz-admin/handlers.(*UserHandler).Register-fm (4 handlers)
[GIN-debug] GET    /api/users                --> go-biz-admin/handlers.(*UserHandler).GetUsers-fm (4 handlers)
[GIN-debug] POST   /api/users                --> go-biz-admin/handlers.(*UserHandler).Register-fm (4 handlers)
[GIN-debug] POST   /api/users/admin          --> go-biz-admin/handlers.(*UserHandler).CreateAdminAccount-fm (4 handlers)
[GIN-debug] GET    /api/user                 --> go-biz-admin/handlers.(*UserHandler).GetCurrentUser-fm (5 handlers)
[GIN-debug] GET    /api/suppliers            --> go-biz-admin/handlers.(*SystemHandler).GetSuppliers-fm (4 handlers)
[GIN-debug] GET    /api/suppliers/:id        --> go-biz-admin/handlers.(*SystemHandler).GetSupplier-fm (4 handlers)
[GIN-debug] POST   /api/suppliers            --> go-biz-admin/handlers.(*SystemHandler).CreateSupplier-fm (4 handlers)
[GIN-debug] DELETE /api/suppliers/:id        --> go-biz-admin/handlers.(*SystemHandler).DeleteSupplier-fm (4 handlers)
[GIN-debug] POST   /api/suppliers/:id/sync   --> go-biz-admin/handlers.(*SystemHandler).SyncSupplierInfo-fm (4 handlers)
[GIN-debug] POST   /api/suppliers/:id/sync-products --> go-biz-admin/handlers.(*SystemHandler).SyncProductsFromSupplier-fm (4 handlers)
[GIN-debug] GET    /api/zjmf/suppliers       --> go-biz-admin/handlers.(*ZJMFHandler).GetSuppliers-fm (4 handlers)
[GIN-debug] GET    /api/zjmf/user/:id        --> go-biz-admin/handlers.(*ZJMFHandler).GetUserDetail-fm (4 handlers)
[GIN-debug] POST   /api/zjmf/server          --> go-biz-admin/handlers.(*ZJMFHandler).CreateServer-fm (4 handlers)
[GIN-debug] POST   /api/zjmf/sync-servers    --> go-biz-admin/handlers.(*ZJMFHandler).SyncServers-fm (4 handlers)
[GIN-debug] POST   /api/zjmf/info            --> go-biz-admin/handlers.(*ZJMFHandler).GetInfo-fm (4 handlers)
[GIN-debug] POST   /api/zjmf/products        --> go-biz-admin/handlers.(*ZJMFHandler).GetProducts-fm (4 handlers)
[GIN-debug] GET    /api/tasks                --> go-biz-admin/handlers.(*SystemHandler).GetTasks-fm (5 handlers)
[GIN-debug] GET    /api/tasks/:id            --> go-biz-admin/handlers.(*SystemHandler).GetTask-fm (5 handlers)
[GIN-debug] POST   /api/tasks                --> go-biz-admin/handlers.(*SystemHandler).CreateTask-fm (5 handlers)
[GIN-debug] PUT    /api/tasks/:id            --> go-biz-admin/handlers.(*SystemHandler).UpdateTask-fm (5 handlers)
[GIN-debug] DELETE /api/tasks/:id            --> go-biz-admin/handlers.(*SystemHandler).DeleteTask-fm (5 handlers)
[GIN-debug] POST   /api/tasks/:id/run        --> go-biz-admin/handlers.(*SystemHandler).RunTask-fm (5 handlers)
[GIN-debug] GET    /api/orders/products      --> go-biz-admin/handlers.(*OrderHandler).GetProductOrders-fm (5 handlers)
[GIN-debug] GET    /api/orders/products/:id  --> go-biz-admin/handlers.(*OrderHandler).GetProductOrder-fm (5 handlers)
[GIN-debug] POST   /api/orders/products      --> go-biz-admin/handlers.(*OrderHandler).CreateProductOrder-fm (5 handlers)
[GIN-debug] PUT    /api/orders/products/:id  --> go-biz-admin/handlers.(*OrderHandler).UpdateProductOrder-fm (5 handlers)
[GIN-debug] GET    /api/orders/renewals      --> go-biz-admin/handlers.(*OrderHandler).GetRenewalOrders-fm (5 handlers)
[GIN-debug] GET    /api/orders/renewals/:id  --> go-biz-admin/handlers.(*OrderHandler).GetRenewalOrder-fm (5 handlers)
[GIN-debug] POST   /api/orders/renewals      --> go-biz-admin/handlers.(*OrderHandler).CreateRenewalOrder-fm (5 handlers)
[GIN-debug] PUT    /api/orders/renewals/:id  --> go-biz-admin/handlers.(*OrderHandler).UpdateRenewalOrder-fm (5 handlers)
[GIN-debug] GET    /api/finance/transactions --> go-biz-admin/handlers.(*FinanceHandler).GetTransactions-fm (5 handlers)
[GIN-debug] GET    /api/finance/transactions/:id --> go-biz-admin/handlers.(*FinanceHandler).GetTransaction-fm (5 handlers)
[GIN-debug] GET    /api/finance/bills        --> go-biz-admin/handlers.(*FinanceHandler).GetBills-fm (5 handlers)
[GIN-debug] GET    /api/finance/bills/:id    --> go-biz-admin/handlers.(*FinanceHandler).GetBill-fm (5 handlers)
[GIN-debug] PUT    /api/finance/bills/:id/pay --> go-biz-admin/handlers.(*FinanceHandler).PayBill-fm (5 handlers)
[GIN-debug] POST   /api/finance/bills        --> go-biz-admin/handlers.(*FinanceHandler).CreateBill-fm (5 handlers)
[GIN-debug] PUT    /api/finance/bills/:id    --> go-biz-admin/handlers.(*FinanceHandler).UpdateBill-fm (5 handlers)
[GIN-debug] GET    /api/tickets              --> go-biz-admin/handlers.(*TicketHandler).GetTickets-fm (5 handlers)
[GIN-debug] GET    /api/tickets/:id          --> go-biz-admin/handlers.(*TicketHandler).GetTicket-fm (5 handlers)
[GIN-debug] POST   /api/tickets              --> go-biz-admin/handlers.(*TicketHandler).CreateTicket-fm (5 handlers)
[GIN-debug] PUT    /api/tickets/:id          --> go-biz-admin/handlers.(*TicketHandler).UpdateTicket-fm (5 handlers)
[GIN-debug] GET    /api/tickets/stats        --> go-biz-admin/handlers.(*TicketHandler).GetTicketStats-fm (5 handlers)
[GIN-debug] GET    /api/system/settings      --> go-biz-admin/handlers.(*SystemHandler).GetSystemSettings-fm (5 handlers)
[GIN-debug] PUT    /api/system/settings      --> go-biz-admin/handlers.(*SystemHandler).UpdateSystemSettings-fm (5 handlers)
[GIN-debug] GET    /api/products             --> go-biz-admin/handlers.(*SystemHandler).GetProducts-fm (5 handlers)
[GIN-debug] GET    /api/products/:id         --> go-biz-admin/handlers.(*SystemHandler).GetProduct-fm (5 handlers)
[GIN-debug] POST   /api/products             --> go-biz-admin/handlers.(*SystemHandler).CreateProduct-fm (5 handlers)
[GIN-debug] PUT    /api/products/:id         --> go-biz-admin/handlers.(*SystemHandler).UpdateProduct-fm (5 handlers)
[GIN-debug] DELETE /api/products/:id         --> go-biz-admin/handlers.(*SystemHandler).DeleteProduct-fm (5 handlers)
[GIN-debug] GET    /admin/v1/supplier/:id    --> go-biz-admin/handlers.(*SystemHandler).AdminGetSupplierDetail-fm (6 handlers)
[GIN-debug] GET    /admin/v1/upstream/host   --> go-biz-admin/handlers.(*UpstreamProductHandler).GetProductList-fm (6 handlers)
[GIN-debug] GET    /admin/v1/upstream/host/:id --> go-biz-admin/handlers.(*UpstreamProductHandler).GetProductByID-fm (6 handlers)
[GIN-debug] POST   /admin/v1/upstream/host   --> go-biz-admin/handlers.(*UpstreamProductHandler).CreateProduct-fm (6 handlers)
[GIN-debug] PUT    /admin/v1/upstream/host/:id --> go-biz-admin/handlers.(*UpstreamProductHandler).UpdateProduct-fm (6 handlers)
[GIN-debug] DELETE /admin/v1/upstream/host/:id --> go-biz-admin/handlers.(*UpstreamProductHandler).DeleteProduct-fm (6 handlers)
[GIN-debug] GET    /admin/v1/upstream/host/status-options --> go-biz-admin/handlers.(*UpstreamProductHandler).GetStatusOptions-fm (6 handlers)
[GIN-debug] GET    /admin/v1/upstream/host/billing-cycle-options --> go-biz-admin/handlers.(*UpstreamProductHandler).GetBillingCycleOptions-fm (6 handlers)
[GIN-debug] [WARNING] You trusted all proxies, this is NOT safe. We recommend you to set a value.
Please check https://pkg.go.dev/github.com/gin-gonic/gin#readme-don-t-trust-all-proxies for details.
[GIN-debug] Listening and serving HTTP on :8081
[GIN] 2026/02/12 - 19:23:09 | 204 |            0s |             ::1 | OPTIONS  "/api/suppliers/1/sync-products"
[GIN] 2026/02/12 - 19:23:10 | 500 |    179.0871ms |             ::1 | POST     "/api/suppliers/1/sync-products"
[GIN-debug] [WARNING] Running in "debug" mode. Switch to "release" mode in production.
 - using env:	export GIN_MODE=release
 - using code:	gin.SetMode(gin.ReleaseMode)

[GIN-debug] POST   /api/auth/login           --> go-biz-admin/handlers.(*UserHandler).Login-fm (4 handlers)
[GIN-debug] POST   /api/auth/register        --> go-biz-admin/handlers.(*UserHandler).Register-fm (4 handlers)
[GIN-debug] GET    /api/users                --> go-biz-admin/handlers.(*UserHandler).GetUsers-fm (4 handlers)
[GIN-debug] POST   /api/users                --> go-biz-admin/handlers.(*UserHandler).Register-fm (4 handlers)
[GIN-debug] POST   /api/users/admin          --> go-biz-admin/handlers.(*UserHandler).CreateAdminAccount-fm (4 handlers)
[GIN-debug] GET    /api/user                 --> go-biz-admin/handlers.(*UserHandler).GetCurrentUser-fm (5 handlers)
[GIN-debug] GET    /api/suppliers            --> go-biz-admin/handlers.(*SystemHandler).GetSuppliers-fm (4 handlers)
[GIN-debug] GET    /api/suppliers/:id        --> go-biz-admin/handlers.(*SystemHandler).GetSupplier-fm (4 handlers)
[GIN-debug] POST   /api/suppliers            --> go-biz-admin/handlers.(*SystemHandler).CreateSupplier-fm (4 handlers)
[GIN-debug] DELETE /api/suppliers/:id        --> go-biz-admin/handlers.(*SystemHandler).DeleteSupplier-fm (4 handlers)
[GIN-debug] POST   /api/suppliers/:id/sync   --> go-biz-admin/handlers.(*SystemHandler).SyncSupplierInfo-fm (4 handlers)
[GIN-debug] POST   /api/suppliers/:id/sync-products --> go-biz-admin/handlers.(*SystemHandler).SyncProductsFromSupplier-fm (4 handlers)
[GIN-debug] GET    /api/zjmf/suppliers       --> go-biz-admin/handlers.(*ZJMFHandler).GetSuppliers-fm (4 handlers)
[GIN-debug] GET    /api/zjmf/user/:id        --> go-biz-admin/handlers.(*ZJMFHandler).GetUserDetail-fm (4 handlers)
[GIN-debug] POST   /api/zjmf/server          --> go-biz-admin/handlers.(*ZJMFHandler).CreateServer-fm (4 handlers)
[GIN-debug] POST   /api/zjmf/sync-servers    --> go-biz-admin/handlers.(*ZJMFHandler).SyncServers-fm (4 handlers)
[GIN-debug] POST   /api/zjmf/info            --> go-biz-admin/handlers.(*ZJMFHandler).GetInfo-fm (4 handlers)
[GIN-debug] POST   /api/zjmf/products        --> go-biz-admin/handlers.(*ZJMFHandler).GetProducts-fm (4 handlers)
[GIN-debug] GET    /api/tasks                --> go-biz-admin/handlers.(*SystemHandler).GetTasks-fm (5 handlers)
[GIN-debug] GET    /api/tasks/:id            --> go-biz-admin/handlers.(*SystemHandler).GetTask-fm (5 handlers)
[GIN-debug] POST   /api/tasks                --> go-biz-admin/handlers.(*SystemHandler).CreateTask-fm (5 handlers)
[GIN-debug] PUT    /api/tasks/:id            --> go-biz-admin/handlers.(*SystemHandler).UpdateTask-fm (5 handlers)
[GIN-debug] DELETE /api/tasks/:id            --> go-biz-admin/handlers.(*SystemHandler).DeleteTask-fm (5 handlers)
[GIN-debug] POST   /api/tasks/:id/run        --> go-biz-admin/handlers.(*SystemHandler).RunTask-fm (5 handlers)
[GIN-debug] GET    /api/orders/products      --> go-biz-admin/handlers.(*OrderHandler).GetProductOrders-fm (5 handlers)
[GIN-debug] GET    /api/orders/products/:id  --> go-biz-admin/handlers.(*OrderHandler).GetProductOrder-fm (5 handlers)
[GIN-debug] POST   /api/orders/products      --> go-biz-admin/handlers.(*OrderHandler).CreateProductOrder-fm (5 handlers)
[GIN-debug] PUT    /api/orders/products/:id  --> go-biz-admin/handlers.(*OrderHandler).UpdateProductOrder-fm (5 handlers)
[GIN-debug] GET    /api/orders/renewals      --> go-biz-admin/handlers.(*OrderHandler).GetRenewalOrders-fm (5 handlers)
[GIN-debug] GET    /api/orders/renewals/:id  --> go-biz-admin/handlers.(*OrderHandler).GetRenewalOrder-fm (5 handlers)
[GIN-debug] POST   /api/orders/renewals      --> go-biz-admin/handlers.(*OrderHandler).CreateRenewalOrder-fm (5 handlers)
[GIN-debug] PUT    /api/orders/renewals/:id  --> go-biz-admin/handlers.(*OrderHandler).UpdateRenewalOrder-fm (5 handlers)
[GIN-debug] GET    /api/finance/transactions --> go-biz-admin/handlers.(*FinanceHandler).GetTransactions-fm (5 handlers)
[GIN-debug] GET    /api/finance/transactions/:id --> go-biz-admin/handlers.(*FinanceHandler).GetTransaction-fm (5 handlers)
[GIN-debug] GET    /api/finance/bills        --> go-biz-admin/handlers.(*FinanceHandler).GetBills-fm (5 handlers)
[GIN-debug] GET    /api/finance/bills/:id    --> go-biz-admin/handlers.(*FinanceHandler).GetBill-fm (5 handlers)
[GIN-debug] PUT    /api/finance/bills/:id/pay --> go-biz-admin/handlers.(*FinanceHandler).PayBill-fm (5 handlers)
[GIN-debug] POST   /api/finance/bills        --> go-biz-admin/handlers.(*FinanceHandler).CreateBill-fm (5 handlers)
[GIN-debug] PUT    /api/finance/bills/:id    --> go-biz-admin/handlers.(*FinanceHandler).UpdateBill-fm (5 handlers)
[GIN-debug] GET    /api/tickets              --> go-biz-admin/handlers.(*TicketHandler).GetTickets-fm (5 handlers)
[GIN-debug] GET    /api/tickets/:id          --> go-biz-admin/handlers.(*TicketHandler).GetTicket-fm (5 handlers)
[GIN-debug] POST   /api/tickets              --> go-biz-admin/handlers.(*TicketHandler).CreateTicket-fm (5 handlers)
[GIN-debug] PUT    /api/tickets/:id          --> go-biz-admin/handlers.(*TicketHandler).UpdateTicket-fm (5 handlers)
[GIN-debug] GET    /api/tickets/stats        --> go-biz-admin/handlers.(*TicketHandler).GetTicketStats-fm (5 handlers)
[GIN-debug] GET    /api/system/settings      --> go-biz-admin/handlers.(*SystemHandler).GetSystemSettings-fm (5 handlers)
[GIN-debug] PUT    /api/system/settings      --> go-biz-admin/handlers.(*SystemHandler).UpdateSystemSettings-fm (5 handlers)
[GIN-debug] GET    /api/products             --> go-biz-admin/handlers.(*SystemHandler).GetProducts-fm (5 handlers)
[GIN-debug] GET    /api/products/:id         --> go-biz-admin/handlers.(*SystemHandler).GetProduct-fm (5 handlers)
[GIN-debug] POST   /api/products             --> go-biz-admin/handlers.(*SystemHandler).CreateProduct-fm (5 handlers)
[GIN-debug] PUT    /api/products/:id         --> go-biz-admin/handlers.(*SystemHandler).UpdateProduct-fm (5 handlers)
[GIN-debug] DELETE /api/products/:id         --> go-biz-admin/handlers.(*SystemHandler).DeleteProduct-fm (5 handlers)
[GIN-debug] GET    /admin/v1/supplier/:id    --> go-biz-admin/handlers.(*SystemHandler).AdminGetSupplierDetail-fm (6 handlers)
[GIN-debug] GET    /admin/v1/upstream/host   --> go-biz-admin/handlers.(*UpstreamProductHandler).GetProductList-fm (6 handlers)
[GIN-debug] GET    /admin/v1/upstream/host/:id --> go-biz-admin/handlers.(*UpstreamProductHandler).GetProductByID-fm (6 handlers)
[GIN-debug] POST   /admin/v1/upstream/host   --> go-biz-admin/handlers.(*UpstreamProductHandler).CreateProduct-fm (6 handlers)
[GIN-debug] PUT    /admin/v1/upstream/host/:id --> go-biz-admin/handlers.(*UpstreamProductHandler).UpdateProduct-fm (6 handlers)
[GIN-debug] DELETE /admin/v1/upstream/host/:id --> go-biz-admin/handlers.(*UpstreamProductHandler).DeleteProduct-fm (6 handlers)
[GIN-debug] GET    /admin/v1/upstream/host/status-options --> go-biz-admin/handlers.(*UpstreamProductHandler).GetStatusOptions-fm (6 handlers)
[GIN-debug] GET    /admin/v1/upstream/host/billing-cycle-options --> go-biz-admin/handlers.(*UpstreamProductHandler).GetBillingCycleOptions-fm (6 handlers)
[GIN-debug] [WARNING] You trusted all proxies, this is NOT safe. We recommend you to set a value.
Please check https://pkg.go.dev/github.com/gin-gonic/gin#readme-don-t-trust-all-proxies for details.
[GIN-debug] Listening and serving HTTP on :8081
[GIN-debug] [WARNING] Running in "debug" mode. Switch to "release" mode in production.
 - using env:	export GIN_MODE=release
 - using code:	gin.SetMode(gin.ReleaseMode)

[GIN-debug] POST   /api/auth/login           --> go-biz-admin/handlers.(*UserHandler).Login-fm (4 handlers)
[GIN-debug] POST   /api/auth/register        --> go-biz-admin/handlers.(*UserHandler).Register-fm (4 handlers)
[GIN-debug] GET    /api/users                --> go-biz-admin/handlers.(*UserHandler).GetUsers-fm (4 handlers)
[GIN-debug] POST   /api/users                --> go-biz-admin/handlers.(*UserHandler).Register-fm (4 handlers)
[GIN-debug] POST   /api/users/admin          --> go-biz-admin/handlers.(*UserHandler).CreateAdminAccount-fm (4 handlers)
[GIN-debug] GET    /api/user                 --> go-biz-admin/handlers.(*UserHandler).GetCurrentUser-fm (5 handlers)
[GIN-debug] GET    /api/suppliers            --> go-biz-admin/handlers.(*SystemHandler).GetSuppliers-fm (4 handlers)
[GIN-debug] GET    /api/suppliers/:id        --> go-biz-admin/handlers.(*SystemHandler).GetSupplier-fm (4 handlers)
[GIN-debug] POST   /api/suppliers            --> go-biz-admin/handlers.(*SystemHandler).CreateSupplier-fm (4 handlers)
[GIN-debug] DELETE /api/suppliers/:id        --> go-biz-admin/handlers.(*SystemHandler).DeleteSupplier-fm (4 handlers)
[GIN-debug] POST   /api/suppliers/:id/sync   --> go-biz-admin/handlers.(*SystemHandler).SyncSupplierInfo-fm (4 handlers)
[GIN-debug] POST   /api/suppliers/:id/sync-products --> go-biz-admin/handlers.(*SystemHandler).SyncProductsFromSupplier-fm (4 handlers)
[GIN-debug] GET    /api/zjmf/suppliers       --> go-biz-admin/handlers.(*ZJMFHandler).GetSuppliers-fm (4 handlers)
[GIN-debug] GET    /api/zjmf/user/:id        --> go-biz-admin/handlers.(*ZJMFHandler).GetUserDetail-fm (4 handlers)
[GIN-debug] POST   /api/zjmf/server          --> go-biz-admin/handlers.(*ZJMFHandler).CreateServer-fm (4 handlers)
[GIN-debug] POST   /api/zjmf/sync-servers    --> go-biz-admin/handlers.(*ZJMFHandler).SyncServers-fm (4 handlers)
[GIN-debug] POST   /api/zjmf/info            --> go-biz-admin/handlers.(*ZJMFHandler).GetInfo-fm (4 handlers)
[GIN-debug] POST   /api/zjmf/products        --> go-biz-admin/handlers.(*ZJMFHandler).GetProducts-fm (4 handlers)
[GIN-debug] GET    /api/tasks                --> go-biz-admin/handlers.(*SystemHandler).GetTasks-fm (5 handlers)
[GIN-debug] GET    /api/tasks/:id            --> go-biz-admin/handlers.(*SystemHandler).GetTask-fm (5 handlers)
[GIN-debug] POST   /api/tasks                --> go-biz-admin/handlers.(*SystemHandler).CreateTask-fm (5 handlers)
[GIN-debug] PUT    /api/tasks/:id            --> go-biz-admin/handlers.(*SystemHandler).UpdateTask-fm (5 handlers)
[GIN-debug] DELETE /api/tasks/:id            --> go-biz-admin/handlers.(*SystemHandler).DeleteTask-fm (5 handlers)
[GIN-debug] POST   /api/tasks/:id/run        --> go-biz-admin/handlers.(*SystemHandler).RunTask-fm (5 handlers)
[GIN-debug] GET    /api/orders/products      --> go-biz-admin/handlers.(*OrderHandler).GetProductOrders-fm (5 handlers)
[GIN-debug] GET    /api/orders/products/:id  --> go-biz-admin/handlers.(*OrderHandler).GetProductOrder-fm (5 handlers)
[GIN-debug] POST   /api/orders/products      --> go-biz-admin/handlers.(*OrderHandler).CreateProductOrder-fm (5 handlers)
[GIN-debug] PUT    /api/orders/products/:id  --> go-biz-admin/handlers.(*OrderHandler).UpdateProductOrder-fm (5 handlers)
[GIN-debug] GET    /api/orders/renewals      --> go-biz-admin/handlers.(*OrderHandler).GetRenewalOrders-fm (5 handlers)
[GIN-debug] GET    /api/orders/renewals/:id  --> go-biz-admin/handlers.(*OrderHandler).GetRenewalOrder-fm (5 handlers)
[GIN-debug] POST   /api/orders/renewals      --> go-biz-admin/handlers.(*OrderHandler).CreateRenewalOrder-fm (5 handlers)
[GIN-debug] PUT    /api/orders/renewals/:id  --> go-biz-admin/handlers.(*OrderHandler).UpdateRenewalOrder-fm (5 handlers)
[GIN-debug] GET    /api/finance/transactions --> go-biz-admin/handlers.(*FinanceHandler).GetTransactions-fm (5 handlers)
[GIN-debug] GET    /api/finance/transactions/:id --> go-biz-admin/handlers.(*FinanceHandler).GetTransaction-fm (5 handlers)
[GIN-debug] GET    /api/finance/bills        --> go-biz-admin/handlers.(*FinanceHandler).GetBills-fm (5 handlers)
[GIN-debug] GET    /api/finance/bills/:id    --> go-biz-admin/handlers.(*FinanceHandler).GetBill-fm (5 handlers)
[GIN-debug] PUT    /api/finance/bills/:id/pay --> go-biz-admin/handlers.(*FinanceHandler).PayBill-fm (5 handlers)
[GIN-debug] POST   /api/finance/bills        --> go-biz-admin/handlers.(*FinanceHandler).CreateBill-fm (5 handlers)
[GIN-debug] PUT    /api/finance/bills/:id    --> go-biz-admin/handlers.(*FinanceHandler).UpdateBill-fm (5 handlers)
[GIN-debug] GET    /api/tickets              --> go-biz-admin/handlers.(*TicketHandler).GetTickets-fm (5 handlers)
[GIN-debug] GET    /api/tickets/:id          --> go-biz-admin/handlers.(*TicketHandler).GetTicket-fm (5 handlers)
[GIN-debug] POST   /api/tickets              --> go-biz-admin/handlers.(*TicketHandler).CreateTicket-fm (5 handlers)
[GIN-debug] PUT    /api/tickets/:id          --> go-biz-admin/handlers.(*TicketHandler).UpdateTicket-fm (5 handlers)
[GIN-debug] GET    /api/tickets/stats        --> go-biz-admin/handlers.(*TicketHandler).GetTicketStats-fm (5 handlers)
[GIN-debug] GET    /api/system/settings      --> go-biz-admin/handlers.(*SystemHandler).GetSystemSettings-fm (5 handlers)
[GIN-debug] PUT    /api/system/settings      --> go-biz-admin/handlers.(*SystemHandler).UpdateSystemSettings-fm (5 handlers)
[GIN-debug] GET    /api/products             --> go-biz-admin/handlers.(*SystemHandler).GetProducts-fm (5 handlers)
[GIN-debug] GET    /api/products/:id         --> go-biz-admin/handlers.(*SystemHandler).GetProduct-fm (5 handlers)
[GIN-debug] POST   /api/products             --> go-biz-admin/handlers.(*SystemHandler).CreateProduct-fm (5 handlers)
[GIN-debug] PUT    /api/products/:id         --> go-biz-admin/handlers.(*SystemHandler).UpdateProduct-fm (5 handlers)
[GIN-debug] DELETE /api/products/:id         --> go-biz-admin/handlers.(*SystemHandler).DeleteProduct-fm (5 handlers)
[GIN-debug] GET    /admin/v1/supplier/:id    --> go-biz-admin/handlers.(*SystemHandler).AdminGetSupplierDetail-fm (6 handlers)
[GIN-debug] GET    /admin/v1/upstream/host   --> go-biz-admin/handlers.(*UpstreamProductHandler).GetProductList-fm (6 handlers)
[GIN-debug] GET    /admin/v1/upstream/host/:id --> go-biz-admin/handlers.(*UpstreamProductHandler).GetProductByID-fm (6 handlers)
[GIN-debug] POST   /admin/v1/upstream/host   --> go-biz-admin/handlers.(*UpstreamProductHandler).CreateProduct-fm (6 handlers)
[GIN-debug] PUT    /admin/v1/upstream/host/:id --> go-biz-admin/handlers.(*UpstreamProductHandler).UpdateProduct-fm (6 handlers)
[GIN-debug] DELETE /admin/v1/upstream/host/:id --> go-biz-admin/handlers.(*UpstreamProductHandler).DeleteProduct-fm (6 handlers)
[GIN-debug] GET    /admin/v1/upstream/host/status-options --> go-biz-admin/handlers.(*UpstreamProductHandler).GetStatusOptions-fm (6 handlers)
[GIN-debug] GET    /admin/v1/upstream/host/billing-cycle-options --> go-biz-admin/handlers.(*UpstreamProductHandler).GetBillingCycleOptions-fm (6 handlers)
[GIN-debug] [WARNING] You trusted all proxies, this is NOT safe. We recommend you to set a value.
Please check https://pkg.go.dev/github.com/gin-gonic/gin#readme-don-t-trust-all-proxies for details.
[GIN-debug] Listening and serving HTTP on :8081
[GIN-debug] [WARNING] Running in "debug" mode. Switch to "release" mode in production.
 - using env:	export GIN_MODE=release
 - using code:	gin.SetMode(gin.ReleaseMode)

[GIN-debug] POST   /api/auth/login           --> go-biz-admin/handlers.(*UserHandler).Login-fm (4 handlers)
[GIN-debug] POST   /api/auth/register        --> go-biz-admin/handlers.(*UserHandler).Register-fm (4 handlers)
[GIN-debug] GET    /api/users                --> go-biz-admin/handlers.(*UserHandler).GetUsers-fm (4 handlers)
[GIN-debug] POST   /api/users                --> go-biz-admin/handlers.(*UserHandler).Register-fm (4 handlers)
[GIN-debug] POST   /api/users/admin          --> go-biz-admin/handlers.(*UserHandler).CreateAdminAccount-fm (4 handlers)
[GIN-debug] GET    /api/user                 --> go-biz-admin/handlers.(*UserHandler).GetCurrentUser-fm (5 handlers)
[GIN-debug] GET    /api/suppliers            --> go-biz-admin/handlers.(*SystemHandler).GetSuppliers-fm (4 handlers)
[GIN-debug] GET    /api/suppliers/:id        --> go-biz-admin/handlers.(*SystemHandler).GetSupplier-fm (4 handlers)
[GIN-debug] POST   /api/suppliers            --> go-biz-admin/handlers.(*SystemHandler).CreateSupplier-fm (4 handlers)
[GIN-debug] DELETE /api/suppliers/:id        --> go-biz-admin/handlers.(*SystemHandler).DeleteSupplier-fm (4 handlers)
[GIN-debug] POST   /api/suppliers/:id/sync   --> go-biz-admin/handlers.(*SystemHandler).SyncSupplierInfo-fm (4 handlers)
[GIN-debug] POST   /api/suppliers/:id/sync-products --> go-biz-admin/handlers.(*SystemHandler).SyncProductsFromSupplier-fm (4 handlers)
[GIN-debug] GET    /api/zjmf/suppliers       --> go-biz-admin/handlers.(*ZJMFHandler).GetSuppliers-fm (4 handlers)
[GIN-debug] GET    /api/zjmf/user/:id        --> go-biz-admin/handlers.(*ZJMFHandler).GetUserDetail-fm (4 handlers)
[GIN-debug] POST   /api/zjmf/server          --> go-biz-admin/handlers.(*ZJMFHandler).CreateServer-fm (4 handlers)
[GIN-debug] POST   /api/zjmf/sync-servers    --> go-biz-admin/handlers.(*ZJMFHandler).SyncServers-fm (4 handlers)
[GIN-debug] POST   /api/zjmf/info            --> go-biz-admin/handlers.(*ZJMFHandler).GetInfo-fm (4 handlers)
[GIN-debug] POST   /api/zjmf/products        --> go-biz-admin/handlers.(*ZJMFHandler).GetProducts-fm (4 handlers)
[GIN-debug] GET    /api/tasks                --> go-biz-admin/handlers.(*SystemHandler).GetTasks-fm (5 handlers)
[GIN-debug] GET    /api/tasks/:id            --> go-biz-admin/handlers.(*SystemHandler).GetTask-fm (5 handlers)
[GIN-debug] POST   /api/tasks                --> go-biz-admin/handlers.(*SystemHandler).CreateTask-fm (5 handlers)
[GIN-debug] PUT    /api/tasks/:id            --> go-biz-admin/handlers.(*SystemHandler).UpdateTask-fm (5 handlers)
[GIN-debug] DELETE /api/tasks/:id            --> go-biz-admin/handlers.(*SystemHandler).DeleteTask-fm (5 handlers)
[GIN-debug] POST   /api/tasks/:id/run        --> go-biz-admin/handlers.(*SystemHandler).RunTask-fm (5 handlers)
[GIN-debug] GET    /api/orders/products      --> go-biz-admin/handlers.(*OrderHandler).GetProductOrders-fm (5 handlers)
[GIN-debug] GET    /api/orders/products/:id  --> go-biz-admin/handlers.(*OrderHandler).GetProductOrder-fm (5 handlers)
[GIN-debug] POST   /api/orders/products      --> go-biz-admin/handlers.(*OrderHandler).CreateProductOrder-fm (5 handlers)
[GIN-debug] PUT    /api/orders/products/:id  --> go-biz-admin/handlers.(*OrderHandler).UpdateProductOrder-fm (5 handlers)
[GIN-debug] GET    /api/orders/renewals      --> go-biz-admin/handlers.(*OrderHandler).GetRenewalOrders-fm (5 handlers)
[GIN-debug] GET    /api/orders/renewals/:id  --> go-biz-admin/handlers.(*OrderHandler).GetRenewalOrder-fm (5 handlers)
[GIN-debug] POST   /api/orders/renewals      --> go-biz-admin/handlers.(*OrderHandler).CreateRenewalOrder-fm (5 handlers)
[GIN-debug] PUT    /api/orders/renewals/:id  --> go-biz-admin/handlers.(*OrderHandler).UpdateRenewalOrder-fm (5 handlers)
[GIN-debug] GET    /api/finance/transactions --> go-biz-admin/handlers.(*FinanceHandler).GetTransactions-fm (5 handlers)
[GIN-debug] GET    /api/finance/transactions/:id --> go-biz-admin/handlers.(*FinanceHandler).GetTransaction-fm (5 handlers)
[GIN-debug] GET    /api/finance/bills        --> go-biz-admin/handlers.(*FinanceHandler).GetBills-fm (5 handlers)
[GIN-debug] GET    /api/finance/bills/:id    --> go-biz-admin/handlers.(*FinanceHandler).GetBill-fm (5 handlers)
[GIN-debug] PUT    /api/finance/bills/:id/pay --> go-biz-admin/handlers.(*FinanceHandler).PayBill-fm (5 handlers)
[GIN-debug] POST   /api/finance/bills        --> go-biz-admin/handlers.(*FinanceHandler).CreateBill-fm (5 handlers)
[GIN-debug] PUT    /api/finance/bills/:id    --> go-biz-admin/handlers.(*FinanceHandler).UpdateBill-fm (5 handlers)
[GIN-debug] GET    /api/tickets              --> go-biz-admin/handlers.(*TicketHandler).GetTickets-fm (5 handlers)
[GIN-debug] GET    /api/tickets/:id          --> go-biz-admin/handlers.(*TicketHandler).GetTicket-fm (5 handlers)
[GIN-debug] POST   /api/tickets              --> go-biz-admin/handlers.(*TicketHandler).CreateTicket-fm (5 handlers)
[GIN-debug] PUT    /api/tickets/:id          --> go-biz-admin/handlers.(*TicketHandler).UpdateTicket-fm (5 handlers)
[GIN-debug] GET    /api/tickets/stats        --> go-biz-admin/handlers.(*TicketHandler).GetTicketStats-fm (5 handlers)
[GIN-debug] GET    /api/system/settings      --> go-biz-admin/handlers.(*SystemHandler).GetSystemSettings-fm (5 handlers)
[GIN-debug] PUT    /api/system/settings      --> go-biz-admin/handlers.(*SystemHandler).UpdateSystemSettings-fm (5 handlers)
[GIN-debug] GET    /api/products             --> go-biz-admin/handlers.(*SystemHandler).GetProducts-fm (5 handlers)
[GIN-debug] GET    /api/products/:id         --> go-biz-admin/handlers.(*SystemHandler).GetProduct-fm (5 handlers)
[GIN-debug] POST   /api/products             --> go-biz-admin/handlers.(*SystemHandler).CreateProduct-fm (5 handlers)
[GIN-debug] PUT    /api/products/:id         --> go-biz-admin/handlers.(*SystemHandler).UpdateProduct-fm (5 handlers)
[GIN-debug] DELETE /api/products/:id         --> go-biz-admin/handlers.(*SystemHandler).DeleteProduct-fm (5 handlers)
[GIN-debug] GET    /admin/v1/supplier/:id    --> go-biz-admin/handlers.(*SystemHandler).AdminGetSupplierDetail-fm (6 handlers)
[GIN-debug] GET    /admin/v1/upstream/host   --> go-biz-admin/handlers.(*UpstreamProductHandler).GetProductList-fm (6 handlers)
[GIN-debug] GET    /admin/v1/upstream/host/:id --> go-biz-admin/handlers.(*UpstreamProductHandler).GetProductByID-fm (6 handlers)
[GIN-debug] POST   /admin/v1/upstream/host   --> go-biz-admin/handlers.(*UpstreamProductHandler).CreateProduct-fm (6 handlers)
[GIN-debug] PUT    /admin/v1/upstream/host/:id --> go-biz-admin/handlers.(*UpstreamProductHandler).UpdateProduct-fm (6 handlers)
[GIN-debug] DELETE /admin/v1/upstream/host/:id --> go-biz-admin/handlers.(*UpstreamProductHandler).DeleteProduct-fm (6 handlers)
[GIN-debug] GET    /admin/v1/upstream/host/status-options --> go-biz-admin/handlers.(*UpstreamProductHandler).GetStatusOptions-fm (6 handlers)
[GIN-debug] GET    /admin/v1/upstream/host/billing-cycle-options --> go-biz-admin/handlers.(*UpstreamProductHandler).GetBillingCycleOptions-fm (6 handlers)
[GIN-debug] [WARNING] You trusted all proxies, this is NOT safe. We recommend you to set a value.
Please check https://pkg.go.dev/github.com/gin-gonic/gin#readme-don-t-trust-all-proxies for details.
[GIN-debug] Listening and serving HTTP on :8081
[GIN] 2026/02/12 - 23:26:33 | 204 |            0s |             ::1 | OPTIONS  "/api/user"
[GIN] 2026/02/12 - 23:26:33 | 204 |            0s |             ::1 | OPTIONS  "/api/products"
[GIN] 2026/02/12 - 23:26:33 | 200 |      4.2754ms |             ::1 | GET      "/api/user"
[GIN] 2026/02/12 - 23:26:33 | 200 |      7.3135ms |             ::1 | GET      "/api/products"
[GIN] 2026/02/12 - 23:26:35 | 204 |            0s |             ::1 | OPTIONS  "/api/user"
[GIN] 2026/02/12 - 23:26:35 | 200 |      4.8643ms |             ::1 | GET      "/api/user"
[GIN] 2026/02/12 - 23:26:35 | 200 |      5.5925ms |             ::1 | GET      "/api/user"
[GIN] 2026/02/12 - 23:26:35 | 200 |      4.6445ms |             ::1 | GET      "/api/user"
[GIN] 2026/02/12 - 23:26:36 | 200 |      4.6892ms |             ::1 | GET      "/api/user"
[GIN] 2026/02/12 - 23:26:36 | 204 |            0s |             ::1 | OPTIONS  "/api/suppliers?page=1&limit=10&status=&interface_type="
[GIN] 2026/02/12 - 23:26:36 | 200 |      3.1669ms |             ::1 | GET      "/api/suppliers?page=1&limit=10&status=&interface_type="
[GIN] 2026/02/12 - 23:26:39 | 204 |            0s |             ::1 | OPTIONS  "/api/products?page=1&limit=10"
[GIN] 2026/02/12 - 23:26:39 | 204 |            0s |             ::1 | OPTIONS  "/api/suppliers?page=1&limit=1000&status=active"
[GIN] 2026/02/12 - 23:26:39 | 200 |      3.0564ms |             ::1 | GET      "/api/products?page=1&limit=10"
[GIN] 2026/02/12 - 23:26:39 | 200 |      5.1593ms |             ::1 | GET      "/api/suppliers?page=1&limit=1000&status=active"
[GIN] 2026/02/12 - 23:26:42 | 204 |            0s |             ::1 | OPTIONS  "/api/suppliers/1/sync-products"
[GIN] 2026/02/12 - 23:26:44 | 500 |    1.7140771s |             ::1 | POST     "/api/suppliers/1/sync-products"
[GIN] 2026/02/12 - 23:29:05 | 204 |            0s |             ::1 | OPTIONS  "/api/suppliers/1/sync-products"
[GIN] 2026/02/12 - 23:29:07 | 500 |    1.3687164s |             ::1 | POST     "/api/suppliers/1/sync-products"
[GIN-debug] [WARNING] Running in "debug" mode. Switch to "release" mode in production.
 - using env:	export GIN_MODE=release
 - using code:	gin.SetMode(gin.ReleaseMode)

[GIN-debug] POST   /api/auth/login           --> go-biz-admin/handlers.(*UserHandler).Login-fm (4 handlers)
[GIN-debug] POST   /api/auth/register        --> go-biz-admin/handlers.(*UserHandler).Register-fm (4 handlers)
[GIN-debug] GET    /api/users                --> go-biz-admin/handlers.(*UserHandler).GetUsers-fm (4 handlers)
[GIN-debug] POST   /api/users                --> go-biz-admin/handlers.(*UserHandler).Register-fm (4 handlers)
[GIN-debug] POST   /api/users/admin          --> go-biz-admin/handlers.(*UserHandler).CreateAdminAccount-fm (4 handlers)
[GIN-debug] GET    /api/user                 --> go-biz-admin/handlers.(*UserHandler).GetCurrentUser-fm (5 handlers)
[GIN-debug] GET    /api/suppliers            --> go-biz-admin/handlers.(*SystemHandler).GetSuppliers-fm (4 handlers)
[GIN-debug] GET    /api/suppliers/:id        --> go-biz-admin/handlers.(*SystemHandler).GetSupplier-fm (4 handlers)
[GIN-debug] POST   /api/suppliers            --> go-biz-admin/handlers.(*SystemHandler).CreateSupplier-fm (4 handlers)
[GIN-debug] DELETE /api/suppliers/:id        --> go-biz-admin/handlers.(*SystemHandler).DeleteSupplier-fm (4 handlers)
[GIN-debug] POST   /api/suppliers/:id/sync   --> go-biz-admin/handlers.(*SystemHandler).SyncSupplierInfo-fm (4 handlers)
[GIN-debug] POST   /api/suppliers/:id/sync-products --> go-biz-admin/handlers.(*SystemHandler).SyncProductsFromSupplier-fm (4 handlers)
[GIN-debug] GET    /api/zjmf/suppliers       --> go-biz-admin/handlers.(*ZJMFHandler).GetSuppliers-fm (4 handlers)
[GIN-debug] GET    /api/zjmf/user/:id        --> go-biz-admin/handlers.(*ZJMFHandler).GetUserDetail-fm (4 handlers)
[GIN-debug] POST   /api/zjmf/server          --> go-biz-admin/handlers.(*ZJMFHandler).CreateServer-fm (4 handlers)
[GIN-debug] POST   /api/zjmf/sync-servers    --> go-biz-admin/handlers.(*ZJMFHandler).SyncServers-fm (4 handlers)
[GIN-debug] POST   /api/zjmf/info            --> go-biz-admin/handlers.(*ZJMFHandler).GetInfo-fm (4 handlers)
[GIN-debug] POST   /api/zjmf/products        --> go-biz-admin/handlers.(*ZJMFHandler).GetProducts-fm (4 handlers)
[GIN-debug] GET    /api/tasks                --> go-biz-admin/handlers.(*SystemHandler).GetTasks-fm (5 handlers)
[GIN-debug] GET    /api/tasks/:id            --> go-biz-admin/handlers.(*SystemHandler).GetTask-fm (5 handlers)
[GIN-debug] POST   /api/tasks                --> go-biz-admin/handlers.(*SystemHandler).CreateTask-fm (5 handlers)
[GIN-debug] PUT    /api/tasks/:id            --> go-biz-admin/handlers.(*SystemHandler).UpdateTask-fm (5 handlers)
[GIN-debug] DELETE /api/tasks/:id            --> go-biz-admin/handlers.(*SystemHandler).DeleteTask-fm (5 handlers)
[GIN-debug] POST   /api/tasks/:id/run        --> go-biz-admin/handlers.(*SystemHandler).RunTask-fm (5 handlers)
[GIN-debug] GET    /api/orders/products      --> go-biz-admin/handlers.(*OrderHandler).GetProductOrders-fm (5 handlers)
[GIN-debug] GET    /api/orders/products/:id  --> go-biz-admin/handlers.(*OrderHandler).GetProductOrder-fm (5 handlers)
[GIN-debug] POST   /api/orders/products      --> go-biz-admin/handlers.(*OrderHandler).CreateProductOrder-fm (5 handlers)
[GIN-debug] PUT    /api/orders/products/:id  --> go-biz-admin/handlers.(*OrderHandler).UpdateProductOrder-fm (5 handlers)
[GIN-debug] GET    /api/orders/renewals      --> go-biz-admin/handlers.(*OrderHandler).GetRenewalOrders-fm (5 handlers)
[GIN-debug] GET    /api/orders/renewals/:id  --> go-biz-admin/handlers.(*OrderHandler).GetRenewalOrder-fm (5 handlers)
[GIN-debug] POST   /api/orders/renewals      --> go-biz-admin/handlers.(*OrderHandler).CreateRenewalOrder-fm (5 handlers)
[GIN-debug] PUT    /api/orders/renewals/:id  --> go-biz-admin/handlers.(*OrderHandler).UpdateRenewalOrder-fm (5 handlers)
[GIN-debug] GET    /api/finance/transactions --> go-biz-admin/handlers.(*FinanceHandler).GetTransactions-fm (5 handlers)
[GIN-debug] GET    /api/finance/transactions/:id --> go-biz-admin/handlers.(*FinanceHandler).GetTransaction-fm (5 handlers)
[GIN-debug] GET    /api/finance/bills        --> go-biz-admin/handlers.(*FinanceHandler).GetBills-fm (5 handlers)
[GIN-debug] GET    /api/finance/bills/:id    --> go-biz-admin/handlers.(*FinanceHandler).GetBill-fm (5 handlers)
[GIN-debug] PUT    /api/finance/bills/:id/pay --> go-biz-admin/handlers.(*FinanceHandler).PayBill-fm (5 handlers)
[GIN-debug] POST   /api/finance/bills        --> go-biz-admin/handlers.(*FinanceHandler).CreateBill-fm (5 handlers)
[GIN-debug] PUT    /api/finance/bills/:id    --> go-biz-admin/handlers.(*FinanceHandler).UpdateBill-fm (5 handlers)
[GIN-debug] GET    /api/tickets              --> go-biz-admin/handlers.(*TicketHandler).GetTickets-fm (5 handlers)
[GIN-debug] GET    /api/tickets/:id          --> go-biz-admin/handlers.(*TicketHandler).GetTicket-fm (5 handlers)
[GIN-debug] POST   /api/tickets              --> go-biz-admin/handlers.(*TicketHandler).CreateTicket-fm (5 handlers)
[GIN-debug] PUT    /api/tickets/:id          --> go-biz-admin/handlers.(*TicketHandler).UpdateTicket-fm (5 handlers)
[GIN-debug] GET    /api/tickets/stats        --> go-biz-admin/handlers.(*TicketHandler).GetTicketStats-fm (5 handlers)
[GIN-debug] GET    /api/system/settings      --> go-biz-admin/handlers.(*SystemHandler).GetSystemSettings-fm (5 handlers)
[GIN-debug] PUT    /api/system/settings      --> go-biz-admin/handlers.(*SystemHandler).UpdateSystemSettings-fm (5 handlers)
[GIN-debug] GET    /api/products             --> go-biz-admin/handlers.(*SystemHandler).GetProducts-fm (5 handlers)
[GIN-debug] GET    /api/products/:id         --> go-biz-admin/handlers.(*SystemHandler).GetProduct-fm (5 handlers)
[GIN-debug] POST   /api/products             --> go-biz-admin/handlers.(*SystemHandler).CreateProduct-fm (5 handlers)
[GIN-debug] PUT    /api/products/:id         --> go-biz-admin/handlers.(*SystemHandler).UpdateProduct-fm (5 handlers)
[GIN-debug] DELETE /api/products/:id         --> go-biz-admin/handlers.(*SystemHandler).DeleteProduct-fm (5 handlers)
[GIN-debug] GET    /admin/v1/supplier/:id    --> go-biz-admin/handlers.(*SystemHandler).AdminGetSupplierDetail-fm (6 handlers)
[GIN-debug] GET    /admin/v1/upstream/host   --> go-biz-admin/handlers.(*UpstreamProductHandler).GetProductList-fm (6 handlers)
[GIN-debug] GET    /admin/v1/upstream/host/:id --> go-biz-admin/handlers.(*UpstreamProductHandler).GetProductByID-fm (6 handlers)
[GIN-debug] POST   /admin/v1/upstream/host   --> go-biz-admin/handlers.(*UpstreamProductHandler).CreateProduct-fm (6 handlers)
[GIN-debug] PUT    /admin/v1/upstream/host/:id --> go-biz-admin/handlers.(*UpstreamProductHandler).UpdateProduct-fm (6 handlers)
[GIN-debug] DELETE /admin/v1/upstream/host/:id --> go-biz-admin/handlers.(*UpstreamProductHandler).DeleteProduct-fm (6 handlers)
[GIN-debug] GET    /admin/v1/upstream/host/status-options --> go-biz-admin/handlers.(*UpstreamProductHandler).GetStatusOptions-fm (6 handlers)
[GIN-debug] GET    /admin/v1/upstream/host/billing-cycle-options --> go-biz-admin/handlers.(*UpstreamProductHandler).GetBillingCycleOptions-fm (6 handlers)
[GIN-debug] [WARNING] You trusted all proxies, this is NOT safe. We recommend you to set a value.
Please check https://pkg.go.dev/github.com/gin-gonic/gin#readme-don-t-trust-all-proxies for details.
[GIN-debug] Listening and serving HTTP on :8081
[GIN] 2026/02/12 - 23:29:18 | 204 |            0s |             ::1 | OPTIONS  "/api/suppliers/1/sync-products"
[GIN] 2026/02/12 - 23:29:20 | 500 |    1.4823066s |             ::1 | POST     "/api/suppliers/1/sync-products"
[GIN-debug] [WARNING] Running in "debug" mode. Switch to "release" mode in production.
 - using env:	export GIN_MODE=release
 - using code:	gin.SetMode(gin.ReleaseMode)

[GIN-debug] POST   /api/auth/login           --> go-biz-admin/handlers.(*UserHandler).Login-fm (4 handlers)
[GIN-debug] POST   /api/auth/register        --> go-biz-admin/handlers.(*UserHandler).Register-fm (4 handlers)
[GIN-debug] GET    /api/users                --> go-biz-admin/handlers.(*UserHandler).GetUsers-fm (4 handlers)
[GIN-debug] POST   /api/users                --> go-biz-admin/handlers.(*UserHandler).Register-fm (4 handlers)
[GIN-debug] POST   /api/users/admin          --> go-biz-admin/handlers.(*UserHandler).CreateAdminAccount-fm (4 handlers)
[GIN-debug] GET    /api/user                 --> go-biz-admin/handlers.(*UserHandler).GetCurrentUser-fm (5 handlers)
[GIN-debug] GET    /api/suppliers            --> go-biz-admin/handlers.(*SystemHandler).GetSuppliers-fm (4 handlers)
[GIN-debug] GET    /api/suppliers/:id        --> go-biz-admin/handlers.(*SystemHandler).GetSupplier-fm (4 handlers)
[GIN-debug] POST   /api/suppliers            --> go-biz-admin/handlers.(*SystemHandler).CreateSupplier-fm (4 handlers)
[GIN-debug] DELETE /api/suppliers/:id        --> go-biz-admin/handlers.(*SystemHandler).DeleteSupplier-fm (4 handlers)
[GIN-debug] POST   /api/suppliers/:id/sync   --> go-biz-admin/handlers.(*SystemHandler).SyncSupplierInfo-fm (4 handlers)
[GIN-debug] POST   /api/suppliers/:id/sync-products --> go-biz-admin/handlers.(*SystemHandler).SyncProductsFromSupplier-fm (4 handlers)
[GIN-debug] GET    /api/zjmf/suppliers       --> go-biz-admin/handlers.(*ZJMFHandler).GetSuppliers-fm (4 handlers)
[GIN-debug] GET    /api/zjmf/user/:id        --> go-biz-admin/handlers.(*ZJMFHandler).GetUserDetail-fm (4 handlers)
[GIN-debug] POST   /api/zjmf/server          --> go-biz-admin/handlers.(*ZJMFHandler).CreateServer-fm (4 handlers)
[GIN-debug] POST   /api/zjmf/sync-servers    --> go-biz-admin/handlers.(*ZJMFHandler).SyncServers-fm (4 handlers)
[GIN-debug] POST   /api/zjmf/info            --> go-biz-admin/handlers.(*ZJMFHandler).GetInfo-fm (4 handlers)
[GIN-debug] POST   /api/zjmf/products        --> go-biz-admin/handlers.(*ZJMFHandler).GetProducts-fm (4 handlers)
[GIN-debug] GET    /api/tasks                --> go-biz-admin/handlers.(*SystemHandler).GetTasks-fm (5 handlers)
[GIN-debug] GET    /api/tasks/:id            --> go-biz-admin/handlers.(*SystemHandler).GetTask-fm (5 handlers)
[GIN-debug] POST   /api/tasks                --> go-biz-admin/handlers.(*SystemHandler).CreateTask-fm (5 handlers)
[GIN-debug] PUT    /api/tasks/:id            --> go-biz-admin/handlers.(*SystemHandler).UpdateTask-fm (5 handlers)
[GIN-debug] DELETE /api/tasks/:id            --> go-biz-admin/handlers.(*SystemHandler).DeleteTask-fm (5 handlers)
[GIN-debug] POST   /api/tasks/:id/run        --> go-biz-admin/handlers.(*SystemHandler).RunTask-fm (5 handlers)
[GIN-debug] GET    /api/orders/products      --> go-biz-admin/handlers.(*OrderHandler).GetProductOrders-fm (5 handlers)
[GIN-debug] GET    /api/orders/products/:id  --> go-biz-admin/handlers.(*OrderHandler).GetProductOrder-fm (5 handlers)
[GIN-debug] POST   /api/orders/products      --> go-biz-admin/handlers.(*OrderHandler).CreateProductOrder-fm (5 handlers)
[GIN-debug] PUT    /api/orders/products/:id  --> go-biz-admin/handlers.(*OrderHandler).UpdateProductOrder-fm (5 handlers)
[GIN-debug] GET    /api/orders/renewals      --> go-biz-admin/handlers.(*OrderHandler).GetRenewalOrders-fm (5 handlers)
[GIN-debug] GET    /api/orders/renewals/:id  --> go-biz-admin/handlers.(*OrderHandler).GetRenewalOrder-fm (5 handlers)
[GIN-debug] POST   /api/orders/renewals      --> go-biz-admin/handlers.(*OrderHandler).CreateRenewalOrder-fm (5 handlers)
[GIN-debug] PUT    /api/orders/renewals/:id  --> go-biz-admin/handlers.(*OrderHandler).UpdateRenewalOrder-fm (5 handlers)
[GIN-debug] GET    /api/finance/transactions --> go-biz-admin/handlers.(*FinanceHandler).GetTransactions-fm (5 handlers)
[GIN-debug] GET    /api/finance/transactions/:id --> go-biz-admin/handlers.(*FinanceHandler).GetTransaction-fm (5 handlers)
[GIN-debug] GET    /api/finance/bills        --> go-biz-admin/handlers.(*FinanceHandler).GetBills-fm (5 handlers)
[GIN-debug] GET    /api/finance/bills/:id    --> go-biz-admin/handlers.(*FinanceHandler).GetBill-fm (5 handlers)
[GIN-debug] PUT    /api/finance/bills/:id/pay --> go-biz-admin/handlers.(*FinanceHandler).PayBill-fm (5 handlers)
[GIN-debug] POST   /api/finance/bills        --> go-biz-admin/handlers.(*FinanceHandler).CreateBill-fm (5 handlers)
[GIN-debug] PUT    /api/finance/bills/:id    --> go-biz-admin/handlers.(*FinanceHandler).UpdateBill-fm (5 handlers)
[GIN-debug] GET    /api/tickets              --> go-biz-admin/handlers.(*TicketHandler).GetTickets-fm (5 handlers)
[GIN-debug] GET    /api/tickets/:id          --> go-biz-admin/handlers.(*TicketHandler).GetTicket-fm (5 handlers)
[GIN-debug] POST   /api/tickets              --> go-biz-admin/handlers.(*TicketHandler).CreateTicket-fm (5 handlers)
[GIN-debug] PUT    /api/tickets/:id          --> go-biz-admin/handlers.(*TicketHandler).UpdateTicket-fm (5 handlers)
[GIN-debug] GET    /api/tickets/stats        --> go-biz-admin/handlers.(*TicketHandler).GetTicketStats-fm (5 handlers)
[GIN-debug] GET    /api/system/settings      --> go-biz-admin/handlers.(*SystemHandler).GetSystemSettings-fm (5 handlers)
[GIN-debug] PUT    /api/system/settings      --> go-biz-admin/handlers.(*SystemHandler).UpdateSystemSettings-fm (5 handlers)
[GIN-debug] GET    /api/products             --> go-biz-admin/handlers.(*SystemHandler).GetProducts-fm (5 handlers)
[GIN-debug] GET    /api/products/:id         --> go-biz-admin/handlers.(*SystemHandler).GetProduct-fm (5 handlers)
[GIN-debug] POST   /api/products             --> go-biz-admin/handlers.(*SystemHandler).CreateProduct-fm (5 handlers)
[GIN-debug] PUT    /api/products/:id         --> go-biz-admin/handlers.(*SystemHandler).UpdateProduct-fm (5 handlers)
[GIN-debug] DELETE /api/products/:id         --> go-biz-admin/handlers.(*SystemHandler).DeleteProduct-fm (5 handlers)
[GIN-debug] GET    /admin/v1/supplier/:id    --> go-biz-admin/handlers.(*SystemHandler).AdminGetSupplierDetail-fm (6 handlers)
[GIN-debug] GET    /admin/v1/upstream/host   --> go-biz-admin/handlers.(*UpstreamProductHandler).GetProductList-fm (6 handlers)
[GIN-debug] GET    /admin/v1/upstream/host/:id --> go-biz-admin/handlers.(*UpstreamProductHandler).GetProductByID-fm (6 handlers)
[GIN-debug] POST   /admin/v1/upstream/host   --> go-biz-admin/handlers.(*UpstreamProductHandler).CreateProduct-fm (6 handlers)
[GIN-debug] PUT    /admin/v1/upstream/host/:id --> go-biz-admin/handlers.(*UpstreamProductHandler).UpdateProduct-fm (6 handlers)
[GIN-debug] DELETE /admin/v1/upstream/host/:id --> go-biz-admin/handlers.(*UpstreamProductHandler).DeleteProduct-fm (6 handlers)
[GIN-debug] GET    /admin/v1/upstream/host/status-options --> go-biz-admin/handlers.(*UpstreamProductHandler).GetStatusOptions-fm (6 handlers)
[GIN-debug] GET    /admin/v1/upstream/host/billing-cycle-options --> go-biz-admin/handlers.(*UpstreamProductHandler).GetBillingCycleOptions-fm (6 handlers)
[GIN-debug] [WARNING] You trusted all proxies, this is NOT safe. We recommend you to set a value.
Please check https://pkg.go.dev/github.com/gin-gonic/gin#readme-don-t-trust-all-proxies for details.
[GIN-debug] Listening and serving HTTP on :8081
[GIN] 2026/02/12 - 23:32:00 | 204 |            0s |             ::1 | OPTIONS  "/api/suppliers/1/sync-products"
[GIN] 2026/02/12 - 23:32:02 | 500 |    1.1926665s |             ::1 | POST     "/api/suppliers/1/sync-products"
[GIN-debug] [WARNING] Running in "debug" mode. Switch to "release" mode in production.
 - using env:	export GIN_MODE=release
 - using code:	gin.SetMode(gin.ReleaseMode)

[GIN-debug] POST   /api/auth/login           --> go-biz-admin/handlers.(*UserHandler).Login-fm (4 handlers)
[GIN-debug] POST   /api/auth/register        --> go-biz-admin/handlers.(*UserHandler).Register-fm (4 handlers)
[GIN-debug] GET    /api/users                --> go-biz-admin/handlers.(*UserHandler).GetUsers-fm (4 handlers)
[GIN-debug] POST   /api/users                --> go-biz-admin/handlers.(*UserHandler).Register-fm (4 handlers)
[GIN-debug] POST   /api/users/admin          --> go-biz-admin/handlers.(*UserHandler).CreateAdminAccount-fm (4 handlers)
[GIN-debug] GET    /api/user                 --> go-biz-admin/handlers.(*UserHandler).GetCurrentUser-fm (5 handlers)
[GIN-debug] GET    /api/suppliers            --> go-biz-admin/handlers.(*SystemHandler).GetSuppliers-fm (4 handlers)
[GIN-debug] GET    /api/suppliers/:id        --> go-biz-admin/handlers.(*SystemHandler).GetSupplier-fm (4 handlers)
[GIN-debug] POST   /api/suppliers            --> go-biz-admin/handlers.(*SystemHandler).CreateSupplier-fm (4 handlers)
[GIN-debug] DELETE /api/suppliers/:id        --> go-biz-admin/handlers.(*SystemHandler).DeleteSupplier-fm (4 handlers)
[GIN-debug] POST   /api/suppliers/:id/sync   --> go-biz-admin/handlers.(*SystemHandler).SyncSupplierInfo-fm (4 handlers)
[GIN-debug] POST   /api/suppliers/:id/sync-products --> go-biz-admin/handlers.(*SystemHandler).SyncProductsFromSupplier-fm (4 handlers)
[GIN-debug] GET    /api/zjmf/suppliers       --> go-biz-admin/handlers.(*ZJMFHandler).GetSuppliers-fm (4 handlers)
[GIN-debug] GET    /api/zjmf/user/:id        --> go-biz-admin/handlers.(*ZJMFHandler).GetUserDetail-fm (4 handlers)
[GIN-debug] POST   /api/zjmf/server          --> go-biz-admin/handlers.(*ZJMFHandler).CreateServer-fm (4 handlers)
[GIN-debug] POST   /api/zjmf/sync-servers    --> go-biz-admin/handlers.(*ZJMFHandler).SyncServers-fm (4 handlers)
[GIN-debug] POST   /api/zjmf/info            --> go-biz-admin/handlers.(*ZJMFHandler).GetInfo-fm (4 handlers)
[GIN-debug] POST   /api/zjmf/products        --> go-biz-admin/handlers.(*ZJMFHandler).GetProducts-fm (4 handlers)
[GIN-debug] GET    /api/tasks                --> go-biz-admin/handlers.(*SystemHandler).GetTasks-fm (5 handlers)
[GIN-debug] GET    /api/tasks/:id            --> go-biz-admin/handlers.(*SystemHandler).GetTask-fm (5 handlers)
[GIN-debug] POST   /api/tasks                --> go-biz-admin/handlers.(*SystemHandler).CreateTask-fm (5 handlers)
[GIN-debug] PUT    /api/tasks/:id            --> go-biz-admin/handlers.(*SystemHandler).UpdateTask-fm (5 handlers)
[GIN-debug] DELETE /api/tasks/:id            --> go-biz-admin/handlers.(*SystemHandler).DeleteTask-fm (5 handlers)
[GIN-debug] POST   /api/tasks/:id/run        --> go-biz-admin/handlers.(*SystemHandler).RunTask-fm (5 handlers)
[GIN-debug] GET    /api/orders/products      --> go-biz-admin/handlers.(*OrderHandler).GetProductOrders-fm (5 handlers)
[GIN-debug] GET    /api/orders/products/:id  --> go-biz-admin/handlers.(*OrderHandler).GetProductOrder-fm (5 handlers)
[GIN-debug] POST   /api/orders/products      --> go-biz-admin/handlers.(*OrderHandler).CreateProductOrder-fm (5 handlers)
[GIN-debug] PUT    /api/orders/products/:id  --> go-biz-admin/handlers.(*OrderHandler).UpdateProductOrder-fm (5 handlers)
[GIN-debug] GET    /api/orders/renewals      --> go-biz-admin/handlers.(*OrderHandler).GetRenewalOrders-fm (5 handlers)
[GIN-debug] GET    /api/orders/renewals/:id  --> go-biz-admin/handlers.(*OrderHandler).GetRenewalOrder-fm (5 handlers)
[GIN-debug] POST   /api/orders/renewals      --> go-biz-admin/handlers.(*OrderHandler).CreateRenewalOrder-fm (5 handlers)
[GIN-debug] PUT    /api/orders/renewals/:id  --> go-biz-admin/handlers.(*OrderHandler).UpdateRenewalOrder-fm (5 handlers)
[GIN-debug] GET    /api/finance/transactions --> go-biz-admin/handlers.(*FinanceHandler).GetTransactions-fm (5 handlers)
[GIN-debug] GET    /api/finance/transactions/:id --> go-biz-admin/handlers.(*FinanceHandler).GetTransaction-fm (5 handlers)
[GIN-debug] GET    /api/finance/bills        --> go-biz-admin/handlers.(*FinanceHandler).GetBills-fm (5 handlers)
[GIN-debug] GET    /api/finance/bills/:id    --> go-biz-admin/handlers.(*FinanceHandler).GetBill-fm (5 handlers)
[GIN-debug] PUT    /api/finance/bills/:id/pay --> go-biz-admin/handlers.(*FinanceHandler).PayBill-fm (5 handlers)
[GIN-debug] POST   /api/finance/bills        --> go-biz-admin/handlers.(*FinanceHandler).CreateBill-fm (5 handlers)
[GIN-debug] PUT    /api/finance/bills/:id    --> go-biz-admin/handlers.(*FinanceHandler).UpdateBill-fm (5 handlers)
[GIN-debug] GET    /api/tickets              --> go-biz-admin/handlers.(*TicketHandler).GetTickets-fm (5 handlers)
[GIN-debug] GET    /api/tickets/:id          --> go-biz-admin/handlers.(*TicketHandler).GetTicket-fm (5 handlers)
[GIN-debug] POST   /api/tickets              --> go-biz-admin/handlers.(*TicketHandler).CreateTicket-fm (5 handlers)
[GIN-debug] PUT    /api/tickets/:id          --> go-biz-admin/handlers.(*TicketHandler).UpdateTicket-fm (5 handlers)
[GIN-debug] GET    /api/tickets/stats        --> go-biz-admin/handlers.(*TicketHandler).GetTicketStats-fm (5 handlers)
[GIN-debug] GET    /api/system/settings      --> go-biz-admin/handlers.(*SystemHandler).GetSystemSettings-fm (5 handlers)
[GIN-debug] PUT    /api/system/settings      --> go-biz-admin/handlers.(*SystemHandler).UpdateSystemSettings-fm (5 handlers)
[GIN-debug] GET    /api/products             --> go-biz-admin/handlers.(*SystemHandler).GetProducts-fm (5 handlers)
[GIN-debug] GET    /api/products/:id         --> go-biz-admin/handlers.(*SystemHandler).GetProduct-fm (5 handlers)
[GIN-debug] POST   /api/products             --> go-biz-admin/handlers.(*SystemHandler).CreateProduct-fm (5 handlers)
[GIN-debug] PUT    /api/products/:id         --> go-biz-admin/handlers.(*SystemHandler).UpdateProduct-fm (5 handlers)
[GIN-debug] DELETE /api/products/:id         --> go-biz-admin/handlers.(*SystemHandler).DeleteProduct-fm (5 handlers)
[GIN-debug] GET    /admin/v1/supplier/:id    --> go-biz-admin/handlers.(*SystemHandler).AdminGetSupplierDetail-fm (6 handlers)
[GIN-debug] GET    /admin/v1/upstream/host   --> go-biz-admin/handlers.(*UpstreamProductHandler).GetProductList-fm (6 handlers)
[GIN-debug] GET    /admin/v1/upstream/host/:id --> go-biz-admin/handlers.(*UpstreamProductHandler).GetProductByID-fm (6 handlers)
[GIN-debug] POST   /admin/v1/upstream/host   --> go-biz-admin/handlers.(*UpstreamProductHandler).CreateProduct-fm (6 handlers)
[GIN-debug] PUT    /admin/v1/upstream/host/:id --> go-biz-admin/handlers.(*UpstreamProductHandler).UpdateProduct-fm (6 handlers)
[GIN-debug] DELETE /admin/v1/upstream/host/:id --> go-biz-admin/handlers.(*UpstreamProductHandler).DeleteProduct-fm (6 handlers)
[GIN-debug] GET    /admin/v1/upstream/host/status-options --> go-biz-admin/handlers.(*UpstreamProductHandler).GetStatusOptions-fm (6 handlers)
[GIN-debug] GET    /admin/v1/upstream/host/billing-cycle-options --> go-biz-admin/handlers.(*UpstreamProductHandler).GetBillingCycleOptions-fm (6 handlers)
[GIN-debug] [WARNING] You trusted all proxies, this is NOT safe. We recommend you to set a value.
Please check https://pkg.go.dev/github.com/gin-gonic/gin#readme-don-t-trust-all-proxies for details.
[GIN-debug] Listening and serving HTTP on :8081
[GIN] 2026/02/12 - 23:35:13 | 204 |            0s |             ::1 | OPTIONS  "/api/suppliers/1/sync-products"
[GIN] 2026/02/12 - 23:35:15 | 500 |    1.8000414s |             ::1 | POST     "/api/suppliers/1/sync-products"
